title,url,content,clean_text,clean_text_nostop,sentiment_score,sentiment_label
Sambutan Presiden pada Akad Massal 62.000 Unit KPR Rumah Subsidi dan KUR Perumahan Sebesar Rp880 Miliar,https://www.setneg.go.id/baca/index/sambutan_presiden_pada_akad_massal_62000_unit_kpr_rumah_subsidi_dan_kur_perumahan_sebesar_rp880_miliar,Bismillahirrahmanirrahim.,bismillahirrahmanirrahim,bismillahirrahmanirrahim,0,netral
Sambutan Presiden pada Akad Massal 62.000 Unit KPR Rumah Subsidi dan KUR Perumahan Sebesar Rp880 Miliar,https://www.setneg.go.id/baca/index/sambutan_presiden_pada_akad_massal_62000_unit_kpr_rumah_subsidi_dan_kur_perumahan_sebesar_rp880_miliar,"Assalamu’alaikum warahmatullahi wabarakatuh,Selamat siang,Salam sejahtera bagi kita sekalian,Syalom,Salve,Om swastiastu,Namo Buddhaya,Salam kebajikan,Rahayu rahayu.",assalamu alaikum warahmatullahi wabarakatuh selamat siang salam sejahtera bagi kita sekalian syalom salve om swastiastu namo buddhaya salam kebajikan rahayu rahayu,assalamu alaikum warahmatullahi wabarakatuh selamat siang salam sejahtera kita sekalian syalom salve om swastiastu namo buddhaya salam kebajikan rahayu rahayu,7,positif
Sambutan Presiden pada Akad Massal 62.000 Unit KPR Rumah Subsidi dan KUR Perumahan Sebesar Rp880 Miliar,https://www.setneg.go.id/baca/index/sambutan_presiden_pada_akad_massal_62000_unit_kpr_rumah_subsidi_dan_kur_perumahan_sebesar_rp880_miliar,"Yang saya hormati Menteri Perumahan dan Kawasan Permukiman Saudara Maruarar Sirait, beserta seluruh jajaran Kementerian Perumahan dan Kawasan Permukiman yang hadir;Ketua Dewan Perwakilan Daerah Republik Indonesia Saudara Sultan Bachtiar Najamudin.",yang saya hormati menteri perumahan dan kawasan permukiman saudara maruarar sirait beserta seluruh jajaran kementerian perumahan dan kawasan permukiman yang hadir ketua dewan perwakilan daerah republik indonesia saudara sultan bachtiar najamudin,saya hormati menteri perumahan kawasan permukiman saudara maruarar sirait beserta seluruh jajaran kementerian perumahan kawasan permukiman hadir ketua dewan perwakilan daerah republik indonesia saudara sultan bachtiar najamudin,-3,negatif
Sambutan Presiden pada Akad Massal 62.000 Unit KPR Rumah Subsidi dan KUR Perumahan Sebesar Rp880 Miliar,https://www.setneg.go.id/baca/index/sambutan_presiden_pada_akad_massal_62000_unit_kpr_rumah_subsidi_dan_kur_perumahan_sebesar_rp880_miliar,"Para Menteri Koordinator, para Menteri, Jaksa Agung, Panglima TNI.",para menteri koordinator para menteri jaksa agung panglima tni,menteri koordinator menteri jaksa agung panglima tni,5,positif
Sambutan Presiden pada Akad Massal 62.000 Unit KPR Rumah Subsidi dan KUR Perumahan Sebesar Rp880 Miliar,https://www.setneg.go.id/baca/index/sambutan_presiden_pada_akad_massal_62000_unit_kpr_rumah_subsidi_dan_kur_perumahan_sebesar_rp880_miliar,"Saya ulangi, ya, Jaksa Agung, Kapolri.",saya ulangi ya jaksa agung kapolri,ulangi jaksa agung kapolri,0,netral
Sambutan Presiden pada Akad Massal 62.000 Unit KPR Rumah Subsidi dan KUR Perumahan Sebesar Rp880 Miliar,https://www.setneg.go.id/baca/index/sambutan_presiden_pada_akad_massal_62000_unit_kpr_rumah_subsidi_dan_kur_perumahan_sebesar_rp880_miliar,"Selalu berdekatan, baru Panglima TNI;Kepala Badan dan para Wakil Menteri, serta seluruh anggota Kabinet Merah Putih yang hadir, yang daftarnya terlampir.",selalu berdekatan baru panglima tni kepala badan dan para wakil menteri serta seluruh anggota kabinet merah putih yang hadir yang daftarnya terlampir,selalu berdekatan baru panglima tni kepala badan para wakil menteri seluruh anggota kabinet merah putih hadir daftarnya terlampir,-18,negatif
Sambutan Presiden pada Akad Massal 62.000 Unit KPR Rumah Subsidi dan KUR Perumahan Sebesar Rp880 Miliar,https://www.setneg.go.id/baca/index/sambutan_presiden_pada_akad_massal_62000_unit_kpr_rumah_subsidi_dan_kur_perumahan_sebesar_rp880_miliar,"Di sini ada 40 nama, tapi sebagian sudah disebut tadi.",di sini ada nama tapi sebagian sudah disebut tadi,sini nama sebagian disebut tadi,0,netral
Sambutan Presiden pada Akad Massal 62.000 Unit KPR Rumah Subsidi dan KUR Perumahan Sebesar Rp880 Miliar,https://www.setneg.go.id/baca/index/sambutan_presiden_pada_akad_massal_62000_unit_kpr_rumah_subsidi_dan_kur_perumahan_sebesar_rp880_miliar,Perlu disebut lagi?,perlu disebut lagi,perlu disebut,2,positif
Sambutan Presiden pada Akad Massal 62.000 Unit KPR Rumah Subsidi dan KUR Perumahan Sebesar Rp880 Miliar,https://www.setneg.go.id/baca/index/sambutan_presiden_pada_akad_massal_62000_unit_kpr_rumah_subsidi_dan_kur_perumahan_sebesar_rp880_miliar,"Enggak apa-apa ya, tidak mengurangi rasa hormat ya.",enggak apa apa ya tidak mengurangi rasa hormat ya,enggak apa apa tidak mengurangi rasa hormat,-13,negatif
Sambutan Presiden pada Akad Massal 62.000 Unit KPR Rumah Subsidi dan KUR Perumahan Sebesar Rp880 Miliar,https://www.setneg.go.id/baca/index/sambutan_presiden_pada_akad_massal_62000_unit_kpr_rumah_subsidi_dan_kur_perumahan_sebesar_rp880_miliar,"Tapi ada, di sini ada, apa, yang saya sebut, saya kira tadi.",tapi ada di sini ada apa yang saya sebut saya kira tadi,sini ada apa sebut saya kira tadi,-11,negatif
Sambutan Presiden pada Akad Massal 62.000 Unit KPR Rumah Subsidi dan KUR Perumahan Sebesar Rp880 Miliar,https://www.setneg.go.id/baca/index/sambutan_presiden_pada_akad_massal_62000_unit_kpr_rumah_subsidi_dan_kur_perumahan_sebesar_rp880_miliar,"Menteri Perumahan, salah tadi bukan, ini, apa, Ibu Destry sekarang adalah pejabat, Pejabat Gubernur Sementara, PGS, ya, singkatannya, Pejabat Gubernur Sementara.",menteri perumahan salah tadi bukan ini apa ibu destry sekarang adalah pejabat pejabat gubernur sementara pgs ya singkatannya pejabat gubernur sementara,menteri perumahan salah tadi bukan apa ibu destry sekarang pejabat pejabat gubernur pgs singkatannya pejabat gubernur,-19,negatif
Sambutan Presiden pada Akad Massal 62.000 Unit KPR Rumah Subsidi dan KUR Perumahan Sebesar Rp880 Miliar,https://www.setneg.go.id/baca/index/sambutan_presiden_pada_akad_massal_62000_unit_kpr_rumah_subsidi_dan_kur_perumahan_sebesar_rp880_miliar,Jadi pejabat.,jadi pejabat,jadi pejabat,-5,negatif
Sambutan Presiden pada Akad Massal 62.000 Unit KPR Rumah Subsidi dan KUR Perumahan Sebesar Rp880 Miliar,https://www.setneg.go.id/baca/index/sambutan_presiden_pada_akad_massal_62000_unit_kpr_rumah_subsidi_dan_kur_perumahan_sebesar_rp880_miliar,"Kayaknya,gimana?",kayaknya gimana,kayaknya gimana,-3,negatif
Sambutan Presiden pada Akad Massal 62.000 Unit KPR Rumah Subsidi dan KUR Perumahan Sebesar Rp880 Miliar,https://www.setneg.go.id/baca/index/sambutan_presiden_pada_akad_massal_62000_unit_kpr_rumah_subsidi_dan_kur_perumahan_sebesar_rp880_miliar,Oke.,oke,oke,2,positif
Sambutan Presiden pada Akad Massal 62.000 Unit KPR Rumah Subsidi dan KUR Perumahan Sebesar Rp880 Miliar,https://www.setneg.go.id/baca/index/sambutan_presiden_pada_akad_massal_62000_unit_kpr_rumah_subsidi_dan_kur_perumahan_sebesar_rp880_miliar,"Terserah DPR nanti, ya, kira-kira.",terserah dpr nanti ya kira kira,terserah dpr ya kira kira,-3,negatif
Sambutan Presiden pada Akad Massal 62.000 Unit KPR Rumah Subsidi dan KUR Perumahan Sebesar Rp880 Miliar,https://www.setneg.go.id/baca/index/sambutan_presiden_pada_akad_massal_62000_unit_kpr_rumah_subsidi_dan_kur_perumahan_sebesar_rp880_miliar,"Jadi saya tidak sebut, ya, Menteri-menteri.",jadi saya tidak sebut ya menteri menteri,jadi tidak sebut menteri menteri,-7,negatif
Sambutan Presiden pada Akad Massal 62.000 Unit KPR Rumah Subsidi dan KUR Perumahan Sebesar Rp880 Miliar,https://www.setneg.go.id/baca/index/sambutan_presiden_pada_akad_massal_62000_unit_kpr_rumah_subsidi_dan_kur_perumahan_sebesar_rp880_miliar,"Ini Menteri-menteri ini jago-jago semua ini, Menteri-Menteri saya, Menko-Menko saya semua, ya.",ini menteri menteri ini jago jago semua ini menteri menteri saya menko menko saya semua ya,menteri menteri jago jago semua menteri menteri menko menko semua,0,netral
Sambutan Presiden pada Akad Massal 62.000 Unit KPR Rumah Subsidi dan KUR Perumahan Sebesar Rp880 Miliar,https://www.setneg.go.id/baca/index/sambutan_presiden_pada_akad_massal_62000_unit_kpr_rumah_subsidi_dan_kur_perumahan_sebesar_rp880_miliar,"Kepala Badan, Wakil Menterinya juga jagoan semua, ya.",kepala badan wakil menterinya juga jagoan semua ya,kepala badan wakil menterinya jagoan semua,-3,negatif
Sambutan Presiden pada Akad Massal 62.000 Unit KPR Rumah Subsidi dan KUR Perumahan Sebesar Rp880 Miliar,https://www.setneg.go.id/baca/index/sambutan_presiden_pada_akad_massal_62000_unit_kpr_rumah_subsidi_dan_kur_perumahan_sebesar_rp880_miliar,"Tadi Menteri UMKM juga kumisnya gagah sekali, kok, itu, dari Kerala keturunannya.",tadi menteri umkm juga kumisnya gagah sekali kok itu dari kerala keturunannya,tadi menteri umkm kumisnya gagah sekali kok dari kerala keturunannya,-5,negatif
Sambutan Presiden pada Akad Massal 62.000 Unit KPR Rumah Subsidi dan KUR Perumahan Sebesar Rp880 Miliar,https://www.setneg.go.id/baca/index/sambutan_presiden_pada_akad_massal_62000_unit_kpr_rumah_subsidi_dan_kur_perumahan_sebesar_rp880_miliar,"Dia senang, Perdana Menteri Modi datang dia senang sekali itu.",dia senang perdana menteri modi datang dia senang sekali itu,senang perdana menteri modi datang senang sekali,-13,negatif
Sambutan Presiden pada Akad Massal 62.000 Unit KPR Rumah Subsidi dan KUR Perumahan Sebesar Rp880 Miliar,https://www.setneg.go.id/baca/index/sambutan_presiden_pada_akad_massal_62000_unit_kpr_rumah_subsidi_dan_kur_perumahan_sebesar_rp880_miliar,"Saya kira kau keturunan Gujarat, ternyata bukan.",saya kira kau keturunan gujarat ternyata bukan,kira kau keturunan gujarat ternyata bukan,-5,negatif
Sambutan Presiden pada Akad Massal 62.000 Unit KPR Rumah Subsidi dan KUR Perumahan Sebesar Rp880 Miliar,https://www.setneg.go.id/baca/index/sambutan_presiden_pada_akad_massal_62000_unit_kpr_rumah_subsidi_dan_kur_perumahan_sebesar_rp880_miliar,"Kerala, Kerala.",kerala kerala,kerala kerala,0,netral
Sambutan Presiden pada Akad Massal 62.000 Unit KPR Rumah Subsidi dan KUR Perumahan Sebesar Rp880 Miliar,https://www.setneg.go.id/baca/index/sambutan_presiden_pada_akad_massal_62000_unit_kpr_rumah_subsidi_dan_kur_perumahan_sebesar_rp880_miliar,"Para Kepala Daerah yang hadir, Gubernur Jawa Tengah Komisaris Jenderal Polisi (Purn.) Ahmad Luthfi beserta Forkopimda Jawa Tengah, ya.",para kepala daerah yang hadir gubernur jawa tengah komisaris jenderal polisi purn ahmad luthfi beserta forkopimda jawa tengah ya,kepala daerah hadir gubernur jawa tengah komisaris jenderal polisi purn ahmad luthfi beserta forkopimda jawa tengah,1,positif
Sambutan Presiden pada Akad Massal 62.000 Unit KPR Rumah Subsidi dan KUR Perumahan Sebesar Rp880 Miliar,https://www.setneg.go.id/baca/index/sambutan_presiden_pada_akad_massal_62000_unit_kpr_rumah_subsidi_dan_kur_perumahan_sebesar_rp880_miliar,"Panglima, Kapolda, Kepala Kejaksaan, Kajati.",panglima kapolda kepala kejaksaan kajati,panglima kapolda kepala kejaksaan kajati,3,positif
Sambutan Presiden pada Akad Massal 62.000 Unit KPR Rumah Subsidi dan KUR Perumahan Sebesar Rp880 Miliar,https://www.setneg.go.id/baca/index/sambutan_presiden_pada_akad_massal_62000_unit_kpr_rumah_subsidi_dan_kur_perumahan_sebesar_rp880_miliar,Terima kasih kehadiran.,terima kasih kehadiran,terima kasih kehadiran,4,positif
Sambutan Presiden pada Akad Massal 62.000 Unit KPR Rumah Subsidi dan KUR Perumahan Sebesar Rp880 Miliar,https://www.setneg.go.id/baca/index/sambutan_presiden_pada_akad_massal_62000_unit_kpr_rumah_subsidi_dan_kur_perumahan_sebesar_rp880_miliar,"Nah, itu benar itu, Kapolda dan Jaksa duduk dekat-dekatan.",nah itu benar itu kapolda dan jaksa duduk dekat dekatan,nah benar kapolda jaksa duduk dekat dekatan,-8,negatif
Sambutan Presiden pada Akad Massal 62.000 Unit KPR Rumah Subsidi dan KUR Perumahan Sebesar Rp880 Miliar,https://www.setneg.go.id/baca/index/sambutan_presiden_pada_akad_massal_62000_unit_kpr_rumah_subsidi_dan_kur_perumahan_sebesar_rp880_miliar,"Jadi, apa, jadi enak gitu, ya, sejuk.",jadi apa jadi enak gitu ya sejuk,jadi apa jadi enak gitu sejuk,-11,negatif
Sambutan Presiden pada Akad Massal 62.000 Unit KPR Rumah Subsidi dan KUR Perumahan Sebesar Rp880 Miliar,https://www.setneg.go.id/baca/index/sambutan_presiden_pada_akad_massal_62000_unit_kpr_rumah_subsidi_dan_kur_perumahan_sebesar_rp880_miliar,"Semua senang, kok.",semua senang kok,semua senang kok,-7,negatif
Sambutan Presiden pada Akad Massal 62.000 Unit KPR Rumah Subsidi dan KUR Perumahan Sebesar Rp880 Miliar,https://www.setneg.go.id/baca/index/sambutan_presiden_pada_akad_massal_62000_unit_kpr_rumah_subsidi_dan_kur_perumahan_sebesar_rp880_miliar,"Gubernur Jawa Barat yang saya hormati Saudara KDM, Saudara Dedi Mulyadi.",gubernur jawa barat yang saya hormati saudara kdm saudara dedi mulyadi,gubernur jawa barat saya hormati saudara kdm saudara dedi mulyadi,-3,negatif
Sambutan Presiden pada Akad Massal 62.000 Unit KPR Rumah Subsidi dan KUR Perumahan Sebesar Rp880 Miliar,https://www.setneg.go.id/baca/index/sambutan_presiden_pada_akad_massal_62000_unit_kpr_rumah_subsidi_dan_kur_perumahan_sebesar_rp880_miliar,Sepatunya harus putih juga itu.,sepatunya harus putih juga itu,sepatunya putih itu,-6,negatif
Sambutan Presiden pada Akad Massal 62.000 Unit KPR Rumah Subsidi dan KUR Perumahan Sebesar Rp880 Miliar,https://www.setneg.go.id/baca/index/sambutan_presiden_pada_akad_massal_62000_unit_kpr_rumah_subsidi_dan_kur_perumahan_sebesar_rp880_miliar,Tali sepatu warnanya apa itu?,tali sepatu warnanya apa itu,tali sepatu warnanya apa,0,netral
Sambutan Presiden pada Akad Massal 62.000 Unit KPR Rumah Subsidi dan KUR Perumahan Sebesar Rp880 Miliar,https://www.setneg.go.id/baca/index/sambutan_presiden_pada_akad_massal_62000_unit_kpr_rumah_subsidi_dan_kur_perumahan_sebesar_rp880_miliar,Merah?,merah,merah,-3,negatif
Sambutan Presiden pada Akad Massal 62.000 Unit KPR Rumah Subsidi dan KUR Perumahan Sebesar Rp880 Miliar,https://www.setneg.go.id/baca/index/sambutan_presiden_pada_akad_massal_62000_unit_kpr_rumah_subsidi_dan_kur_perumahan_sebesar_rp880_miliar,Talinya apa?,talinya apa,talinya apa,-3,negatif
Sambutan Presiden pada Akad Massal 62.000 Unit KPR Rumah Subsidi dan KUR Perumahan Sebesar Rp880 Miliar,https://www.setneg.go.id/baca/index/sambutan_presiden_pada_akad_massal_62000_unit_kpr_rumah_subsidi_dan_kur_perumahan_sebesar_rp880_miliar,"Cokelat;Yang saya hormati Gubernur Jawa Timur Saudari Khofifah Indar Parawansa.Para Bupati dan Wali Kota yang hadir semuanya ada 18, jadi enggak terlalu banyak.",cokelat yang saya hormati gubernur jawa timur saudari khofifah indar parawansa para bupati dan wali kota yang hadir semuanya ada jadi enggak terlalu banyak,cokelat saya hormati gubernur jawa timur saudari khofifah indar parawansa bupati wali kota hadir semuanya jadi enggak terlalu banyak,-18,negatif
Sambutan Presiden pada Akad Massal 62.000 Unit KPR Rumah Subsidi dan KUR Perumahan Sebesar Rp880 Miliar,https://www.setneg.go.id/baca/index/sambutan_presiden_pada_akad_massal_62000_unit_kpr_rumah_subsidi_dan_kur_perumahan_sebesar_rp880_miliar,Perlu saya sebut satu-satu?,perlu saya sebut satu satu,perlu sebut satu satu,0,netral
Sambutan Presiden pada Akad Massal 62.000 Unit KPR Rumah Subsidi dan KUR Perumahan Sebesar Rp880 Miliar,https://www.setneg.go.id/baca/index/sambutan_presiden_pada_akad_massal_62000_unit_kpr_rumah_subsidi_dan_kur_perumahan_sebesar_rp880_miliar,Perlu?,perlu,perlu,2,positif
Sambutan Presiden pada Akad Massal 62.000 Unit KPR Rumah Subsidi dan KUR Perumahan Sebesar Rp880 Miliar,https://www.setneg.go.id/baca/index/sambutan_presiden_pada_akad_massal_62000_unit_kpr_rumah_subsidi_dan_kur_perumahan_sebesar_rp880_miliar,"Perlu, ya?",perlu ya,perlu,2,positif
Sambutan Presiden pada Akad Massal 62.000 Unit KPR Rumah Subsidi dan KUR Perumahan Sebesar Rp880 Miliar,https://www.setneg.go.id/baca/index/sambutan_presiden_pada_akad_massal_62000_unit_kpr_rumah_subsidi_dan_kur_perumahan_sebesar_rp880_miliar,Kasihan mereka sudah datang jauh-jauh.,kasihan mereka sudah datang jauh jauh,kasihan sudah datang jauh jauh,-17,negatif
Sambutan Presiden pada Akad Massal 62.000 Unit KPR Rumah Subsidi dan KUR Perumahan Sebesar Rp880 Miliar,https://www.setneg.go.id/baca/index/sambutan_presiden_pada_akad_massal_62000_unit_kpr_rumah_subsidi_dan_kur_perumahan_sebesar_rp880_miliar,Bupati Batang Saudara Faiz Kurniawan; Bupati Banjarnegara Saudari Amalia Desiana; Bupati Brebes Saudara Paramitha Widya Kusuma; Bupati Karanganyar Saudara Rober Christanto.,bupati batang saudara faiz kurniawan bupati banjarnegara saudari amalia desiana bupati brebes saudara paramitha widya kusuma bupati karanganyar saudara rober christanto,bupati batang saudara faiz kurniawan bupati banjarnegara saudari amalia desiana bupati brebes saudara paramitha widya kusuma bupati karanganyar saudara rober christanto,0,netral
Sambutan Presiden pada Akad Massal 62.000 Unit KPR Rumah Subsidi dan KUR Perumahan Sebesar Rp880 Miliar,https://www.setneg.go.id/baca/index/sambutan_presiden_pada_akad_massal_62000_unit_kpr_rumah_subsidi_dan_kur_perumahan_sebesar_rp880_miliar,"Karanganyar, oh, enggak hadir.",karanganyar oh enggak hadir,karanganyar enggak hadir,-3,negatif
Sambutan Presiden pada Akad Massal 62.000 Unit KPR Rumah Subsidi dan KUR Perumahan Sebesar Rp880 Miliar,https://www.setneg.go.id/baca/index/sambutan_presiden_pada_akad_massal_62000_unit_kpr_rumah_subsidi_dan_kur_perumahan_sebesar_rp880_miliar,Coba dicatat.,coba dicatat,coba dicatat,-1,negatif
Sambutan Presiden pada Akad Massal 62.000 Unit KPR Rumah Subsidi dan KUR Perumahan Sebesar Rp880 Miliar,https://www.setneg.go.id/baca/index/sambutan_presiden_pada_akad_massal_62000_unit_kpr_rumah_subsidi_dan_kur_perumahan_sebesar_rp880_miliar,Bupati Kendal Saudara Dyah Kartika Permanasari; Bupati Klaten Saudara Hamenang Wajar Ismoyo.,bupati kendal saudara dyah kartika permanasari bupati klaten saudara hamenang wajar ismoyo,bupati kendal saudara dyah kartika permanasari bupati klaten saudara hamenang wajar ismoyo,-5,negatif
Sambutan Presiden pada Akad Massal 62.000 Unit KPR Rumah Subsidi dan KUR Perumahan Sebesar Rp880 Miliar,https://www.setneg.go.id/baca/index/sambutan_presiden_pada_akad_massal_62000_unit_kpr_rumah_subsidi_dan_kur_perumahan_sebesar_rp880_miliar,Terima kasih.,terima kasih,terima kasih,1,positif
Sambutan Presiden pada Akad Massal 62.000 Unit KPR Rumah Subsidi dan KUR Perumahan Sebesar Rp880 Miliar,https://www.setneg.go.id/baca/index/sambutan_presiden_pada_akad_massal_62000_unit_kpr_rumah_subsidi_dan_kur_perumahan_sebesar_rp880_miliar,Bupati Purbalingga Saudara Fahmi Muhammad Hanif; Bupati Rembang Saudara Harno.,bupati purbalingga saudara fahmi muhammad hanif bupati rembang saudara harno,bupati purbalingga saudara fahmi muhammad hanif bupati rembang saudara harno,0,netral
Sambutan Presiden pada Akad Massal 62.000 Unit KPR Rumah Subsidi dan KUR Perumahan Sebesar Rp880 Miliar,https://www.setneg.go.id/baca/index/sambutan_presiden_pada_akad_massal_62000_unit_kpr_rumah_subsidi_dan_kur_perumahan_sebesar_rp880_miliar,Terima kasih.,terima kasih,terima kasih,1,positif
Sambutan Presiden pada Akad Massal 62.000 Unit KPR Rumah Subsidi dan KUR Perumahan Sebesar Rp880 Miliar,https://www.setneg.go.id/baca/index/sambutan_presiden_pada_akad_massal_62000_unit_kpr_rumah_subsidi_dan_kur_perumahan_sebesar_rp880_miliar,Bupati Semarang Saudara Ngesti Nugraha; Bupati Sragen Saudara Sigit Pamungkas.,bupati semarang saudara ngesti nugraha bupati sragen saudara sigit pamungkas,bupati semarang saudara ngesti nugraha bupati sragen saudara sigit pamungkas,0,netral
Sambutan Presiden pada Akad Massal 62.000 Unit KPR Rumah Subsidi dan KUR Perumahan Sebesar Rp880 Miliar,https://www.setneg.go.id/baca/index/sambutan_presiden_pada_akad_massal_62000_unit_kpr_rumah_subsidi_dan_kur_perumahan_sebesar_rp880_miliar,Wali Kota Tegal Saudara Dedy Yon Supriyono; Wali Kota Pekalongan Saudara Achmad Afzan Arslan Djunaid; Wali Kota Salatiga Saudara Robby Hernawan.,wali kota tegal saudara dedy yon supriyono wali kota pekalongan saudara achmad afzan arslan djunaid wali kota salatiga saudara robby hernawan,wali kota tegal saudara dedy yon supriyono wali kota pekalongan saudara achmad afzan arslan djunaid wali kota salatiga saudara robby hernawan,-7,negatif
Sambutan Presiden pada Akad Massal 62.000 Unit KPR Rumah Subsidi dan KUR Perumahan Sebesar Rp880 Miliar,https://www.setneg.go.id/baca/index/sambutan_presiden_pada_akad_massal_62000_unit_kpr_rumah_subsidi_dan_kur_perumahan_sebesar_rp880_miliar,Wakil Bupati Tegal Saudara Ahmad Kholid; Wakil Bupati Grobogan Saudara Sugeng Prasetyo; Wakil Bupati Brebes Saudara Wurja.,wakil bupati tegal saudara ahmad kholid wakil bupati grobogan saudara sugeng prasetyo wakil bupati brebes saudara wurja,wakil bupati tegal saudara ahmad kholid wakil bupati grobogan saudara sugeng prasetyo wakil bupati brebes saudara wurja,-4,negatif
Sambutan Presiden pada Akad Massal 62.000 Unit KPR Rumah Subsidi dan KUR Perumahan Sebesar Rp880 Miliar,https://www.setneg.go.id/baca/index/sambutan_presiden_pada_akad_massal_62000_unit_kpr_rumah_subsidi_dan_kur_perumahan_sebesar_rp880_miliar,Plt Bupati Pati Saudara Risma Ardhi Chandra; Plt Bupati Pekalongan Saudara Sukirman.,plt bupati pati saudara risma ardhi chandra plt bupati pekalongan saudara sukirman,plt bupati pati saudara risma ardhi chandra plt bupati pekalongan saudara sukirman,-5,negatif
Sambutan Presiden pada Akad Massal 62.000 Unit KPR Rumah Subsidi dan KUR Perumahan Sebesar Rp880 Miliar,https://www.setneg.go.id/baca/index/sambutan_presiden_pada_akad_massal_62000_unit_kpr_rumah_subsidi_dan_kur_perumahan_sebesar_rp880_miliar,Terima kasih.,terima kasih,terima kasih,1,positif
Sambutan Presiden pada Akad Massal 62.000 Unit KPR Rumah Subsidi dan KUR Perumahan Sebesar Rp880 Miliar,https://www.setneg.go.id/baca/index/sambutan_presiden_pada_akad_massal_62000_unit_kpr_rumah_subsidi_dan_kur_perumahan_sebesar_rp880_miliar,"Saudara-saudara sekalian para Dirut Bank, Dirut Utama Himpunan Bank Milik Negara yang hadir semuanya, ya.",saudara saudara sekalian para dirut bank dirut utama himpunan bank milik negara yang hadir semuanya ya,saudara saudara sekalian dirut bank dirut utama himpunan bank milik negara hadir semuanya,-9,negatif
Sambutan Presiden pada Akad Massal 62.000 Unit KPR Rumah Subsidi dan KUR Perumahan Sebesar Rp880 Miliar,https://www.setneg.go.id/baca/index/sambutan_presiden_pada_akad_massal_62000_unit_kpr_rumah_subsidi_dan_kur_perumahan_sebesar_rp880_miliar,"Bank BNI, Bank BRI, BTN, BSI, Mandiri, dan Bank Daerah;Saudara-saudara sekalian, Komisioner Badan Pengelola Tabungan Perumahan Rakyat Saudara Heru Nugroho, Pimpinan Perusahaan Swasta dan para Pimpinan Asosiasi Pengembang Perumahan, Ketua Umum DPP REI Saudara Joko Suranto, Ketua Umum APERSI Saudara Dedi Indra Setiawan, Saudara HIMPERRA Saudara Ari Tri Priyono; Ketum ASPRUMNAS Saudara Syawali Pratna, Ketum APERNAS Saudara Zulfakar;Saudara-saudara sekalian para peserta akad massal dan penerima kunci yang hadir melaluivideo conferencedi seluruh Indonesia yang saya hormat;Hadir juga Ibu-ibu Permodalan Nasional Madani Mekaar, serta seluruh hadirin undangan dan rekan-rekan pers yang hadir.",bank bni bank bri btn bsi mandiri dan bank daerah saudara saudara sekalian komisioner badan pengelola tabungan perumahan rakyat saudara heru nugroho pimpinan perusahaan swasta dan para pimpinan asosiasi pengembang perumahan ketua umum dpp rei saudara joko suranto ketua umum apersi saudara dedi indra setiawan saudara himperra saudara ari tri priyono ketum asprumnas saudara syawali pratna ketum apernas saudara zulfakar saudara saudara sekalian para peserta akad massal dan penerima kunci yang hadir melaluivideo conferencedi seluruh indonesia yang saya hormat hadir juga ibu ibu permodalan nasional madani mekaar serta seluruh hadirin undangan dan rekan rekan pers yang hadir,bank bni bank bri btn bsi mandiri bank daerah saudara saudara sekalian komisioner badan pengelola tabungan perumahan rakyat saudara heru nugroho pimpinan perusahaan swasta pimpinan asosiasi pengembang perumahan ketua umum dpp rei saudara joko suranto ketua umum apersi saudara dedi indra setiawan saudara himperra saudara ari tri priyono ketum asprumnas saudara syawali pratna ketum apernas saudara zulfakar saudara saudara sekalian para peserta akad massal penerima kunci hadir melaluivideo conferencedi seluruh indonesia saya hormat hadir ibu ibu permodalan nasional madani mekaar seluruh hadirin undangan rekan rekan pers hadir,-26,negatif
Sambutan Presiden pada Akad Massal 62.000 Unit KPR Rumah Subsidi dan KUR Perumahan Sebesar Rp880 Miliar,https://www.setneg.go.id/baca/index/sambutan_presiden_pada_akad_massal_62000_unit_kpr_rumah_subsidi_dan_kur_perumahan_sebesar_rp880_miliar,"Pers, kok, agak banyak hari ini?",pers kok agak banyak hari ini,pers kok banyak hari,-3,negatif
Sambutan Presiden pada Akad Massal 62.000 Unit KPR Rumah Subsidi dan KUR Perumahan Sebesar Rp880 Miliar,https://www.setneg.go.id/baca/index/sambutan_presiden_pada_akad_massal_62000_unit_kpr_rumah_subsidi_dan_kur_perumahan_sebesar_rp880_miliar,"Menunggu, menunggu berita.",menunggu menunggu berita,menunggu menunggu berita,-10,negatif
Sambutan Presiden pada Akad Massal 62.000 Unit KPR Rumah Subsidi dan KUR Perumahan Sebesar Rp880 Miliar,https://www.setneg.go.id/baca/index/sambutan_presiden_pada_akad_massal_62000_unit_kpr_rumah_subsidi_dan_kur_perumahan_sebesar_rp880_miliar,"Pertama-tama, sebagai insan yang bertakwa, marilah kita tidak henti-hentinya memanjatkan puji syukur ke hadirat Tuhan Mahabesar, Mahakuasa, atas segala karunia, kebaikan, berkah, dan kedamaian yang masih diberikan kepada kita.",pertama tama sebagai insan yang bertakwa marilah kita tidak henti hentinya memanjatkan puji syukur ke hadirat tuhan mahabesar mahakuasa atas segala karunia kebaikan berkah dan kedamaian yang masih diberikan kepada kita,pertama tama insan bertakwa marilah tidak henti hentinya memanjatkan puji syukur hadirat tuhan mahabesar mahakuasa atas segala karunia kebaikan berkah kedamaian masih diberikan kita,14,positif
Sambutan Presiden pada Akad Massal 62.000 Unit KPR Rumah Subsidi dan KUR Perumahan Sebesar Rp880 Miliar,https://www.setneg.go.id/baca/index/sambutan_presiden_pada_akad_massal_62000_unit_kpr_rumah_subsidi_dan_kur_perumahan_sebesar_rp880_miliar,"Atas kesehatan dan napas yang masih diberikan kepada kita, sehingga kita bisa hadir di acara Akad Massal 62.000 Unit KPR Rumah Bersubsidi yang digelar secara serentak di 165 titik, tersebar di 372 Kabupaten/Kota di 36 provinsi seluruh Indonesia.",atas kesehatan dan napas yang masih diberikan kepada kita sehingga kita bisa hadir di acara akad massal unit kpr rumah bersubsidi yang digelar secara serentak di titik tersebar di kabupaten kota di provinsi seluruh indonesia,atas kesehatan napas masih diberikan kita kita hadir acara akad massal unit kpr rumah bersubsidi digelar serentak titik tersebar kabupaten kota provinsi seluruh indonesia,-9,negatif
Sambutan Presiden pada Akad Massal 62.000 Unit KPR Rumah Subsidi dan KUR Perumahan Sebesar Rp880 Miliar,https://www.setneg.go.id/baca/index/sambutan_presiden_pada_akad_massal_62000_unit_kpr_rumah_subsidi_dan_kur_perumahan_sebesar_rp880_miliar,Adalah kehormatan dan kebahagiaan bagi saya untuk hadir dalam acara ini.,adalah kehormatan dan kebahagiaan bagi saya untuk hadir dalam acara ini,kehormatan kebahagiaan saya hadir acara,3,positif
Sambutan Presiden pada Akad Massal 62.000 Unit KPR Rumah Subsidi dan KUR Perumahan Sebesar Rp880 Miliar,https://www.setneg.go.id/baca/index/sambutan_presiden_pada_akad_massal_62000_unit_kpr_rumah_subsidi_dan_kur_perumahan_sebesar_rp880_miliar,Saya terutama bangga dan bahagia bahwa kita sebagai pemerintah dapat memberi kebahagiaan kepada 22.000 keluarga warga negara kita.,saya terutama bangga dan bahagia bahwa kita sebagai pemerintah dapat memberi kebahagiaan kepada keluarga warga negara kita,terutama bangga bahagia pemerintah memberi kebahagiaan keluarga warga negara kita,5,positif
Sambutan Presiden pada Akad Massal 62.000 Unit KPR Rumah Subsidi dan KUR Perumahan Sebesar Rp880 Miliar,https://www.setneg.go.id/baca/index/sambutan_presiden_pada_akad_massal_62000_unit_kpr_rumah_subsidi_dan_kur_perumahan_sebesar_rp880_miliar,"Saudara-saudara,Kita menghendaki seluruh warga Indonesia bisa punya rumah yang layak.",saudara saudara kita menghendaki seluruh warga indonesia bisa punya rumah yang layak,saudara saudara menghendaki seluruh warga indonesia punya rumah layak,1,positif
Sambutan Presiden pada Akad Massal 62.000 Unit KPR Rumah Subsidi dan KUR Perumahan Sebesar Rp880 Miliar,https://www.setneg.go.id/baca/index/sambutan_presiden_pada_akad_massal_62000_unit_kpr_rumah_subsidi_dan_kur_perumahan_sebesar_rp880_miliar,"Untuk itu, kita bekerja keras dengan berbagai program, dan kita terus merencanakan dan memikirkan cara-cara terbaik untuk melipatgandakan jumlah rumah yang bisa dinikmati oleh rakyat kita.",untuk itu kita bekerja keras dengan berbagai program dan kita terus merencanakan dan memikirkan cara cara terbaik untuk melipatgandakan jumlah rumah yang bisa dinikmati oleh rakyat kita,itu bekerja keras berbagai program terus merencanakan memikirkan cara cara terbaik melipatgandakan jumlah rumah bisa dinikmati rakyat kita,9,positif
Sambutan Presiden pada Akad Massal 62.000 Unit KPR Rumah Subsidi dan KUR Perumahan Sebesar Rp880 Miliar,https://www.setneg.go.id/baca/index/sambutan_presiden_pada_akad_massal_62000_unit_kpr_rumah_subsidi_dan_kur_perumahan_sebesar_rp880_miliar,"Prestasi yang sudah kita capai sungguh signifikan, tapi kita menyadari bahwa masih lebih banyak lagi yang diperlukan oleh rakyat kita.",prestasi yang sudah kita capai sungguh signifikan tapi kita menyadari bahwa masih lebih banyak lagi yang diperlukan oleh rakyat kita,prestasi sudah capai sungguh signifikan menyadari masih lebih banyak yang diperlukan rakyat kita,-13,negatif
Sambutan Presiden pada Akad Massal 62.000 Unit KPR Rumah Subsidi dan KUR Perumahan Sebesar Rp880 Miliar,https://www.setneg.go.id/baca/index/sambutan_presiden_pada_akad_massal_62000_unit_kpr_rumah_subsidi_dan_kur_perumahan_sebesar_rp880_miliar,"Kita sekarang sedang, selain semua program yang sudah dilaksanakan oleh Kementerian Perumahan dan Saudara-saudara sekalian, semua dari pengembang dibantu oleh bank-bank tertentu, dibantu juga oleh swasta nasional seperti Pak James Riady dengan kelompoknya ya, ini yang kita maksud dengan IndonesiaIncorporated, yang besar membantu yang kecil, yang kecil bekerja keras untuk produktif, kita sadar bahwa apa yang sudah kita capai adalah cukup membanggakan, tapi kita sadar juga bahwa kebutuhannya masih sangat-sangat banyak.",kita sekarang sedang selain semua program yang sudah dilaksanakan oleh kementerian perumahan dan saudara saudara sekalian semua dari pengembang dibantu oleh bank bank tertentu dibantu juga oleh swasta nasional seperti pak james riady dengan kelompoknya ya ini yang kita maksud dengan indonesiaincorporated yang besar membantu yang kecil yang kecil bekerja keras untuk produktif kita sadar bahwa apa yang sudah kita capai adalah cukup membanggakan tapi kita sadar juga bahwa kebutuhannya masih sangat sangat banyak,sekarang sedang semua program sudah dilaksanakan kementerian perumahan saudara saudara sekalian semua pengembang dibantu bank bank tertentu dibantu oleh swasta nasional pak james riady kelompoknya ini maksud indonesiaincorporated besar membantu kecil kecil bekerja keras produktif sadar apa sudah kita capai cukup membanggakan kita sadar bahwa kebutuhannya sangat sangat banyak,-45,negatif
Sambutan Presiden pada Akad Massal 62.000 Unit KPR Rumah Subsidi dan KUR Perumahan Sebesar Rp880 Miliar,https://www.setneg.go.id/baca/index/sambutan_presiden_pada_akad_massal_62000_unit_kpr_rumah_subsidi_dan_kur_perumahan_sebesar_rp880_miliar,"Dan, kita sedang merencanakan, kita sedang mempelajari cara-cara yang lebih inovatif.",dan kita sedang merencanakan kita sedang mempelajari cara cara yang lebih inovatif,sedang merencanakan kita sedang mempelajari cara cara lebih inovatif,4,positif
Sambutan Presiden pada Akad Massal 62.000 Unit KPR Rumah Subsidi dan KUR Perumahan Sebesar Rp880 Miliar,https://www.setneg.go.id/baca/index/sambutan_presiden_pada_akad_massal_62000_unit_kpr_rumah_subsidi_dan_kur_perumahan_sebesar_rp880_miliar,"Kita akan belajar dari pengalaman beberapa negara, ya.",kita akan belajar dari pengalaman beberapa negara ya,akan belajar pengalaman beberapa negara,5,positif
Sambutan Presiden pada Akad Massal 62.000 Unit KPR Rumah Subsidi dan KUR Perumahan Sebesar Rp880 Miliar,https://www.setneg.go.id/baca/index/sambutan_presiden_pada_akad_massal_62000_unit_kpr_rumah_subsidi_dan_kur_perumahan_sebesar_rp880_miliar,"Kita, kalau bangsa kita mau bangkit, mau transformasi, kita tidak boleh malu untuk belajar dari siapa pun.",kita kalau bangsa kita mau bangkit mau transformasi kita tidak boleh malu untuk belajar dari siapa pun,kalau bangsa mau bangkit mau transformasi tidak malu belajar siapa,-15,negatif
Sambutan Presiden pada Akad Massal 62.000 Unit KPR Rumah Subsidi dan KUR Perumahan Sebesar Rp880 Miliar,https://www.setneg.go.id/baca/index/sambutan_presiden_pada_akad_massal_62000_unit_kpr_rumah_subsidi_dan_kur_perumahan_sebesar_rp880_miliar,"Saya tertarik ada pengalaman, sebagai contoh pengalaman bangsa India.",saya tertarik ada pengalaman sebagai contoh pengalaman bangsa india,tertarik pengalaman contoh pengalaman bangsa india,6,positif
Sambutan Presiden pada Akad Massal 62.000 Unit KPR Rumah Subsidi dan KUR Perumahan Sebesar Rp880 Miliar,https://www.setneg.go.id/baca/index/sambutan_presiden_pada_akad_massal_62000_unit_kpr_rumah_subsidi_dan_kur_perumahan_sebesar_rp880_miliar,"Mereka mampu membuat rumah, 40 juta rumah dalam 12 tahun.",mereka mampu membuat rumah juta rumah dalam tahun,mampu membuat rumah juta rumah tahun,5,positif
Sambutan Presiden pada Akad Massal 62.000 Unit KPR Rumah Subsidi dan KUR Perumahan Sebesar Rp880 Miliar,https://www.setneg.go.id/baca/index/sambutan_presiden_pada_akad_massal_62000_unit_kpr_rumah_subsidi_dan_kur_perumahan_sebesar_rp880_miliar,"Jadi, kira-kira tiga juta rumah setahun.",jadi kira kira tiga juta rumah setahun,jadi kira kira tiga juta rumah setahun,-1,negatif
Sambutan Presiden pada Akad Massal 62.000 Unit KPR Rumah Subsidi dan KUR Perumahan Sebesar Rp880 Miliar,https://www.setneg.go.id/baca/index/sambutan_presiden_pada_akad_massal_62000_unit_kpr_rumah_subsidi_dan_kur_perumahan_sebesar_rp880_miliar,Ini saya sedang pelajari bagaimana caranya.,ini saya sedang pelajari bagaimana caranya,saya sedang pelajari bagaimana caranya,-3,negatif
Sambutan Presiden pada Akad Massal 62.000 Unit KPR Rumah Subsidi dan KUR Perumahan Sebesar Rp880 Miliar,https://www.setneg.go.id/baca/index/sambutan_presiden_pada_akad_massal_62000_unit_kpr_rumah_subsidi_dan_kur_perumahan_sebesar_rp880_miliar,"Ada teknik-teknik tertentu, dan ini bisa kita coba.",ada teknik teknik tertentu dan ini bisa kita coba,teknik teknik tertentu ini kita coba,-9,negatif
Sambutan Presiden pada Akad Massal 62.000 Unit KPR Rumah Subsidi dan KUR Perumahan Sebesar Rp880 Miliar,https://www.setneg.go.id/baca/index/sambutan_presiden_pada_akad_massal_62000_unit_kpr_rumah_subsidi_dan_kur_perumahan_sebesar_rp880_miliar,"Bisa kita coba cara-cara klasik, yang sudah benar kita teruskan.",bisa kita coba cara cara klasik yang sudah benar kita teruskan,coba cara cara klasik sudah benar kita teruskan,-4,negatif
Sambutan Presiden pada Akad Massal 62.000 Unit KPR Rumah Subsidi dan KUR Perumahan Sebesar Rp880 Miliar,https://www.setneg.go.id/baca/index/sambutan_presiden_pada_akad_massal_62000_unit_kpr_rumah_subsidi_dan_kur_perumahan_sebesar_rp880_miliar,"Tapi kita harus, menurut saya, bangsa Indonesia saya percaya dengan keberanian, keberanian berpikir, keberanian belajar dari orang lain, keberanian mengambil resiko, keberanian berbuat, keberanian mencari inovasi dan terobosan, mungkin kita bisa dapat hal-hal yang baik.",tapi kita harus menurut saya bangsa indonesia saya percaya dengan keberanian keberanian berpikir keberanian belajar dari orang lain keberanian mengambil resiko keberanian berbuat keberanian mencari inovasi dan terobosan mungkin kita bisa dapat hal hal yang baik,menurut bangsa indonesia percaya keberanian keberanian berpikir keberanian belajar orang keberanian mengambil resiko keberanian berbuat keberanian mencari inovasi terobosan mungkin kita bisa hal yang baik,3,positif
Sambutan Presiden pada Akad Massal 62.000 Unit KPR Rumah Subsidi dan KUR Perumahan Sebesar Rp880 Miliar,https://www.setneg.go.id/baca/index/sambutan_presiden_pada_akad_massal_62000_unit_kpr_rumah_subsidi_dan_kur_perumahan_sebesar_rp880_miliar,"Jadi, selamat hari ini.",jadi selamat hari ini,jadi selamat hari,3,positif
Sambutan Presiden pada Akad Massal 62.000 Unit KPR Rumah Subsidi dan KUR Perumahan Sebesar Rp880 Miliar,https://www.setneg.go.id/baca/index/sambutan_presiden_pada_akad_massal_62000_unit_kpr_rumah_subsidi_dan_kur_perumahan_sebesar_rp880_miliar,Terima kasih semuanya yang bekerja keras.,terima kasih semuanya yang bekerja keras,terima kasih semuanya bekerja keras,-2,negatif
Sambutan Presiden pada Akad Massal 62.000 Unit KPR Rumah Subsidi dan KUR Perumahan Sebesar Rp880 Miliar,https://www.setneg.go.id/baca/index/sambutan_presiden_pada_akad_massal_62000_unit_kpr_rumah_subsidi_dan_kur_perumahan_sebesar_rp880_miliar,"Terima kasih Bank Indonesia juga mendukung, ya, semua Bank Himbara sekarang bersama Bank Indonesia, bersama semua unsur.",terima kasih bank indonesia juga mendukung ya semua bank himbara sekarang bersama bank indonesia bersama semua unsur,terima kasih bank indonesia mendukung semua bank himbara sekarang bersama bank indonesia bersama semua unsur,1,positif
Sambutan Presiden pada Akad Massal 62.000 Unit KPR Rumah Subsidi dan KUR Perumahan Sebesar Rp880 Miliar,https://www.setneg.go.id/baca/index/sambutan_presiden_pada_akad_massal_62000_unit_kpr_rumah_subsidi_dan_kur_perumahan_sebesar_rp880_miliar,"Kita ini harus jadi satu, satu tim, satu kesebelasan.",kita ini harus jadi satu satu tim satu kesebelasan,ini jadi satu satu tim satu kesebelasan,-9,negatif
Sambutan Presiden pada Akad Massal 62.000 Unit KPR Rumah Subsidi dan KUR Perumahan Sebesar Rp880 Miliar,https://www.setneg.go.id/baca/index/sambutan_presiden_pada_akad_massal_62000_unit_kpr_rumah_subsidi_dan_kur_perumahan_sebesar_rp880_miliar,Kuncinya adalah kerja sama.,kuncinya adalah kerja sama,kuncinya kerja sama,5,positif
Sambutan Presiden pada Akad Massal 62.000 Unit KPR Rumah Subsidi dan KUR Perumahan Sebesar Rp880 Miliar,https://www.setneg.go.id/baca/index/sambutan_presiden_pada_akad_massal_62000_unit_kpr_rumah_subsidi_dan_kur_perumahan_sebesar_rp880_miliar,"Kita sekarang semuanya, semua adalah anak-anak Indonesia.",kita sekarang semuanya semua adalah anak anak indonesia,sekarang semuanya semua anak anak indonesia,-12,negatif
Sambutan Presiden pada Akad Massal 62.000 Unit KPR Rumah Subsidi dan KUR Perumahan Sebesar Rp880 Miliar,https://www.setneg.go.id/baca/index/sambutan_presiden_pada_akad_massal_62000_unit_kpr_rumah_subsidi_dan_kur_perumahan_sebesar_rp880_miliar,"Kita semuanya dalam satu, dalam satu keluarga besar, dalam satu kapal, kapal besar yang namanya NKRI, dengan kerja sama, dengan saling percaya, dengan saling mendukung, dengan saling mengisi, dengan saling memperkuat, kita akan mencapai hal-hal yang besar.",kita semuanya dalam satu dalam satu keluarga besar dalam satu kapal kapal besar yang namanya nkri dengan kerja sama dengan saling percaya dengan saling mendukung dengan saling mengisi dengan saling memperkuat kita akan mencapai hal hal yang besar,semuanya satu satu keluarga besar satu kapal kapal besar namanya nkri kerja sama saling percaya saling mendukung saling mengisi saling memperkuat akan mencapai hal besar,-9,negatif
Sambutan Presiden pada Akad Massal 62.000 Unit KPR Rumah Subsidi dan KUR Perumahan Sebesar Rp880 Miliar,https://www.setneg.go.id/baca/index/sambutan_presiden_pada_akad_massal_62000_unit_kpr_rumah_subsidi_dan_kur_perumahan_sebesar_rp880_miliar,"Jadi, Saudara-saudara, kita mengerti bahwa masalah perumahan adalah masalah yang sangat, sangat vital, sangat krusial, rakyat perlu perlindungan dari alam yang baik.",jadi saudara saudara kita mengerti bahwa masalah perumahan adalah masalah yang sangat sangat vital sangat krusial rakyat perlu perlindungan dari alam yang baik,jadi saudara saudara mengerti masalah perumahan masalah sangat sangat vital sangat krusial rakyat perlu perlindungan alam baik,-31,negatif
Sambutan Presiden pada Akad Massal 62.000 Unit KPR Rumah Subsidi dan KUR Perumahan Sebesar Rp880 Miliar,https://www.setneg.go.id/baca/index/sambutan_presiden_pada_akad_massal_62000_unit_kpr_rumah_subsidi_dan_kur_perumahan_sebesar_rp880_miliar,"Dan, saya percaya bahwa kita akan lebih, lebih deras, lebih cepat, dan lebih masif.",dan saya percaya bahwa kita akan lebih lebih deras lebih cepat dan lebih masif,saya percaya kita lebih lebih deras lebih cepat lebih masif,-6,negatif
Sambutan Presiden pada Akad Massal 62.000 Unit KPR Rumah Subsidi dan KUR Perumahan Sebesar Rp880 Miliar,https://www.setneg.go.id/baca/index/sambutan_presiden_pada_akad_massal_62000_unit_kpr_rumah_subsidi_dan_kur_perumahan_sebesar_rp880_miliar,Bangsa kita adalah bangsa yang besar.,bangsa kita adalah bangsa yang besar,bangsa adalah bangsa besar,-2,negatif
Sambutan Presiden pada Akad Massal 62.000 Unit KPR Rumah Subsidi dan KUR Perumahan Sebesar Rp880 Miliar,https://www.setneg.go.id/baca/index/sambutan_presiden_pada_akad_massal_62000_unit_kpr_rumah_subsidi_dan_kur_perumahan_sebesar_rp880_miliar,Jumlah penduduk kita besar.,jumlah penduduk kita besar,jumlah penduduk besar,-2,negatif
Sambutan Presiden pada Akad Massal 62.000 Unit KPR Rumah Subsidi dan KUR Perumahan Sebesar Rp880 Miliar,https://www.setneg.go.id/baca/index/sambutan_presiden_pada_akad_massal_62000_unit_kpr_rumah_subsidi_dan_kur_perumahan_sebesar_rp880_miliar,"Masalah-masalah yang kita hadapi adalah besar, kesulitan yang kita hadapi kesulitan besar, rintangan yang kita hadapi adalah rintangan yang besar, bukan rintangan kecil.",masalah masalah yang kita hadapi adalah besar kesulitan yang kita hadapi kesulitan besar rintangan yang kita hadapi adalah rintangan yang besar bukan rintangan kecil,masalah masalah kita hadapi besar kesulitan kita hadapi kesulitan besar rintangan kita hadapi rintangan besar bukan rintangan kecil,-30,negatif
Sambutan Presiden pada Akad Massal 62.000 Unit KPR Rumah Subsidi dan KUR Perumahan Sebesar Rp880 Miliar,https://www.setneg.go.id/baca/index/sambutan_presiden_pada_akad_massal_62000_unit_kpr_rumah_subsidi_dan_kur_perumahan_sebesar_rp880_miliar,Kita paham itu.,kita paham itu,paham,0,netral
Sambutan Presiden pada Akad Massal 62.000 Unit KPR Rumah Subsidi dan KUR Perumahan Sebesar Rp880 Miliar,https://www.setneg.go.id/baca/index/sambutan_presiden_pada_akad_massal_62000_unit_kpr_rumah_subsidi_dan_kur_perumahan_sebesar_rp880_miliar,"Tapi, kita juga harus punya tekad yang besar, semangat yang besar, keberanian yang besar, kehendak belajar.",tapi kita juga harus punya tekad yang besar semangat yang besar keberanian yang besar kehendak belajar,kita harus punya tekad besar semangat besar keberanian besar kehendak belajar,-9,negatif
Sambutan Presiden pada Akad Massal 62.000 Unit KPR Rumah Subsidi dan KUR Perumahan Sebesar Rp880 Miliar,https://www.setneg.go.id/baca/index/sambutan_presiden_pada_akad_massal_62000_unit_kpr_rumah_subsidi_dan_kur_perumahan_sebesar_rp880_miliar,"Jangan takut untuk belajar, jangan takut untuk bertanya, jangan takut bahkan untuk minta nasihat.",jangan takut untuk belajar jangan takut untuk bertanya jangan takut bahkan untuk minta nasihat,jangan takut belajar jangan takut bertanya jangan takut bahkan minta nasihat,-22,negatif
Sambutan Presiden pada Akad Massal 62.000 Unit KPR Rumah Subsidi dan KUR Perumahan Sebesar Rp880 Miliar,https://www.setneg.go.id/baca/index/sambutan_presiden_pada_akad_massal_62000_unit_kpr_rumah_subsidi_dan_kur_perumahan_sebesar_rp880_miliar,Saya kirim tim-tim ke mana-mana.,saya kirim tim tim ke mana mana,kirim tim tim mana mana,-6,negatif
Sambutan Presiden pada Akad Massal 62.000 Unit KPR Rumah Subsidi dan KUR Perumahan Sebesar Rp880 Miliar,https://www.setneg.go.id/baca/index/sambutan_presiden_pada_akad_massal_62000_unit_kpr_rumah_subsidi_dan_kur_perumahan_sebesar_rp880_miliar,"Saya kirim tim ke Tiongkok, tim ke India, tim ke Mesir untuk lihat, untuk catat, untuk belajar.",saya kirim tim ke tiongkok tim ke india tim ke mesir untuk lihat untuk catat untuk belajar,kirim tim tiongkok tim india tim mesir lihat catat belajar,-4,negatif
Sambutan Presiden pada Akad Massal 62.000 Unit KPR Rumah Subsidi dan KUR Perumahan Sebesar Rp880 Miliar,https://www.setneg.go.id/baca/index/sambutan_presiden_pada_akad_massal_62000_unit_kpr_rumah_subsidi_dan_kur_perumahan_sebesar_rp880_miliar,"Kita ambil yang terbaik dari bangsa-bangsa lain, ya.",kita ambil yang terbaik dari bangsa bangsa lain ya,ambil terbaik bangsa bangsa ya,4,positif
Sambutan Presiden pada Akad Massal 62.000 Unit KPR Rumah Subsidi dan KUR Perumahan Sebesar Rp880 Miliar,https://www.setneg.go.id/baca/index/sambutan_presiden_pada_akad_massal_62000_unit_kpr_rumah_subsidi_dan_kur_perumahan_sebesar_rp880_miliar,"Jadi itu, di bidang perumahan juga demikian.",jadi itu di bidang perumahan juga demikian,jadi di bidang perumahan demikian,-2,negatif
Sambutan Presiden pada Akad Massal 62.000 Unit KPR Rumah Subsidi dan KUR Perumahan Sebesar Rp880 Miliar,https://www.setneg.go.id/baca/index/sambutan_presiden_pada_akad_massal_62000_unit_kpr_rumah_subsidi_dan_kur_perumahan_sebesar_rp880_miliar,Kita cari teknik-teknik terbaik dan kita mengundang mitra-mitra terbaik.,kita cari teknik teknik terbaik dan kita mengundang mitra mitra terbaik,cari teknik teknik terbaik kita mengundang mitra mitra terbaik,-9,negatif
Sambutan Presiden pada Akad Massal 62.000 Unit KPR Rumah Subsidi dan KUR Perumahan Sebesar Rp880 Miliar,https://www.setneg.go.id/baca/index/sambutan_presiden_pada_akad_massal_62000_unit_kpr_rumah_subsidi_dan_kur_perumahan_sebesar_rp880_miliar,"Saudara-saudara,Saya tidak mau banyak janji.",saudara saudara saya tidak mau banyak janji,saudara saudara tidak mau banyak janji,-9,negatif
Sambutan Presiden pada Akad Massal 62.000 Unit KPR Rumah Subsidi dan KUR Perumahan Sebesar Rp880 Miliar,https://www.setneg.go.id/baca/index/sambutan_presiden_pada_akad_massal_62000_unit_kpr_rumah_subsidi_dan_kur_perumahan_sebesar_rp880_miliar,"Tapi kita lihat dalam perkembangan yang akan datang, rencana-rencana kita akan terus, bagi kita, kita akan bekerja dengan sangat cepat untuk segera bisa memberi hasil nyata kepada rakyat, menggerakkan ekonomi kita, ya.",tapi kita lihat dalam perkembangan yang akan datang rencana rencana kita akan terus bagi kita kita akan bekerja dengan sangat cepat untuk segera bisa memberi hasil nyata kepada rakyat menggerakkan ekonomi kita ya,lihat perkembangan akan datang rencana rencana akan terus kita akan bekerja sangat cepat segera memberi hasil nyata rakyat menggerakkan ekonomi kita ya,-21,negatif
Sambutan Presiden pada Akad Massal 62.000 Unit KPR Rumah Subsidi dan KUR Perumahan Sebesar Rp880 Miliar,https://www.setneg.go.id/baca/index/sambutan_presiden_pada_akad_massal_62000_unit_kpr_rumah_subsidi_dan_kur_perumahan_sebesar_rp880_miliar,Saya kira itu sudah jelas.,saya kira itu sudah jelas,kira sudah jelas,-7,negatif
Sambutan Presiden pada Akad Massal 62.000 Unit KPR Rumah Subsidi dan KUR Perumahan Sebesar Rp880 Miliar,https://www.setneg.go.id/baca/index/sambutan_presiden_pada_akad_massal_62000_unit_kpr_rumah_subsidi_dan_kur_perumahan_sebesar_rp880_miliar,"Kita sudah buktikan dalam hampir dua tahun ini kita di jalan yang benar, hasilnya sudah nyata.",kita sudah buktikan dalam hampir dua tahun ini kita di jalan yang benar hasilnya sudah nyata,buktikan hampir tahun kita jalan benar hasilnya sudah nyata,-8,negatif
Sambutan Presiden pada Akad Massal 62.000 Unit KPR Rumah Subsidi dan KUR Perumahan Sebesar Rp880 Miliar,https://www.setneg.go.id/baca/index/sambutan_presiden_pada_akad_massal_62000_unit_kpr_rumah_subsidi_dan_kur_perumahan_sebesar_rp880_miliar,"Krisis dunia, krisis dunia bukan krisis yang ringan.",krisis dunia krisis dunia bukan krisis yang ringan,krisis dunia krisis dunia bukan krisis ringan,-20,negatif
Sambutan Presiden pada Akad Massal 62.000 Unit KPR Rumah Subsidi dan KUR Perumahan Sebesar Rp880 Miliar,https://www.setneg.go.id/baca/index/sambutan_presiden_pada_akad_massal_62000_unit_kpr_rumah_subsidi_dan_kur_perumahan_sebesar_rp880_miliar,"Krisis dunia nyata, perang itu sangat berbahaya dan dahsyat.",krisis dunia nyata perang itu sangat berbahaya dan dahsyat,krisis dunia nyata perang sangat berbahaya dahsyat,-25,negatif
Sambutan Presiden pada Akad Massal 62.000 Unit KPR Rumah Subsidi dan KUR Perumahan Sebesar Rp880 Miliar,https://www.setneg.go.id/baca/index/sambutan_presiden_pada_akad_massal_62000_unit_kpr_rumah_subsidi_dan_kur_perumahan_sebesar_rp880_miliar,"Untuk itu, kita harus, harus harus kompak.",untuk itu kita harus harus harus kompak,itu harus harus kompak,-12,negatif
Sambutan Presiden pada Akad Massal 62.000 Unit KPR Rumah Subsidi dan KUR Perumahan Sebesar Rp880 Miliar,https://www.setneg.go.id/baca/index/sambutan_presiden_pada_akad_massal_62000_unit_kpr_rumah_subsidi_dan_kur_perumahan_sebesar_rp880_miliar,Kita bersyukur dengan semua yang kita punya.,kita bersyukur dengan semua yang kita punya,bersyukur semua kita punya,5,positif
Sambutan Presiden pada Akad Massal 62.000 Unit KPR Rumah Subsidi dan KUR Perumahan Sebesar Rp880 Miliar,https://www.setneg.go.id/baca/index/sambutan_presiden_pada_akad_massal_62000_unit_kpr_rumah_subsidi_dan_kur_perumahan_sebesar_rp880_miliar,"Untuk itu, kita harus lebih, lebih efisien.",untuk itu kita harus lebih lebih efisien,itu harus lebih lebih efisien,-1,negatif
Sambutan Presiden pada Akad Massal 62.000 Unit KPR Rumah Subsidi dan KUR Perumahan Sebesar Rp880 Miliar,https://www.setneg.go.id/baca/index/sambutan_presiden_pada_akad_massal_62000_unit_kpr_rumah_subsidi_dan_kur_perumahan_sebesar_rp880_miliar,"Kita harus lebih hemat, kita harus lebih teliti, kita harus tekan semua kebocoran.",kita harus lebih hemat kita harus lebih teliti kita harus tekan semua kebocoran,harus lebih hemat harus lebih teliti harus tekan semua kebocoran,-22,negatif
Sambutan Presiden pada Akad Massal 62.000 Unit KPR Rumah Subsidi dan KUR Perumahan Sebesar Rp880 Miliar,https://www.setneg.go.id/baca/index/sambutan_presiden_pada_akad_massal_62000_unit_kpr_rumah_subsidi_dan_kur_perumahan_sebesar_rp880_miliar,"Kita harus tekan semua kebocoran, karena dunia dalam keadaan yang sangat-sangat tidak menentu.",kita harus tekan semua kebocoran karena dunia dalam keadaan yang sangat sangat tidak menentu,harus tekan semua kebocoran dunia keadaan sangat sangat menentu,-20,negatif
Sambutan Presiden pada Akad Massal 62.000 Unit KPR Rumah Subsidi dan KUR Perumahan Sebesar Rp880 Miliar,https://www.setneg.go.id/baca/index/sambutan_presiden_pada_akad_massal_62000_unit_kpr_rumah_subsidi_dan_kur_perumahan_sebesar_rp880_miliar,"Perang di Timur Tengah akan, kita harus siap mental bahwa akan panjang, akan meluas, akan tambah buruk.",perang di timur tengah akan kita harus siap mental bahwa akan panjang akan meluas akan tambah buruk,perang timur tengah kita siap mental panjang meluas akan tambah buruk,2,positif
Sambutan Presiden pada Akad Massal 62.000 Unit KPR Rumah Subsidi dan KUR Perumahan Sebesar Rp880 Miliar,https://www.setneg.go.id/baca/index/sambutan_presiden_pada_akad_massal_62000_unit_kpr_rumah_subsidi_dan_kur_perumahan_sebesar_rp880_miliar,Kita bersyukur potensi kita sangat besar.,kita bersyukur potensi kita sangat besar,bersyukur potensi sangat besar,1,positif
Sambutan Presiden pada Akad Massal 62.000 Unit KPR Rumah Subsidi dan KUR Perumahan Sebesar Rp880 Miliar,https://www.setneg.go.id/baca/index/sambutan_presiden_pada_akad_massal_62000_unit_kpr_rumah_subsidi_dan_kur_perumahan_sebesar_rp880_miliar,"Kita akan menghadapi kesulitan tapi kita banyak jalan keluar, ya, sumber daya kita sangat besar, tinggal bagaimana kita kelola dengan baik.",kita akan menghadapi kesulitan tapi kita banyak jalan keluar ya sumber daya kita sangat besar tinggal bagaimana kita kelola dengan baik,akan menghadapi kesulitan banyak jalan keluar sumber daya sangat besar tinggal bagaimana kita kelola baik,-22,negatif
Sambutan Presiden pada Akad Massal 62.000 Unit KPR Rumah Subsidi dan KUR Perumahan Sebesar Rp880 Miliar,https://www.setneg.go.id/baca/index/sambutan_presiden_pada_akad_massal_62000_unit_kpr_rumah_subsidi_dan_kur_perumahan_sebesar_rp880_miliar,"Jadi, Saudara-saudara, hari ini kita bersyukur.",jadi saudara saudara hari ini kita bersyukur,jadi saudara saudara hari kita bersyukur,3,positif
Sambutan Presiden pada Akad Massal 62.000 Unit KPR Rumah Subsidi dan KUR Perumahan Sebesar Rp880 Miliar,https://www.setneg.go.id/baca/index/sambutan_presiden_pada_akad_massal_62000_unit_kpr_rumah_subsidi_dan_kur_perumahan_sebesar_rp880_miliar,"Saya ucapkan selamat, saya ucapkan penghargaan kepada semuanya yang telah bekerja keras.",saya ucapkan selamat saya ucapkan penghargaan kepada semuanya yang telah bekerja keras,ucapkan selamat ucapkan penghargaan semuanya telah bekerja keras,6,positif
Sambutan Presiden pada Akad Massal 62.000 Unit KPR Rumah Subsidi dan KUR Perumahan Sebesar Rp880 Miliar,https://www.setneg.go.id/baca/index/sambutan_presiden_pada_akad_massal_62000_unit_kpr_rumah_subsidi_dan_kur_perumahan_sebesar_rp880_miliar,"Dan, saya yakin arah kita benar, arah kita kuat, kokoh, fundamental kita kuat dan kokoh.",dan saya yakin arah kita benar arah kita kuat kokoh fundamental kita kuat dan kokoh,saya yakin arah benar arah kuat kokoh fundamental kuat kokoh,-22,negatif
Sambutan Presiden pada Akad Massal 62.000 Unit KPR Rumah Subsidi dan KUR Perumahan Sebesar Rp880 Miliar,https://www.setneg.go.id/baca/index/sambutan_presiden_pada_akad_massal_62000_unit_kpr_rumah_subsidi_dan_kur_perumahan_sebesar_rp880_miliar,Saya senang kalau saya diundang ke daerah-daerah.,saya senang kalau saya diundang ke daerah daerah,senang kalau diundang daerah daerah,-5,negatif
Sambutan Presiden pada Akad Massal 62.000 Unit KPR Rumah Subsidi dan KUR Perumahan Sebesar Rp880 Miliar,https://www.setneg.go.id/baca/index/sambutan_presiden_pada_akad_massal_62000_unit_kpr_rumah_subsidi_dan_kur_perumahan_sebesar_rp880_miliar,"Hari ini saya rasakan di Batang, berapa saat yang lalu saya di Jawa Barat, di Jawa Timur, di mana-mana, dari Gorontalo, dari mana-mana saya merasakan hangatnya rakyat, Saudara-saudara.",hari ini saya rasakan di batang berapa saat yang lalu saya di jawa barat di jawa timur di mana mana dari gorontalo dari mana mana saya merasakan hangatnya rakyat saudara saudara,hari rasakan batang berapa yang lalu jawa barat jawa timur di mana mana gorontalo mana mana saya merasakan hangatnya rakyat saudara saudara,-9,negatif
Sambutan Presiden pada Akad Massal 62.000 Unit KPR Rumah Subsidi dan KUR Perumahan Sebesar Rp880 Miliar,https://www.setneg.go.id/baca/index/sambutan_presiden_pada_akad_massal_62000_unit_kpr_rumah_subsidi_dan_kur_perumahan_sebesar_rp880_miliar,"Walaupun sekali lagi saya mohon, para Gubernur, Bupati, ya, kalau saya datang tidak perlu untuk dikerahkan rakyat supaya menyambut saya, sebetulnya, ya.",walaupun sekali lagi saya mohon para gubernur bupati ya kalau saya datang tidak perlu untuk dikerahkan rakyat supaya menyambut saya sebetulnya ya,walaupun sekali mohon gubernur bupati kalau datang perlu dikerahkan rakyat menyambut saya sebetulnya,-5,negatif
Sambutan Presiden pada Akad Massal 62.000 Unit KPR Rumah Subsidi dan KUR Perumahan Sebesar Rp880 Miliar,https://www.setneg.go.id/baca/index/sambutan_presiden_pada_akad_massal_62000_unit_kpr_rumah_subsidi_dan_kur_perumahan_sebesar_rp880_miliar,"Saya senang ketemu rakyat, kalau memang dia ingin menyambut saya, juga saya….",saya senang ketemu rakyat kalau memang dia ingin menyambut saya juga saya,senang ketemu rakyat kalau memang ingin menyambut juga,-6,negatif
Sambutan Presiden pada Akad Massal 62.000 Unit KPR Rumah Subsidi dan KUR Perumahan Sebesar Rp880 Miliar,https://www.setneg.go.id/baca/index/sambutan_presiden_pada_akad_massal_62000_unit_kpr_rumah_subsidi_dan_kur_perumahan_sebesar_rp880_miliar,"Tapi kalau dikerahkan, saya kasihan dianungguberjam-jam di panas itu, saya yang kasihan.",tapi kalau dikerahkan saya kasihan dianungguberjam jam di panas itu saya yang kasihan,kalau dikerahkan kasihan dianungguberjam jam panas saya kasihan,-13,negatif
Sambutan Presiden pada Akad Massal 62.000 Unit KPR Rumah Subsidi dan KUR Perumahan Sebesar Rp880 Miliar,https://www.setneg.go.id/baca/index/sambutan_presiden_pada_akad_massal_62000_unit_kpr_rumah_subsidi_dan_kur_perumahan_sebesar_rp880_miliar,"Santai-santai saja, santai-santai saja, ya.",santai santai saja santai santai saja ya,santai santai santai santai ya,12,positif
Sambutan Presiden pada Akad Massal 62.000 Unit KPR Rumah Subsidi dan KUR Perumahan Sebesar Rp880 Miliar,https://www.setneg.go.id/baca/index/sambutan_presiden_pada_akad_massal_62000_unit_kpr_rumah_subsidi_dan_kur_perumahan_sebesar_rp880_miliar,"Yang penting kita bekerja untuk rakyat, itu yang penting.",yang penting kita bekerja untuk rakyat itu yang penting,penting bekerja rakyat yang penting,-13,negatif
Sambutan Presiden pada Akad Massal 62.000 Unit KPR Rumah Subsidi dan KUR Perumahan Sebesar Rp880 Miliar,https://www.setneg.go.id/baca/index/sambutan_presiden_pada_akad_massal_62000_unit_kpr_rumah_subsidi_dan_kur_perumahan_sebesar_rp880_miliar,"Saya yakin rakyat tahu pemerintah yang ini sekarang bekerja sungguh-sungguh untuk rakyat Indonesia, bekerja sungguh-sungguh untuk rakyat Indonesia.",saya yakin rakyat tahu pemerintah yang ini sekarang bekerja sungguh sungguh untuk rakyat indonesia bekerja sungguh sungguh untuk rakyat indonesia,yakin rakyat tahu pemerintah ini sekarang bekerja sungguh sungguh rakyat indonesia bekerja sungguh sungguh rakyat indonesia,-5,negatif
Sambutan Presiden pada Akad Massal 62.000 Unit KPR Rumah Subsidi dan KUR Perumahan Sebesar Rp880 Miliar,https://www.setneg.go.id/baca/index/sambutan_presiden_pada_akad_massal_62000_unit_kpr_rumah_subsidi_dan_kur_perumahan_sebesar_rp880_miliar,"Kita tidak ada kepentingan lain, ya, tidak ada kepentingan lain.",kita tidak ada kepentingan lain ya tidak ada kepentingan lain,kepentingan ya tidak ada kepentingan,6,positif
Sambutan Presiden pada Akad Massal 62.000 Unit KPR Rumah Subsidi dan KUR Perumahan Sebesar Rp880 Miliar,https://www.setneg.go.id/baca/index/sambutan_presiden_pada_akad_massal_62000_unit_kpr_rumah_subsidi_dan_kur_perumahan_sebesar_rp880_miliar,"Dan, dengan demikian, hasil yang kita capai sungguh membanggakan, sungguh membanggakan di tengah dunia yang penuh dengan bahaya.",dan dengan demikian hasil yang kita capai sungguh membanggakan sungguh membanggakan di tengah dunia yang penuh dengan bahaya,hasil kita capai sungguh membanggakan sungguh membanggakan tengah dunia penuh dengan bahaya,-9,negatif
Sambutan Presiden pada Akad Massal 62.000 Unit KPR Rumah Subsidi dan KUR Perumahan Sebesar Rp880 Miliar,https://www.setneg.go.id/baca/index/sambutan_presiden_pada_akad_massal_62000_unit_kpr_rumah_subsidi_dan_kur_perumahan_sebesar_rp880_miliar,"Saya kira itu dari saya, Saudara-saudara.",saya kira itu dari saya saudara saudara,kira dari saudara saudara,-5,negatif
Sambutan Presiden pada Akad Massal 62.000 Unit KPR Rumah Subsidi dan KUR Perumahan Sebesar Rp880 Miliar,https://www.setneg.go.id/baca/index/sambutan_presiden_pada_akad_massal_62000_unit_kpr_rumah_subsidi_dan_kur_perumahan_sebesar_rp880_miliar,"Tadi sudah banyak oleh Pak Ara, sangat detail, ya.",tadi sudah banyak oleh pak ara sangat detail ya,tadi banyak pak ara sangat detail,-6,negatif
Sambutan Presiden pada Akad Massal 62.000 Unit KPR Rumah Subsidi dan KUR Perumahan Sebesar Rp880 Miliar,https://www.setneg.go.id/baca/index/sambutan_presiden_pada_akad_massal_62000_unit_kpr_rumah_subsidi_dan_kur_perumahan_sebesar_rp880_miliar,"Benar, enggak?",benar enggak,benar enggak,-4,negatif
Sambutan Presiden pada Akad Massal 62.000 Unit KPR Rumah Subsidi dan KUR Perumahan Sebesar Rp880 Miliar,https://www.setneg.go.id/baca/index/sambutan_presiden_pada_akad_massal_62000_unit_kpr_rumah_subsidi_dan_kur_perumahan_sebesar_rp880_miliar,Tidak perlu diulang-ulangi.,tidak perlu diulang ulangi,perlu diulang ulangi,2,positif
Sambutan Presiden pada Akad Massal 62.000 Unit KPR Rumah Subsidi dan KUR Perumahan Sebesar Rp880 Miliar,https://www.setneg.go.id/baca/index/sambutan_presiden_pada_akad_massal_62000_unit_kpr_rumah_subsidi_dan_kur_perumahan_sebesar_rp880_miliar,"Hari ini saya kira, media, ya, biar diliput semua, semua baik, semua, semua senyum, ya.",hari ini saya kira media ya biar diliput semua semua baik semua semua senyum ya,hari saya kira media biar diliput semua semua baik semua semua senyum,-22,negatif
Sambutan Presiden pada Akad Massal 62.000 Unit KPR Rumah Subsidi dan KUR Perumahan Sebesar Rp880 Miliar,https://www.setneg.go.id/baca/index/sambutan_presiden_pada_akad_massal_62000_unit_kpr_rumah_subsidi_dan_kur_perumahan_sebesar_rp880_miliar,"Jaksa Agung, Kapolri duduk baik.",jaksa agung kapolri duduk baik,jaksa agung kapolri duduk baik,-1,negatif
Sambutan Presiden pada Akad Massal 62.000 Unit KPR Rumah Subsidi dan KUR Perumahan Sebesar Rp880 Miliar,https://www.setneg.go.id/baca/index/sambutan_presiden_pada_akad_massal_62000_unit_kpr_rumah_subsidi_dan_kur_perumahan_sebesar_rp880_miliar,"Kapolda sama Kajari juga rukun, baik, semuanya baik.",kapolda sama kajari juga rukun baik semuanya baik,kapolda sama kajari rukun baik semuanya baik,-2,negatif
Sambutan Presiden pada Akad Massal 62.000 Unit KPR Rumah Subsidi dan KUR Perumahan Sebesar Rp880 Miliar,https://www.setneg.go.id/baca/index/sambutan_presiden_pada_akad_massal_62000_unit_kpr_rumah_subsidi_dan_kur_perumahan_sebesar_rp880_miliar,"Dan, hari ini enggak ada, enggak ada apa, enggak ada ucapan-ucapan dari saya yang terlalu.",dan hari ini enggak ada enggak ada apa enggak ada ucapan ucapan dari saya yang terlalu,hari enggak enggak apa enggak ucapan ucapan saya terlalu,-9,negatif
Sambutan Presiden pada Akad Massal 62.000 Unit KPR Rumah Subsidi dan KUR Perumahan Sebesar Rp880 Miliar,https://www.setneg.go.id/baca/index/sambutan_presiden_pada_akad_massal_62000_unit_kpr_rumah_subsidi_dan_kur_perumahan_sebesar_rp880_miliar,"Enggak, enggak, enggak, bercanda saja, bercanda.",enggak enggak enggak bercanda saja bercanda,enggak enggak enggak bercanda bercanda,-8,negatif
Sambutan Presiden pada Akad Massal 62.000 Unit KPR Rumah Subsidi dan KUR Perumahan Sebesar Rp880 Miliar,https://www.setneg.go.id/baca/index/sambutan_presiden_pada_akad_massal_62000_unit_kpr_rumah_subsidi_dan_kur_perumahan_sebesar_rp880_miliar,"Boleh bercanda, enggak?",boleh bercanda enggak,bercanda enggak,-4,negatif
Sambutan Presiden pada Akad Massal 62.000 Unit KPR Rumah Subsidi dan KUR Perumahan Sebesar Rp880 Miliar,https://www.setneg.go.id/baca/index/sambutan_presiden_pada_akad_massal_62000_unit_kpr_rumah_subsidi_dan_kur_perumahan_sebesar_rp880_miliar,Nanti dilarang bercanda kita.,nanti dilarang bercanda kita,dilarang bercanda,-7,negatif
Sambutan Presiden pada Akad Massal 62.000 Unit KPR Rumah Subsidi dan KUR Perumahan Sebesar Rp880 Miliar,https://www.setneg.go.id/baca/index/sambutan_presiden_pada_akad_massal_62000_unit_kpr_rumah_subsidi_dan_kur_perumahan_sebesar_rp880_miliar,Apa ada larangan bercanda?,apa ada larangan bercanda,apa larangan bercanda,-7,negatif
Sambutan Presiden pada Akad Massal 62.000 Unit KPR Rumah Subsidi dan KUR Perumahan Sebesar Rp880 Miliar,https://www.setneg.go.id/baca/index/sambutan_presiden_pada_akad_massal_62000_unit_kpr_rumah_subsidi_dan_kur_perumahan_sebesar_rp880_miliar,Saya enggak tahu.,saya enggak tahu,enggak tahu,-4,negatif
Sambutan Presiden pada Akad Massal 62.000 Unit KPR Rumah Subsidi dan KUR Perumahan Sebesar Rp880 Miliar,https://www.setneg.go.id/baca/index/sambutan_presiden_pada_akad_massal_62000_unit_kpr_rumah_subsidi_dan_kur_perumahan_sebesar_rp880_miliar,Boleh?,boleh,,0,netral
Sambutan Presiden pada Akad Massal 62.000 Unit KPR Rumah Subsidi dan KUR Perumahan Sebesar Rp880 Miliar,https://www.setneg.go.id/baca/index/sambutan_presiden_pada_akad_massal_62000_unit_kpr_rumah_subsidi_dan_kur_perumahan_sebesar_rp880_miliar,"Enggak, presiden, kan, harus serius.",enggak presiden kan harus serius,enggak presiden kan serius,-2,negatif
Sambutan Presiden pada Akad Massal 62.000 Unit KPR Rumah Subsidi dan KUR Perumahan Sebesar Rp880 Miliar,https://www.setneg.go.id/baca/index/sambutan_presiden_pada_akad_massal_62000_unit_kpr_rumah_subsidi_dan_kur_perumahan_sebesar_rp880_miliar,"Saudara-saudara sekalian,Saya ucapkan selamat kepada Menteri Perumahan dan semua jajarannya.Wassalamu’alaikum warahmatullahi wabarakatuh.Tapi, terima kasih, Pak Ara.",saudara saudara sekalian saya ucapkan selamat kepada menteri perumahan dan semua jajarannya wassalamu alaikum warahmatullahi wabarakatuh tapi terima kasih pak ara,saudara saudara sekalian ucapkan selamat menteri perumahan semua jajarannya wassalamu alaikum warahmatullahi wabarakatuh terima kasih pak ara,5,positif
Sambutan Presiden pada Akad Massal 62.000 Unit KPR Rumah Subsidi dan KUR Perumahan Sebesar Rp880 Miliar,https://www.setneg.go.id/baca/index/sambutan_presiden_pada_akad_massal_62000_unit_kpr_rumah_subsidi_dan_kur_perumahan_sebesar_rp880_miliar,"Nanti ada rapat khusus, ya, gubernur semua, bupati, saya akan kumpulkan di Jakarta.",nanti ada rapat khusus ya gubernur semua bupati saya akan kumpulkan di jakarta,ada rapat khusus gubernur semua bupati akan kumpulkan jakarta,-9,negatif
Sambutan Presiden pada Akad Massal 62.000 Unit KPR Rumah Subsidi dan KUR Perumahan Sebesar Rp880 Miliar,https://www.setneg.go.id/baca/index/sambutan_presiden_pada_akad_massal_62000_unit_kpr_rumah_subsidi_dan_kur_perumahan_sebesar_rp880_miliar,Saya tidak tahu persisnya kapan.,saya tidak tahu persisnya kapan,tidak tahu persisnya kapan,-9,negatif
Sambutan Presiden pada Akad Massal 62.000 Unit KPR Rumah Subsidi dan KUR Perumahan Sebesar Rp880 Miliar,https://www.setneg.go.id/baca/index/sambutan_presiden_pada_akad_massal_62000_unit_kpr_rumah_subsidi_dan_kur_perumahan_sebesar_rp880_miliar,Khusus bicara tentang Indonesia ASRI.,khusus bicara tentang indonesia asri,khusus bicara indonesia asri,-3,negatif
Sambutan Presiden pada Akad Massal 62.000 Unit KPR Rumah Subsidi dan KUR Perumahan Sebesar Rp880 Miliar,https://www.setneg.go.id/baca/index/sambutan_presiden_pada_akad_massal_62000_unit_kpr_rumah_subsidi_dan_kur_perumahan_sebesar_rp880_miliar,"ASRI (Aman, Sehat, Resik, dan Indah), ya.",asri aman sehat resik dan indah ya,asri aman sehat resik indah,-6,negatif
Sambutan Presiden pada Akad Massal 62.000 Unit KPR Rumah Subsidi dan KUR Perumahan Sebesar Rp880 Miliar,https://www.setneg.go.id/baca/index/sambutan_presiden_pada_akad_massal_62000_unit_kpr_rumah_subsidi_dan_kur_perumahan_sebesar_rp880_miliar,"Karena ini sangat penting, terus terang saja.",karena ini sangat penting terus terang saja,ini sangat penting terus terang,-12,negatif
Sambutan Presiden pada Akad Massal 62.000 Unit KPR Rumah Subsidi dan KUR Perumahan Sebesar Rp880 Miliar,https://www.setneg.go.id/baca/index/sambutan_presiden_pada_akad_massal_62000_unit_kpr_rumah_subsidi_dan_kur_perumahan_sebesar_rp880_miliar,"Kita mau transformasi bangsa, berarti kita perlu banyak industri hilirisasi, banyak, banyak pabrik, banyak terobosan,processing.",kita mau transformasi bangsa berarti kita perlu banyak industri hilirisasi banyak banyak pabrik banyak terobosan processing,mau transformasi bangsa berarti perlu banyak industri hilirisasi banyak banyak pabrik banyak terobosan processing,-10,negatif
Sambutan Presiden pada Akad Massal 62.000 Unit KPR Rumah Subsidi dan KUR Perumahan Sebesar Rp880 Miliar,https://www.setneg.go.id/baca/index/sambutan_presiden_pada_akad_massal_62000_unit_kpr_rumah_subsidi_dan_kur_perumahan_sebesar_rp880_miliar,"Kita butuh keamanan makan, ketahanan makan, swasembada pangan sudah kita capai, harus kita amankan.",kita butuh keamanan makan ketahanan makan swasembada pangan sudah kita capai harus kita amankan,butuh keamanan makan ketahanan makan swasembada pangan kita capai kita amankan,-12,negatif
Sambutan Presiden pada Akad Massal 62.000 Unit KPR Rumah Subsidi dan KUR Perumahan Sebesar Rp880 Miliar,https://www.setneg.go.id/baca/index/sambutan_presiden_pada_akad_massal_62000_unit_kpr_rumah_subsidi_dan_kur_perumahan_sebesar_rp880_miliar,"Dunia penuh ketidakpastian, kita harus amankan itu.",dunia penuh ketidakpastian kita harus amankan itu,dunia penuh ketidakpastian harus amankan,-7,negatif
Sambutan Presiden pada Akad Massal 62.000 Unit KPR Rumah Subsidi dan KUR Perumahan Sebesar Rp880 Miliar,https://www.setneg.go.id/baca/index/sambutan_presiden_pada_akad_massal_62000_unit_kpr_rumah_subsidi_dan_kur_perumahan_sebesar_rp880_miliar,"Kita harus amankan energi, kita harus amankan semua itu.",kita harus amankan energi kita harus amankan semua itu,harus amankan energi harus amankan semua,-10,negatif
Sambutan Presiden pada Akad Massal 62.000 Unit KPR Rumah Subsidi dan KUR Perumahan Sebesar Rp880 Miliar,https://www.setneg.go.id/baca/index/sambutan_presiden_pada_akad_massal_62000_unit_kpr_rumah_subsidi_dan_kur_perumahan_sebesar_rp880_miliar,"Tapi, kita harus jaga lingkungan hidup kita.",tapi kita harus jaga lingkungan hidup kita,jaga lingkungan hidup kita,-4,negatif
Sambutan Presiden pada Akad Massal 62.000 Unit KPR Rumah Subsidi dan KUR Perumahan Sebesar Rp880 Miliar,https://www.setneg.go.id/baca/index/sambutan_presiden_pada_akad_massal_62000_unit_kpr_rumah_subsidi_dan_kur_perumahan_sebesar_rp880_miliar,"Kita harus jaga perubahan cuaca tidak jelas, pemanasan global.",kita harus jaga perubahan cuaca tidak jelas pemanasan global,harus jaga perubahan cuaca jelas pemanasan global,-7,negatif
Sambutan Presiden pada Akad Massal 62.000 Unit KPR Rumah Subsidi dan KUR Perumahan Sebesar Rp880 Miliar,https://www.setneg.go.id/baca/index/sambutan_presiden_pada_akad_massal_62000_unit_kpr_rumah_subsidi_dan_kur_perumahan_sebesar_rp880_miliar,"Artinya, kita sebagai manusia harus inisiatif, kita harus jaga.",artinya kita sebagai manusia harus inisiatif kita harus jaga,artinya sebagai manusia inisiatif harus jaga,-8,negatif
Sambutan Presiden pada Akad Massal 62.000 Unit KPR Rumah Subsidi dan KUR Perumahan Sebesar Rp880 Miliar,https://www.setneg.go.id/baca/index/sambutan_presiden_pada_akad_massal_62000_unit_kpr_rumah_subsidi_dan_kur_perumahan_sebesar_rp880_miliar,"Berarti sampah harus kita kendalikan daninsyaallahdalam satu tahun ini, dua tahun ini, kita akan bikin perubahan drastis.",berarti sampah harus kita kendalikan daninsyaallahdalam satu tahun ini dua tahun ini kita akan bikin perubahan drastis,berarti sampah kita kendalikan daninsyaallahdalam satu tahun dua tahun kita bikin perubahan drastis,-7,negatif
Sambutan Presiden pada Akad Massal 62.000 Unit KPR Rumah Subsidi dan KUR Perumahan Sebesar Rp880 Miliar,https://www.setneg.go.id/baca/index/sambutan_presiden_pada_akad_massal_62000_unit_kpr_rumah_subsidi_dan_kur_perumahan_sebesar_rp880_miliar,"Kita akan kendalikan sampah di akhir, di akhir 2027 masalah sampah di Indonesia saya minta sudah selesai, Saudara-saudara sekalian.",kita akan kendalikan sampah di akhir di akhir masalah sampah di indonesia saya minta sudah selesai saudara saudara sekalian,akan kendalikan sampah akhir akhir masalah sampah indonesia minta selesai saudara saudara sekalian,-19,negatif
Sambutan Presiden pada Akad Massal 62.000 Unit KPR Rumah Subsidi dan KUR Perumahan Sebesar Rp880 Miliar,https://www.setneg.go.id/baca/index/sambutan_presiden_pada_akad_massal_62000_unit_kpr_rumah_subsidi_dan_kur_perumahan_sebesar_rp880_miliar,Tidak ada lagi gunung sampah.,tidak ada lagi gunung sampah,ada gunung sampah,-7,negatif
Sambutan Presiden pada Akad Massal 62.000 Unit KPR Rumah Subsidi dan KUR Perumahan Sebesar Rp880 Miliar,https://www.setneg.go.id/baca/index/sambutan_presiden_pada_akad_massal_62000_unit_kpr_rumah_subsidi_dan_kur_perumahan_sebesar_rp880_miliar,"Ini akan kita capai, akan kita capai.",ini akan kita capai akan kita capai,capai akan kita capai,-10,negatif
Sambutan Presiden pada Akad Massal 62.000 Unit KPR Rumah Subsidi dan KUR Perumahan Sebesar Rp880 Miliar,https://www.setneg.go.id/baca/index/sambutan_presiden_pada_akad_massal_62000_unit_kpr_rumah_subsidi_dan_kur_perumahan_sebesar_rp880_miliar,"Tapi, selain kebersihan, kita juga perlu hidup dalam alam yang indah estetikanya, karena ini adalah salah satu upaya daya tarik untuk pariwisata.",tapi selain kebersihan kita juga perlu hidup dalam alam yang indah estetikanya karena ini adalah salah satu upaya daya tarik untuk pariwisata,selain kebersihan juga perlu hidup alam indah estetikanya ini salah satu upaya daya tarik pariwisata,-12,negatif
Sambutan Presiden pada Akad Massal 62.000 Unit KPR Rumah Subsidi dan KUR Perumahan Sebesar Rp880 Miliar,https://www.setneg.go.id/baca/index/sambutan_presiden_pada_akad_massal_62000_unit_kpr_rumah_subsidi_dan_kur_perumahan_sebesar_rp880_miliar,"Pariwisata adalah pencipta lapangan kerja yang sangat besar, Saudara-saudara.",pariwisata adalah pencipta lapangan kerja yang sangat besar saudara saudara,pariwisata pencipta lapangan kerja sangat besar saudara saudara,-2,negatif
Sambutan Presiden pada Akad Massal 62.000 Unit KPR Rumah Subsidi dan KUR Perumahan Sebesar Rp880 Miliar,https://www.setneg.go.id/baca/index/sambutan_presiden_pada_akad_massal_62000_unit_kpr_rumah_subsidi_dan_kur_perumahan_sebesar_rp880_miliar,"Tapi wisatawan tidak akan mau datang ke kota yang jorok, dia tidak akan datang ke pantai penuh plastik dan sampah, dia tidak mau datang melihat sungai-sungai dan kali-kali yang penuh dengan sampah.",tapi wisatawan tidak akan mau datang ke kota yang jorok dia tidak akan datang ke pantai penuh plastik dan sampah dia tidak mau datang melihat sungai sungai dan kali kali yang penuh dengan sampah,wisatawan mau datang kota jorok tidak akan datang pantai penuh plastik sampah tidak mau datang melihat sungai sungai kali kali penuh sampah,-34,negatif
Sambutan Presiden pada Akad Massal 62.000 Unit KPR Rumah Subsidi dan KUR Perumahan Sebesar Rp880 Miliar,https://www.setneg.go.id/baca/index/sambutan_presiden_pada_akad_massal_62000_unit_kpr_rumah_subsidi_dan_kur_perumahan_sebesar_rp880_miliar,"Selain tidak sehat untuk kita, tidak bagus untuk harga diri kita.",selain tidak sehat untuk kita tidak bagus untuk harga diri kita,sehat tidak bagus harga diri kita,-8,negatif
Sambutan Presiden pada Akad Massal 62.000 Unit KPR Rumah Subsidi dan KUR Perumahan Sebesar Rp880 Miliar,https://www.setneg.go.id/baca/index/sambutan_presiden_pada_akad_massal_62000_unit_kpr_rumah_subsidi_dan_kur_perumahan_sebesar_rp880_miliar,"Kita harus bertekad membersihkan semua kota kita, membersihkan semua kali kita, membersihkan semua sungai kita.",kita harus bertekad membersihkan semua kota kita membersihkan semua kali kita membersihkan semua sungai kita,harus bertekad membersihkan semua kota membersihkan semua kali membersihkan semua sungai,-30,negatif
Sambutan Presiden pada Akad Massal 62.000 Unit KPR Rumah Subsidi dan KUR Perumahan Sebesar Rp880 Miliar,https://www.setneg.go.id/baca/index/sambutan_presiden_pada_akad_massal_62000_unit_kpr_rumah_subsidi_dan_kur_perumahan_sebesar_rp880_miliar,"Gubernur yang hebat, bupati yang hebat, wali kota yang hebat, pangdam yang hebat, kapolda yang hebat, danrem, dandim, kapolres, kapolsek, mereka yang harus tiap hari, tiap hari mengecek, mengecek sungai, mengecek kali.",gubernur yang hebat bupati yang hebat wali kota yang hebat pangdam yang hebat kapolda yang hebat danrem dandim kapolres kapolsek mereka yang harus tiap hari tiap hari mengecek mengecek sungai mengecek kali,gubernur hebat bupati hebat wali kota hebat pangdam hebat kapolda hebat danrem dandim kapolres kapolsek yang tiap hari tiap hari mengecek mengecek sungai mengecek kali,-6,negatif
Sambutan Presiden pada Akad Massal 62.000 Unit KPR Rumah Subsidi dan KUR Perumahan Sebesar Rp880 Miliar,https://www.setneg.go.id/baca/index/sambutan_presiden_pada_akad_massal_62000_unit_kpr_rumah_subsidi_dan_kur_perumahan_sebesar_rp880_miliar,Itu baru kau pemimpin yang hebat.,itu baru kau pemimpin yang hebat,baru kau pemimpin hebat,0,netral
Sambutan Presiden pada Akad Massal 62.000 Unit KPR Rumah Subsidi dan KUR Perumahan Sebesar Rp880 Miliar,https://www.setneg.go.id/baca/index/sambutan_presiden_pada_akad_massal_62000_unit_kpr_rumah_subsidi_dan_kur_perumahan_sebesar_rp880_miliar,"Anda punya sarana, saya tidak minta lima jam Anda ke situ.",anda punya sarana saya tidak minta lima jam anda ke situ,punya sarana tidak minta lima jam ke situ,-5,negatif
Sambutan Presiden pada Akad Massal 62.000 Unit KPR Rumah Subsidi dan KUR Perumahan Sebesar Rp880 Miliar,https://www.setneg.go.id/baca/index/sambutan_presiden_pada_akad_massal_62000_unit_kpr_rumah_subsidi_dan_kur_perumahan_sebesar_rp880_miliar,"Minimal tiap hariyouperiksa, satu jam sehariyoukeliling.",minimal tiap hariyouperiksa satu jam sehariyoukeliling,minimal tiap hariyouperiksa satu jam sehariyoukeliling,-4,negatif
Sambutan Presiden pada Akad Massal 62.000 Unit KPR Rumah Subsidi dan KUR Perumahan Sebesar Rp880 Miliar,https://www.setneg.go.id/baca/index/sambutan_presiden_pada_akad_massal_62000_unit_kpr_rumah_subsidi_dan_kur_perumahan_sebesar_rp880_miliar,"Jadi pemimpin di depan, pemimpin bersama rakyat.",jadi pemimpin di depan pemimpin bersama rakyat,jadi pemimpin depan pemimpin bersama rakyat,1,positif
Sambutan Presiden pada Akad Massal 62.000 Unit KPR Rumah Subsidi dan KUR Perumahan Sebesar Rp880 Miliar,https://www.setneg.go.id/baca/index/sambutan_presiden_pada_akad_massal_62000_unit_kpr_rumah_subsidi_dan_kur_perumahan_sebesar_rp880_miliar,Lihat.,lihat,lihat,3,positif
Sambutan Presiden pada Akad Massal 62.000 Unit KPR Rumah Subsidi dan KUR Perumahan Sebesar Rp880 Miliar,https://www.setneg.go.id/baca/index/sambutan_presiden_pada_akad_massal_62000_unit_kpr_rumah_subsidi_dan_kur_perumahan_sebesar_rp880_miliar,"Kalau ada rumah yang tidak dirawat, tegur yang puya.",kalau ada rumah yang tidak dirawat tegur yang puya,kalau rumah tidak dirawat tegur puya,-6,negatif
Sambutan Presiden pada Akad Massal 62.000 Unit KPR Rumah Subsidi dan KUR Perumahan Sebesar Rp880 Miliar,https://www.setneg.go.id/baca/index/sambutan_presiden_pada_akad_massal_62000_unit_kpr_rumah_subsidi_dan_kur_perumahan_sebesar_rp880_miliar,"Lihat di depan rumahnya jorok, tegur.",lihat di depan rumahnya jorok tegur,lihat depan rumahnya jorok tegur,-5,negatif
Sambutan Presiden pada Akad Massal 62.000 Unit KPR Rumah Subsidi dan KUR Perumahan Sebesar Rp880 Miliar,https://www.setneg.go.id/baca/index/sambutan_presiden_pada_akad_massal_62000_unit_kpr_rumah_subsidi_dan_kur_perumahan_sebesar_rp880_miliar,"Toko yang tidak mau jaga kebersihan, tegur.",toko yang tidak mau jaga kebersihan tegur,toko tidak mau jaga kebersihan tegur,-12,negatif
Sambutan Presiden pada Akad Massal 62.000 Unit KPR Rumah Subsidi dan KUR Perumahan Sebesar Rp880 Miliar,https://www.setneg.go.id/baca/index/sambutan_presiden_pada_akad_massal_62000_unit_kpr_rumah_subsidi_dan_kur_perumahan_sebesar_rp880_miliar,"Berkali-kali ditegur enggak mau, ya sudah, panggil tim gabungan.",berkali kali ditegur enggak mau ya sudah panggil tim gabungan,berkali kali ditegur enggak mau sudah panggil tim gabungan,-13,negatif
Sambutan Presiden pada Akad Massal 62.000 Unit KPR Rumah Subsidi dan KUR Perumahan Sebesar Rp880 Miliar,https://www.setneg.go.id/baca/index/sambutan_presiden_pada_akad_massal_62000_unit_kpr_rumah_subsidi_dan_kur_perumahan_sebesar_rp880_miliar,"Tim gabungan, Kejaksaan sama Polri gabung.",tim gabungan kejaksaan sama polri gabung,tim gabungan kejaksaan sama polri gabung,-11,negatif
Sambutan Presiden pada Akad Massal 62.000 Unit KPR Rumah Subsidi dan KUR Perumahan Sebesar Rp880 Miliar,https://www.setneg.go.id/baca/index/sambutan_presiden_pada_akad_massal_62000_unit_kpr_rumah_subsidi_dan_kur_perumahan_sebesar_rp880_miliar,"Jangan hari ini polisi, besok jaksa.",jangan hari ini polisi besok jaksa,jangan hari polisi besok jaksa,-3,negatif
Sambutan Presiden pada Akad Massal 62.000 Unit KPR Rumah Subsidi dan KUR Perumahan Sebesar Rp880 Miliar,https://www.setneg.go.id/baca/index/sambutan_presiden_pada_akad_massal_62000_unit_kpr_rumah_subsidi_dan_kur_perumahan_sebesar_rp880_miliar,"Enggak, ini saya serius, ya.",enggak ini saya serius ya,enggak saya serius,-8,negatif
Sambutan Presiden pada Akad Massal 62.000 Unit KPR Rumah Subsidi dan KUR Perumahan Sebesar Rp880 Miliar,https://www.setneg.go.id/baca/index/sambutan_presiden_pada_akad_massal_62000_unit_kpr_rumah_subsidi_dan_kur_perumahan_sebesar_rp880_miliar,Sampah adalah kehormatan bangsa.,sampah adalah kehormatan bangsa,sampah kehormatan bangsa,1,positif
Sambutan Presiden pada Akad Massal 62.000 Unit KPR Rumah Subsidi dan KUR Perumahan Sebesar Rp880 Miliar,https://www.setneg.go.id/baca/index/sambutan_presiden_pada_akad_massal_62000_unit_kpr_rumah_subsidi_dan_kur_perumahan_sebesar_rp880_miliar,"Tidak boleh bangsa Indonesia jorok, tidak boleh ada kota di Indonesia yang jorok.",tidak boleh bangsa indonesia jorok tidak boleh ada kota di indonesia yang jorok,boleh bangsa indonesia jorok boleh kota indonesia jorok,-7,negatif
Sambutan Presiden pada Akad Massal 62.000 Unit KPR Rumah Subsidi dan KUR Perumahan Sebesar Rp880 Miliar,https://www.setneg.go.id/baca/index/sambutan_presiden_pada_akad_massal_62000_unit_kpr_rumah_subsidi_dan_kur_perumahan_sebesar_rp880_miliar,"Ini tantangan kita semua, tantangan kita semua.",ini tantangan kita semua tantangan kita semua,tantangan semua tantangan semua,-6,negatif
Sambutan Presiden pada Akad Massal 62.000 Unit KPR Rumah Subsidi dan KUR Perumahan Sebesar Rp880 Miliar,https://www.setneg.go.id/baca/index/sambutan_presiden_pada_akad_massal_62000_unit_kpr_rumah_subsidi_dan_kur_perumahan_sebesar_rp880_miliar,"Tapi saya kira, kalau tiap ketua RT, tiap ketua RW cerewet, tiap ketua koperasi, tiap ketua masjid, tiap ketua kelompok masyarakat, kalau semua saling ingatkan, dirut-dirut BUMN, anak buah ribu, anak buahmu ribuan, perintahkan.",tapi saya kira kalau tiap ketua rt tiap ketua rw cerewet tiap ketua koperasi tiap ketua masjid tiap ketua kelompok masyarakat kalau semua saling ingatkan dirut dirut bumn anak buah ribu anak buahmu ribuan perintahkan,saya kira kalau tiap ketua rt tiap ketua rw cerewet tiap ketua koperasi tiap ketua masjid tiap ketua kelompok masyarakat kalau semua saling ingatkan dirut dirut bumn anak buah ribu anak buahmu ribuan perintahkan,-26,negatif
Sambutan Presiden pada Akad Massal 62.000 Unit KPR Rumah Subsidi dan KUR Perumahan Sebesar Rp880 Miliar,https://www.setneg.go.id/baca/index/sambutan_presiden_pada_akad_massal_62000_unit_kpr_rumah_subsidi_dan_kur_perumahan_sebesar_rp880_miliar,"Pagi-pagi, satu jam tiap pagi membersihkan lingkungan, ya.",pagi pagi satu jam tiap pagi membersihkan lingkungan ya,pagi pagi satu jam tiap pagi membersihkan lingkungan,-12,negatif
Sambutan Presiden pada Akad Massal 62.000 Unit KPR Rumah Subsidi dan KUR Perumahan Sebesar Rp880 Miliar,https://www.setneg.go.id/baca/index/sambutan_presiden_pada_akad_massal_62000_unit_kpr_rumah_subsidi_dan_kur_perumahan_sebesar_rp880_miliar,"ASN di semua Pemda keluar, satu jam atau dua jam tiap pagi bersihkan.",asn di semua pemda keluar satu jam atau dua jam tiap pagi bersihkan,asn semua pemda keluar satu jam dua jam tiap pagi bersihkan,-13,negatif
Sambutan Presiden pada Akad Massal 62.000 Unit KPR Rumah Subsidi dan KUR Perumahan Sebesar Rp880 Miliar,https://www.setneg.go.id/baca/index/sambutan_presiden_pada_akad_massal_62000_unit_kpr_rumah_subsidi_dan_kur_perumahan_sebesar_rp880_miliar,"Nanti kita kasih insentif, ya.",nanti kita kasih insentif ya,kita kasih insentif,-4,negatif
Sambutan Presiden pada Akad Massal 62.000 Unit KPR Rumah Subsidi dan KUR Perumahan Sebesar Rp880 Miliar,https://www.setneg.go.id/baca/index/sambutan_presiden_pada_akad_massal_62000_unit_kpr_rumah_subsidi_dan_kur_perumahan_sebesar_rp880_miliar,Ada Menteri Ekon di sini?,ada menteri ekon di sini,menteri ekon sini,0,netral
Sambutan Presiden pada Akad Massal 62.000 Unit KPR Rumah Subsidi dan KUR Perumahan Sebesar Rp880 Miliar,https://www.setneg.go.id/baca/index/sambutan_presiden_pada_akad_massal_62000_unit_kpr_rumah_subsidi_dan_kur_perumahan_sebesar_rp880_miliar,"Nanti ada, ya.",nanti ada ya,ada,-3,negatif
Sambutan Presiden pada Akad Massal 62.000 Unit KPR Rumah Subsidi dan KUR Perumahan Sebesar Rp880 Miliar,https://www.setneg.go.id/baca/index/sambutan_presiden_pada_akad_massal_62000_unit_kpr_rumah_subsidi_dan_kur_perumahan_sebesar_rp880_miliar,"Menteri, Mensesneg koordinasi nanti sama Menteri Keuangan, ya.",menteri mensesneg koordinasi nanti sama menteri keuangan ya,menteri mensesneg koordinasi sama menteri keuangan,4,positif
Sambutan Presiden pada Akad Massal 62.000 Unit KPR Rumah Subsidi dan KUR Perumahan Sebesar Rp880 Miliar,https://www.setneg.go.id/baca/index/sambutan_presiden_pada_akad_massal_62000_unit_kpr_rumah_subsidi_dan_kur_perumahan_sebesar_rp880_miliar,"Kita bikin lomba kota terbersih, kota terbersih satu, dua, tiga, empat, lima.",kita bikin lomba kota terbersih kota terbersih satu dua tiga empat lima,bikin lomba kota terbersih kota terbersih satu tiga empat lima,-3,negatif
Sambutan Presiden pada Akad Massal 62.000 Unit KPR Rumah Subsidi dan KUR Perumahan Sebesar Rp880 Miliar,https://www.setneg.go.id/baca/index/sambutan_presiden_pada_akad_massal_62000_unit_kpr_rumah_subsidi_dan_kur_perumahan_sebesar_rp880_miliar,Perlu enggak kota terjorok?,perlu enggak kota terjorok,perlu enggak kota terjorok,1,positif
Sambutan Presiden pada Akad Massal 62.000 Unit KPR Rumah Subsidi dan KUR Perumahan Sebesar Rp880 Miliar,https://www.setneg.go.id/baca/index/sambutan_presiden_pada_akad_massal_62000_unit_kpr_rumah_subsidi_dan_kur_perumahan_sebesar_rp880_miliar,Yang penting kota terbersih.,yang penting kota terbersih,penting kota terbersih,-5,negatif
Sambutan Presiden pada Akad Massal 62.000 Unit KPR Rumah Subsidi dan KUR Perumahan Sebesar Rp880 Miliar,https://www.setneg.go.id/baca/index/sambutan_presiden_pada_akad_massal_62000_unit_kpr_rumah_subsidi_dan_kur_perumahan_sebesar_rp880_miliar,"Kita kasih nanti insentif, ya.",kita kasih nanti insentif ya,kasih insentif,-4,negatif
Sambutan Presiden pada Akad Massal 62.000 Unit KPR Rumah Subsidi dan KUR Perumahan Sebesar Rp880 Miliar,https://www.setneg.go.id/baca/index/sambutan_presiden_pada_akad_massal_62000_unit_kpr_rumah_subsidi_dan_kur_perumahan_sebesar_rp880_miliar,"Kota terbersih malah kita kasih, kalau bisa Rp20 miliar.",kota terbersih malah kita kasih kalau bisa rp miliar,kota terbersih malah kasih kalau rp miliar,-3,negatif
Sambutan Presiden pada Akad Massal 62.000 Unit KPR Rumah Subsidi dan KUR Perumahan Sebesar Rp880 Miliar,https://www.setneg.go.id/baca/index/sambutan_presiden_pada_akad_massal_62000_unit_kpr_rumah_subsidi_dan_kur_perumahan_sebesar_rp880_miliar,"Lima kota terbersih, Rp20 miliar.",lima kota terbersih rp miliar,lima kota terbersih rp miliar,-1,negatif
Sambutan Presiden pada Akad Massal 62.000 Unit KPR Rumah Subsidi dan KUR Perumahan Sebesar Rp880 Miliar,https://www.setneg.go.id/baca/index/sambutan_presiden_pada_akad_massal_62000_unit_kpr_rumah_subsidi_dan_kur_perumahan_sebesar_rp880_miliar,"Lima kota yang di bawahnya, Rp10 miliar, dan sebagainya, ya.",lima kota yang di bawahnya rp miliar dan sebagainya ya,lima kota di bawahnya rp miliar sebagainya,-1,negatif
Sambutan Presiden pada Akad Massal 62.000 Unit KPR Rumah Subsidi dan KUR Perumahan Sebesar Rp880 Miliar,https://www.setneg.go.id/baca/index/sambutan_presiden_pada_akad_massal_62000_unit_kpr_rumah_subsidi_dan_kur_perumahan_sebesar_rp880_miliar,"Lebih baik dikasih itu, kan, daripada kita kasih piala?",lebih baik dikasih itu kan daripada kita kasih piala,lebih baik dikasih kan kita kasih piala,1,positif
Sambutan Presiden pada Akad Massal 62.000 Unit KPR Rumah Subsidi dan KUR Perumahan Sebesar Rp880 Miliar,https://www.setneg.go.id/baca/index/sambutan_presiden_pada_akad_massal_62000_unit_kpr_rumah_subsidi_dan_kur_perumahan_sebesar_rp880_miliar,Atau piala juga?,atau piala juga,piala,0,netral
Sambutan Presiden pada Akad Massal 62.000 Unit KPR Rumah Subsidi dan KUR Perumahan Sebesar Rp880 Miliar,https://www.setneg.go.id/baca/index/sambutan_presiden_pada_akad_massal_62000_unit_kpr_rumah_subsidi_dan_kur_perumahan_sebesar_rp880_miliar,"Piala juga, yang mentah juga, ya.",piala juga yang mentah juga ya,piala yang mentah ya,-1,negatif
Sambutan Presiden pada Akad Massal 62.000 Unit KPR Rumah Subsidi dan KUR Perumahan Sebesar Rp880 Miliar,https://www.setneg.go.id/baca/index/sambutan_presiden_pada_akad_massal_62000_unit_kpr_rumah_subsidi_dan_kur_perumahan_sebesar_rp880_miliar,"Enggak, ini benar.",enggak ini benar,enggak benar,-4,negatif
Sambutan Presiden pada Akad Massal 62.000 Unit KPR Rumah Subsidi dan KUR Perumahan Sebesar Rp880 Miliar,https://www.setneg.go.id/baca/index/sambutan_presiden_pada_akad_massal_62000_unit_kpr_rumah_subsidi_dan_kur_perumahan_sebesar_rp880_miliar,Pasti uang itu dipakai untuk yang baik.,pasti uang itu dipakai untuk yang baik,uang dipakai yang baik,-6,negatif
Sambutan Presiden pada Akad Massal 62.000 Unit KPR Rumah Subsidi dan KUR Perumahan Sebesar Rp880 Miliar,https://www.setneg.go.id/baca/index/sambutan_presiden_pada_akad_massal_62000_unit_kpr_rumah_subsidi_dan_kur_perumahan_sebesar_rp880_miliar,"Iya, kan?",iya kan,iya kan,0,netral
Sambutan Presiden pada Akad Massal 62.000 Unit KPR Rumah Subsidi dan KUR Perumahan Sebesar Rp880 Miliar,https://www.setneg.go.id/baca/index/sambutan_presiden_pada_akad_massal_62000_unit_kpr_rumah_subsidi_dan_kur_perumahan_sebesar_rp880_miliar,"Dia akan cari truk, dia ekskavator, dan sebagainya.",dia akan cari truk dia ekskavator dan sebagainya,akan cari truk ekskavator sebagainya,-3,negatif
Sambutan Presiden pada Akad Massal 62.000 Unit KPR Rumah Subsidi dan KUR Perumahan Sebesar Rp880 Miliar,https://www.setneg.go.id/baca/index/sambutan_presiden_pada_akad_massal_62000_unit_kpr_rumah_subsidi_dan_kur_perumahan_sebesar_rp880_miliar,"Tapi ekskavator yang ada, coba di, Panglima TNI, ya, cek di Pindad ada ekskavator berapa, bagikan ke kabupaten-kabupaten semua itu sudah, bagikan semuanya, ya.",tapi ekskavator yang ada coba di panglima tni ya cek di pindad ada ekskavator berapa bagikan ke kabupaten kabupaten semua itu sudah bagikan semuanya ya,ekskavator coba panglima tni cek pindad ada ekskavator berapa bagikan kabupaten kabupaten semua sudah bagikan semuanya,-13,negatif
Sambutan Presiden pada Akad Massal 62.000 Unit KPR Rumah Subsidi dan KUR Perumahan Sebesar Rp880 Miliar,https://www.setneg.go.id/baca/index/sambutan_presiden_pada_akad_massal_62000_unit_kpr_rumah_subsidi_dan_kur_perumahan_sebesar_rp880_miliar,"Ekskavator,dump truck, semua.",ekskavator dump truck semua,ekskavator dump truck semua,-3,negatif
Sambutan Presiden pada Akad Massal 62.000 Unit KPR Rumah Subsidi dan KUR Perumahan Sebesar Rp880 Miliar,https://www.setneg.go.id/baca/index/sambutan_presiden_pada_akad_massal_62000_unit_kpr_rumah_subsidi_dan_kur_perumahan_sebesar_rp880_miliar,"Kita dukung Saudara, karena ini adalah kampanye nasional yang sangat penting, Saudara-saudara.",kita dukung saudara karena ini adalah kampanye nasional yang sangat penting saudara saudara,dukung saudara ini kampanye nasional sangat penting saudara saudara,-2,negatif
Sambutan Presiden pada Akad Massal 62.000 Unit KPR Rumah Subsidi dan KUR Perumahan Sebesar Rp880 Miliar,https://www.setneg.go.id/baca/index/sambutan_presiden_pada_akad_massal_62000_unit_kpr_rumah_subsidi_dan_kur_perumahan_sebesar_rp880_miliar,"Hilirisasi [dan] pangan iya, semua di ujungnya lingkungan kita.",hilirisasi dan pangan iya semua di ujungnya lingkungan kita,hilirisasi pangan iya semua ujungnya lingkungan,0,netral
Sambutan Presiden pada Akad Massal 62.000 Unit KPR Rumah Subsidi dan KUR Perumahan Sebesar Rp880 Miliar,https://www.setneg.go.id/baca/index/sambutan_presiden_pada_akad_massal_62000_unit_kpr_rumah_subsidi_dan_kur_perumahan_sebesar_rp880_miliar,"Bangsa kita harus bersih, bangsa kita harus indah, bangsa kita harus dijaga kelestariannya.",bangsa kita harus bersih bangsa kita harus indah bangsa kita harus dijaga kelestariannya,bangsa harus bersih bangsa harus indah bangsa harus dijaga kelestariannya,-17,negatif
Sambutan Presiden pada Akad Massal 62.000 Unit KPR Rumah Subsidi dan KUR Perumahan Sebesar Rp880 Miliar,https://www.setneg.go.id/baca/index/sambutan_presiden_pada_akad_massal_62000_unit_kpr_rumah_subsidi_dan_kur_perumahan_sebesar_rp880_miliar,"Kalau pohon sudah banyak berkurang, kita tanam ratusan juta pohon.",kalau pohon sudah banyak berkurang kita tanam ratusan juta pohon,kalau pohon banyak berkurang tanam ratusan juta pohon,-13,negatif
Sambutan Presiden pada Akad Massal 62.000 Unit KPR Rumah Subsidi dan KUR Perumahan Sebesar Rp880 Miliar,https://www.setneg.go.id/baca/index/sambutan_presiden_pada_akad_massal_62000_unit_kpr_rumah_subsidi_dan_kur_perumahan_sebesar_rp880_miliar,"Menteri Pertanian saya minta, ya, Menteri Kehutanan, bikinnursery-nursery.",menteri pertanian saya minta ya menteri kehutanan bikinnursery nursery,menteri pertanian minta menteri kehutanan bikinnursery nursery,-3,negatif
Sambutan Presiden pada Akad Massal 62.000 Unit KPR Rumah Subsidi dan KUR Perumahan Sebesar Rp880 Miliar,https://www.setneg.go.id/baca/index/sambutan_presiden_pada_akad_massal_62000_unit_kpr_rumah_subsidi_dan_kur_perumahan_sebesar_rp880_miliar,Saya butuh benih-benih pohon yang bagus untuk semua kota dan kabupaten kita.,saya butuh benih benih pohon yang bagus untuk semua kota dan kabupaten kita,butuh benih benih pohon bagus semua kota kabupaten,-17,negatif
Sambutan Presiden pada Akad Massal 62.000 Unit KPR Rumah Subsidi dan KUR Perumahan Sebesar Rp880 Miliar,https://www.setneg.go.id/baca/index/sambutan_presiden_pada_akad_massal_62000_unit_kpr_rumah_subsidi_dan_kur_perumahan_sebesar_rp880_miliar,Saya kira itu tambahan.,saya kira itu tambahan,kira tambahan,3,positif
Sambutan Presiden pada Akad Massal 62.000 Unit KPR Rumah Subsidi dan KUR Perumahan Sebesar Rp880 Miliar,https://www.setneg.go.id/baca/index/sambutan_presiden_pada_akad_massal_62000_unit_kpr_rumah_subsidi_dan_kur_perumahan_sebesar_rp880_miliar,"Jadi perumahan, perumahan dan pemukiman, kan, pemukiman.",jadi perumahan perumahan dan pemukiman kan pemukiman,jadi perumahan perumahan pemukiman kan pemukiman,-2,negatif
Sambutan Presiden pada Akad Massal 62.000 Unit KPR Rumah Subsidi dan KUR Perumahan Sebesar Rp880 Miliar,https://www.setneg.go.id/baca/index/sambutan_presiden_pada_akad_massal_62000_unit_kpr_rumah_subsidi_dan_kur_perumahan_sebesar_rp880_miliar,"Jadi rumah, tapi lingkungannya harus asri, harus bersih, harus indah, ya.",jadi rumah tapi lingkungannya harus asri harus bersih harus indah ya,jadi rumah lingkungannya asri bersih indah,-4,negatif
Sambutan Presiden pada Akad Massal 62.000 Unit KPR Rumah Subsidi dan KUR Perumahan Sebesar Rp880 Miliar,https://www.setneg.go.id/baca/index/sambutan_presiden_pada_akad_massal_62000_unit_kpr_rumah_subsidi_dan_kur_perumahan_sebesar_rp880_miliar,"Panglima-panglima, Jenderal-jenderal jangan jadi jenderal salon.",panglima panglima jenderal jenderal jangan jadi jenderal salon,panglima panglima jenderal jenderal jangan jadi jenderal salon,1,positif
Sambutan Presiden pada Akad Massal 62.000 Unit KPR Rumah Subsidi dan KUR Perumahan Sebesar Rp880 Miliar,https://www.setneg.go.id/baca/index/sambutan_presiden_pada_akad_massal_62000_unit_kpr_rumah_subsidi_dan_kur_perumahan_sebesar_rp880_miliar,Maunya bersih.,maunya bersih,maunya bersih,-1,negatif
Sambutan Presiden pada Akad Massal 62.000 Unit KPR Rumah Subsidi dan KUR Perumahan Sebesar Rp880 Miliar,https://www.setneg.go.id/baca/index/sambutan_presiden_pada_akad_massal_62000_unit_kpr_rumah_subsidi_dan_kur_perumahan_sebesar_rp880_miliar,"Sekali-sekali jenderal sepatunya harus kotor, kalau perlu celananya harus kotor sampai ke dengkul.",sekali sekali jenderal sepatunya harus kotor kalau perlu celananya harus kotor sampai ke dengkul,sekali sekali jenderal sepatunya kotor kalau perlu celananya kotor ke dengkul,-14,negatif
Sambutan Presiden pada Akad Massal 62.000 Unit KPR Rumah Subsidi dan KUR Perumahan Sebesar Rp880 Miliar,https://www.setneg.go.id/baca/index/sambutan_presiden_pada_akad_massal_62000_unit_kpr_rumah_subsidi_dan_kur_perumahan_sebesar_rp880_miliar,"Tapi, jangan kalau menghadap presiden dikotori sepatunya.",tapi jangan kalau menghadap presiden dikotori sepatunya,jangan kalau menghadap presiden dikotori sepatunya,-1,negatif
Sambutan Presiden pada Akad Massal 62.000 Unit KPR Rumah Subsidi dan KUR Perumahan Sebesar Rp880 Miliar,https://www.setneg.go.id/baca/index/sambutan_presiden_pada_akad_massal_62000_unit_kpr_rumah_subsidi_dan_kur_perumahan_sebesar_rp880_miliar,Itu ilmu dulu.,itu ilmu dulu,ilmu dulu,4,positif
Sambutan Presiden pada Akad Massal 62.000 Unit KPR Rumah Subsidi dan KUR Perumahan Sebesar Rp880 Miliar,https://www.setneg.go.id/baca/index/sambutan_presiden_pada_akad_massal_62000_unit_kpr_rumah_subsidi_dan_kur_perumahan_sebesar_rp880_miliar,"Baik, ada pertanyaan?",baik ada pertanyaan,baik pertanyaan,-1,negatif
Sambutan Presiden pada Akad Massal 62.000 Unit KPR Rumah Subsidi dan KUR Perumahan Sebesar Rp880 Miliar,https://www.setneg.go.id/baca/index/sambutan_presiden_pada_akad_massal_62000_unit_kpr_rumah_subsidi_dan_kur_perumahan_sebesar_rp880_miliar,Tidak ada?,tidak ada,ada,-3,negatif
Sambutan Presiden pada Akad Massal 62.000 Unit KPR Rumah Subsidi dan KUR Perumahan Sebesar Rp880 Miliar,https://www.setneg.go.id/baca/index/sambutan_presiden_pada_akad_massal_62000_unit_kpr_rumah_subsidi_dan_kur_perumahan_sebesar_rp880_miliar,"Ada yang stres, ada yang stres.",ada yang stres ada yang stres,yang stres yang stres,-18,negatif
Sambutan Presiden pada Akad Massal 62.000 Unit KPR Rumah Subsidi dan KUR Perumahan Sebesar Rp880 Miliar,https://www.setneg.go.id/baca/index/sambutan_presiden_pada_akad_massal_62000_unit_kpr_rumah_subsidi_dan_kur_perumahan_sebesar_rp880_miliar,"Baik, saya batasi, pertanyaan hanya 15 pertanyaan.",baik saya batasi pertanyaan hanya pertanyaan,baik batasi pertanyaan pertanyaan,-1,negatif
Sambutan Presiden pada Akad Massal 62.000 Unit KPR Rumah Subsidi dan KUR Perumahan Sebesar Rp880 Miliar,https://www.setneg.go.id/baca/index/sambutan_presiden_pada_akad_massal_62000_unit_kpr_rumah_subsidi_dan_kur_perumahan_sebesar_rp880_miliar,Enggak ada yang bertanya?,enggak ada yang bertanya,enggak yang bertanya,-3,negatif
Sambutan Presiden pada Akad Massal 62.000 Unit KPR Rumah Subsidi dan KUR Perumahan Sebesar Rp880 Miliar,https://www.setneg.go.id/baca/index/sambutan_presiden_pada_akad_massal_62000_unit_kpr_rumah_subsidi_dan_kur_perumahan_sebesar_rp880_miliar,"Kali ini benar, ya.",kali ini benar ya,kali benar,-4,negatif
Sambutan Presiden pada Akad Massal 62.000 Unit KPR Rumah Subsidi dan KUR Perumahan Sebesar Rp880 Miliar,https://www.setneg.go.id/baca/index/sambutan_presiden_pada_akad_massal_62000_unit_kpr_rumah_subsidi_dan_kur_perumahan_sebesar_rp880_miliar,Wassalamu’alaikum warahmatullahi wabarakatuh.,wassalamu alaikum warahmatullahi wabarakatuh,wassalamu alaikum warahmatullahi wabarakatuh,2,positif
Sambutan Presiden pada Akad Massal 62.000 Unit KPR Rumah Subsidi dan KUR Perumahan Sebesar Rp880 Miliar,https://www.setneg.go.id/baca/index/sambutan_presiden_pada_akad_massal_62000_unit_kpr_rumah_subsidi_dan_kur_perumahan_sebesar_rp880_miliar,"Dengan mengucapbismillahirrahmanirrahim, pada siang hari ini, Kamis, 30 Juli 2026, saya Prabowo Subianto, Presiden Republik Indonesia, secara resmi menyatakan Akad Massal 62.000 Unit KPR dimulai.",dengan mengucapbismillahirrahmanirrahim pada siang hari ini kamis juli saya prabowo subianto presiden republik indonesia secara resmi menyatakan akad massal unit kpr dimulai,mengucapbismillahirrahmanirrahim siang hari kamis juli prabowo subianto presiden republik indonesia resmi menyatakan akad massal unit kpr dimulai,2,positif
Sambutan Presiden pada Akad Massal 62.000 Unit KPR Rumah Subsidi dan KUR Perumahan Sebesar Rp880 Miliar,https://www.setneg.go.id/baca/index/sambutan_presiden_pada_akad_massal_62000_unit_kpr_rumah_subsidi_dan_kur_perumahan_sebesar_rp880_miliar,"Kamis, 30 Juli 2026
Kamis, 30 Juli 2026
Rabu, 29 Juli 2026
Rabu, 22 Juli 2026
Senin, 20 Juli 2026",kamis juli kamis juli rabu juli rabu juli senin juli,kamis juli kamis juli rabu juli rabu juli senin juli,0,netral
Sambutan Presiden pada Peresmian Revitalisasi Stasiun Semarang Tawang,https://www.setneg.go.id/baca/index/sambutan_presiden_pada_peresmian_revitalisasi_stasiun_semarang_tawang,Bismillahirrahmanirrahim.,bismillahirrahmanirrahim,bismillahirrahmanirrahim,0,netral
Sambutan Presiden pada Peresmian Revitalisasi Stasiun Semarang Tawang,https://www.setneg.go.id/baca/index/sambutan_presiden_pada_peresmian_revitalisasi_stasiun_semarang_tawang,"Assalamu’alaikum warahmatullahi wabarakatuh,Selamat siang,Salam sejahtera bagi kita sekalian,Syalom,Salve,Om swastiastu,Namo Buddhaya,Salam kebajikan.",assalamu alaikum warahmatullahi wabarakatuh selamat siang salam sejahtera bagi kita sekalian syalom salve om swastiastu namo buddhaya salam kebajikan,assalamu alaikum warahmatullahi wabarakatuh selamat siang salam sejahtera kita sekalian syalom salve om swastiastu namo buddhaya salam kebajikan,11,positif
Sambutan Presiden pada Peresmian Revitalisasi Stasiun Semarang Tawang,https://www.setneg.go.id/baca/index/sambutan_presiden_pada_peresmian_revitalisasi_stasiun_semarang_tawang,"Yang saya hormati Direktur Utama PT Kereta Api Indonesia (KAI) sebagai penyelenggara Saudara Bobby Rasyidin;Para Menteri Anggota Kabinet Merah Putih yang hadir: Menteri Perhubungan Saudara Dudy Purwagandhi, Menteri Kebudayaan Saudara Fadli Zon, Menteri Energi dan Sumber Daya Mineral Saudara Bahlil Lahadalia, Menteri Luar Negeri Saudara Sugiono, Menteri Sekretaris Negara Saudara Prasetyo Hadi, Menteri Agraria dan Tata Ruang Saudara Nusron Wahid, Sekretaris Kabinet Republik Indonesia Letkol Infanteri Teddy Indra Wijaya, Gubernur Jawa Tengah Komisaris Jenderal Polisi (Purn.) Ahmad Luthfi, beserta Forkopimda Jawa Tengah: hadir Panglima Kodam, hadir Kapolda, hadir pejabat-pejabat Forkopimda yang lain, Wali Kota Semarang Saudari Agustina Wilujeng Pramestuti;Yang saya hormati pegawai Kereta Api Indonesia: para petugas stasiun, masinis, dan seluruh staf pegawai KAI di mana pun engkau bertugas;Para tamu undangan, serta rekan-rekan pers media yang hadir.Tentunya kita sebagai insan yang bertakwa tidak henti-hentinya memanjatkan puji syukur ke hadirat Tuhan Mahakuasa, Tuhan Mahabesar, bagi umat Islam Allahsubhanahu wa ta’ala, atas segala karunia dan berkah diberikan kepada negara kita, atas kesehatan, napas yang masih diberikan kepada kita.",yang saya hormati direktur utama pt kereta api indonesia kai sebagai penyelenggara saudara bobby rasyidin para menteri anggota kabinet merah putih yang hadir menteri perhubungan saudara dudy purwagandhi menteri kebudayaan saudara fadli zon menteri energi dan sumber daya mineral saudara bahlil lahadalia menteri luar negeri saudara sugiono menteri sekretaris negara saudara prasetyo hadi menteri agraria dan tata ruang saudara nusron wahid sekretaris kabinet republik indonesia letkol infanteri teddy indra wijaya gubernur jawa tengah komisaris jenderal polisi purn ahmad luthfi beserta forkopimda jawa tengah hadir panglima kodam hadir kapolda hadir pejabat pejabat forkopimda yang lain wali kota semarang saudari agustina wilujeng pramestuti yang saya hormati pegawai kereta api indonesia para petugas stasiun masinis dan seluruh staf pegawai kai di mana pun engkau bertugas para tamu undangan serta rekan rekan pers media yang hadir tentunya kita sebagai insan yang bertakwa tidak henti hentinya memanjatkan puji syukur ke hadirat tuhan mahakuasa tuhan mahabesar bagi umat islam allahsubhanahu wa ta ala atas segala karunia dan berkah diberikan kepada negara kita atas kesehatan napas yang masih diberikan kepada kita,saya hormati direktur utama pt kereta api indonesia kai penyelenggara saudara bobby rasyidin menteri anggota kabinet merah putih hadir menteri perhubungan saudara dudy purwagandhi menteri kebudayaan saudara fadli zon menteri energi sumber daya mineral saudara bahlil lahadalia menteri luar negeri saudara sugiono menteri sekretaris negara saudara prasetyo hadi menteri agraria tata ruang saudara nusron wahid sekretaris kabinet republik indonesia letkol infanteri teddy indra wijaya gubernur jawa tengah komisaris jenderal polisi purn ahmad luthfi beserta forkopimda jawa tengah hadir panglima kodam hadir kapolda hadir pejabat pejabat forkopimda lain wali kota semarang saudari agustina wilujeng pramestuti saya hormati pegawai kereta api indonesia petugas stasiun masinis seluruh staf pegawai kai mana engkau bertugas tamu undangan rekan rekan pers media hadir tentunya sebagai insan bertakwa henti hentinya memanjatkan puji syukur hadirat tuhan mahakuasa tuhan mahabesar umat islam allahsubhanahu wa ta ala atas segala karunia berkah diberikan negara atas kesehatan napas masih diberikan kita,-40,negatif
Sambutan Presiden pada Peresmian Revitalisasi Stasiun Semarang Tawang,https://www.setneg.go.id/baca/index/sambutan_presiden_pada_peresmian_revitalisasi_stasiun_semarang_tawang,"Sehingga pada hari ini kita dapat berkumpul di sini, di tempat yang sarat nilai sejarah, untuk melaksanakan Peresmian Revitalisasi Stasiun Semarang Tawang.",sehingga pada hari ini kita dapat berkumpul di sini di tempat yang sarat nilai sejarah untuk melaksanakan peresmian revitalisasi stasiun semarang tawang,pada hari kita berkumpul sini tempat sarat nilai sejarah melaksanakan peresmian revitalisasi stasiun semarang tawang,-4,negatif
Sambutan Presiden pada Peresmian Revitalisasi Stasiun Semarang Tawang,https://www.setneg.go.id/baca/index/sambutan_presiden_pada_peresmian_revitalisasi_stasiun_semarang_tawang,"Saudara-saudara,Sejarah mencatat bahwa Presiden Republik Indonesia yang pertama menggunakan stasiun ini untuk berangkat ke daerah-daerah lain, untuk menjalankan tugas negara di awal kemerdekaan.",saudara saudara sejarah mencatat bahwa presiden republik indonesia yang pertama menggunakan stasiun ini untuk berangkat ke daerah daerah lain untuk menjalankan tugas negara di awal kemerdekaan,saudara saudara sejarah mencatat presiden republik indonesia pertama menggunakan stasiun untuk berangkat daerah daerah untuk menjalankan tugas negara awal kemerdekaan,-4,negatif
Sambutan Presiden pada Peresmian Revitalisasi Stasiun Semarang Tawang,https://www.setneg.go.id/baca/index/sambutan_presiden_pada_peresmian_revitalisasi_stasiun_semarang_tawang,"Karena itu, menjaga, melestarikan stasiun Tawang ini tidak hanya menjaga dan melestarikan satu bangunan, tapi juga menjaga identitas dan menjaga memori dan perjalanan sejarah kita.",karena itu menjaga melestarikan stasiun tawang ini tidak hanya menjaga dan melestarikan satu bangunan tapi juga menjaga identitas dan menjaga memori dan perjalanan sejarah kita,itu menjaga melestarikan stasiun tawang tidak menjaga melestarikan satu bangunan juga menjaga identitas menjaga memori perjalanan sejarah,-20,negatif
Sambutan Presiden pada Peresmian Revitalisasi Stasiun Semarang Tawang,https://www.setneg.go.id/baca/index/sambutan_presiden_pada_peresmian_revitalisasi_stasiun_semarang_tawang,"Saudara-saudara,Bangsa yang besar tidak boleh merupakan sejarahnya, dan kita memang mengalami masa penjajahan yang lama.",saudara saudara bangsa yang besar tidak boleh merupakan sejarahnya dan kita memang mengalami masa penjajahan yang lama,saudara saudara bangsa besar boleh merupakan sejarahnya kita memang mengalami masa penjajahan lama,-9,negatif
Sambutan Presiden pada Peresmian Revitalisasi Stasiun Semarang Tawang,https://www.setneg.go.id/baca/index/sambutan_presiden_pada_peresmian_revitalisasi_stasiun_semarang_tawang,Tapi kita juga manfaatkan masa itu untuk belajar.,tapi kita juga manfaatkan masa itu untuk belajar,kita manfaatkan masa untuk belajar,3,positif
Sambutan Presiden pada Peresmian Revitalisasi Stasiun Semarang Tawang,https://www.setneg.go.id/baca/index/sambutan_presiden_pada_peresmian_revitalisasi_stasiun_semarang_tawang,"Belajar teknologi, belajar sains, untuk kita mengejar kemajuan dan semua yang diperlukan, untuk menjadi bangsa yang kuat dan bangsa yang merdeka.",belajar teknologi belajar sains untuk kita mengejar kemajuan dan semua yang diperlukan untuk menjadi bangsa yang kuat dan bangsa yang merdeka,belajar teknologi belajar sains kita mengejar kemajuan semua diperlukan menjadi bangsa kuat bangsa merdeka,-1,negatif
Sambutan Presiden pada Peresmian Revitalisasi Stasiun Semarang Tawang,https://www.setneg.go.id/baca/index/sambutan_presiden_pada_peresmian_revitalisasi_stasiun_semarang_tawang,"Karena itu, penting juga kita untuk melestarikan semua yang kita miliki, walaupun itu dari zaman dahulu.",karena itu penting juga kita untuk melestarikan semua yang kita miliki walaupun itu dari zaman dahulu,penting kita melestarikan semua kita miliki walaupun itu dari zaman,-12,negatif
Sambutan Presiden pada Peresmian Revitalisasi Stasiun Semarang Tawang,https://www.setneg.go.id/baca/index/sambutan_presiden_pada_peresmian_revitalisasi_stasiun_semarang_tawang,"Kita harus melestarikan kuil-kuil, kita harus melestarikan semua bangunan-bangunan ribuan tahun, ratusan tahun yang lalu.",kita harus melestarikan kuil kuil kita harus melestarikan semua bangunan bangunan ribuan tahun ratusan tahun yang lalu,harus melestarikan kuil kuil harus melestarikan semua bangunan bangunan ribuan tahun ratusan tahun lalu,-10,negatif
Sambutan Presiden pada Peresmian Revitalisasi Stasiun Semarang Tawang,https://www.setneg.go.id/baca/index/sambutan_presiden_pada_peresmian_revitalisasi_stasiun_semarang_tawang,"Itu bagian dari sejarah kita, bagian dari identitas kita.",itu bagian dari sejarah kita bagian dari identitas kita,bagian sejarah bagian identitas,-8,negatif
Sambutan Presiden pada Peresmian Revitalisasi Stasiun Semarang Tawang,https://www.setneg.go.id/baca/index/sambutan_presiden_pada_peresmian_revitalisasi_stasiun_semarang_tawang,"Saudara-saudara,Saya ucapkan terima kasih kepada Direktur Utama Kereta Api Indonesia yang mengambil langkah-langkah cepat, tanggap.",saudara saudara saya ucapkan terima kasih kepada direktur utama kereta api indonesia yang mengambil langkah langkah cepat tanggap,saudara saudara ucapkan terima kasih direktur utama kereta api indonesia mengambil langkah langkah cepat tanggap,6,positif
Sambutan Presiden pada Peresmian Revitalisasi Stasiun Semarang Tawang,https://www.setneg.go.id/baca/index/sambutan_presiden_pada_peresmian_revitalisasi_stasiun_semarang_tawang,"Saudara-saudara,Kereta api menurut pendapat saya terus memainkan peran yang signifikan dalam kehidupan bangsa yang modern.",saudara saudara kereta api menurut pendapat saya terus memainkan peran yang signifikan dalam kehidupan bangsa yang modern,saudara saudara kereta api pendapat terus memainkan peran signifikan kehidupan bangsa modern,-3,negatif
Sambutan Presiden pada Peresmian Revitalisasi Stasiun Semarang Tawang,https://www.setneg.go.id/baca/index/sambutan_presiden_pada_peresmian_revitalisasi_stasiun_semarang_tawang,Kereta api adalah instrumen logistik yang ekonomis.,kereta api adalah instrumen logistik yang ekonomis,kereta api instrumen logistik ekonomis,-3,negatif
Sambutan Presiden pada Peresmian Revitalisasi Stasiun Semarang Tawang,https://www.setneg.go.id/baca/index/sambutan_presiden_pada_peresmian_revitalisasi_stasiun_semarang_tawang,"Kereta api memberi manfaat kepada rakyat banyak, terutama rakyat yang berpenghasilan rendah.",kereta api memberi manfaat kepada rakyat banyak terutama rakyat yang berpenghasilan rendah,kereta api memberi manfaat rakyat banyak terutama rakyat berpenghasilan rendah,-7,negatif
Sambutan Presiden pada Peresmian Revitalisasi Stasiun Semarang Tawang,https://www.setneg.go.id/baca/index/sambutan_presiden_pada_peresmian_revitalisasi_stasiun_semarang_tawang,Kereta api adalah instrumen ekonomi rakyat.,kereta api adalah instrumen ekonomi rakyat,kereta api instrumen ekonomi rakyat,-6,negatif
Sambutan Presiden pada Peresmian Revitalisasi Stasiun Semarang Tawang,https://www.setneg.go.id/baca/index/sambutan_presiden_pada_peresmian_revitalisasi_stasiun_semarang_tawang,Kereta api adalah instrumen sesungguhnya daripada demokratisasi ekonomi.,kereta api adalah instrumen sesungguhnya daripada demokratisasi ekonomi,kereta api instrumen sesungguhnya demokratisasi ekonomi,-2,negatif
Sambutan Presiden pada Peresmian Revitalisasi Stasiun Semarang Tawang,https://www.setneg.go.id/baca/index/sambutan_presiden_pada_peresmian_revitalisasi_stasiun_semarang_tawang,"Kereta api harus melayani rakyat, sehingga di banyak negara kereta api itu dianggappublic service, tidak semata-mata mengejar keuntungan, tetapi harus efisien.",kereta api harus melayani rakyat sehingga di banyak negara kereta api itu dianggappublic service tidak semata mata mengejar keuntungan tetapi harus efisien,kereta api melayani rakyat di banyak negara kereta api dianggappublic service semata mata mengejar keuntungan harus efisien,-23,negatif
Sambutan Presiden pada Peresmian Revitalisasi Stasiun Semarang Tawang,https://www.setneg.go.id/baca/index/sambutan_presiden_pada_peresmian_revitalisasi_stasiun_semarang_tawang,"Sehingga, nanti ada kereta api yang diarahkan untuk membantu rakyat yang berpenghasilan rendah, sehingga kereta api juga harus melayani kota-kota kecil.",sehingga nanti ada kereta api yang diarahkan untuk membantu rakyat yang berpenghasilan rendah sehingga kereta api juga harus melayani kota kota kecil,nanti kereta api diarahkan membantu rakyat berpenghasilan rendah kereta api harus melayani kota kota kecil,-38,negatif
Sambutan Presiden pada Peresmian Revitalisasi Stasiun Semarang Tawang,https://www.setneg.go.id/baca/index/sambutan_presiden_pada_peresmian_revitalisasi_stasiun_semarang_tawang,"Kadang-kadang dilema, ingin kereta api cepat, akhirnya kota-kota kecil tidak terlayani.",kadang kadang dilema ingin kereta api cepat akhirnya kota kota kecil tidak terlayani,kadang kadang dilema kereta api cepat akhirnya kota kota kecil terlayani,-11,negatif
Sambutan Presiden pada Peresmian Revitalisasi Stasiun Semarang Tawang,https://www.setneg.go.id/baca/index/sambutan_presiden_pada_peresmian_revitalisasi_stasiun_semarang_tawang,"Kereta Api Indonesia harus benar-benar berpikir utuh, komprehensif, ya.",kereta api indonesia harus benar benar berpikir utuh komprehensif ya,kereta api indonesia benar benar berpikir utuh komprehensif,-14,negatif
Sambutan Presiden pada Peresmian Revitalisasi Stasiun Semarang Tawang,https://www.setneg.go.id/baca/index/sambutan_presiden_pada_peresmian_revitalisasi_stasiun_semarang_tawang,"Kita mengejar modernisasi, kita mengejar teknologi.",kita mengejar modernisasi kita mengejar teknologi,mengejar modernisasi mengejar teknologi,-8,negatif
Sambutan Presiden pada Peresmian Revitalisasi Stasiun Semarang Tawang,https://www.setneg.go.id/baca/index/sambutan_presiden_pada_peresmian_revitalisasi_stasiun_semarang_tawang,"Tapi ingat, teknologi, semua sarana adalah untuk melayani rakyat.",tapi ingat teknologi semua sarana adalah untuk melayani rakyat,ingat teknologi semua sarana untuk melayani rakyat,-11,negatif
Sambutan Presiden pada Peresmian Revitalisasi Stasiun Semarang Tawang,https://www.setneg.go.id/baca/index/sambutan_presiden_pada_peresmian_revitalisasi_stasiun_semarang_tawang,"Nah, ini saya titip pesan benar-benar sama Kereta Api Indonesia.",nah ini saya titip pesan benar benar sama kereta api indonesia,nah saya titip pesan benar benar sama kereta api indonesia,-17,negatif
Sambutan Presiden pada Peresmian Revitalisasi Stasiun Semarang Tawang,https://www.setneg.go.id/baca/index/sambutan_presiden_pada_peresmian_revitalisasi_stasiun_semarang_tawang,Kita harus investasi lebih banyak di bidang kereta api.,kita harus investasi lebih banyak di bidang kereta api,harus investasi lebih banyak bidang kereta api,-13,negatif
Sambutan Presiden pada Peresmian Revitalisasi Stasiun Semarang Tawang,https://www.setneg.go.id/baca/index/sambutan_presiden_pada_peresmian_revitalisasi_stasiun_semarang_tawang,"Ya, semua lintasan-lintasan kereta api, saya dengar masih ada ribuan, harus dibikin pintu-pintu yang baik, pintu-pintu yang otomatis mungkin, ya, sehingga tidak terjadi kecelakaan di mana-mana.",ya semua lintasan lintasan kereta api saya dengar masih ada ribuan harus dibikin pintu pintu yang baik pintu pintu yang otomatis mungkin ya sehingga tidak terjadi kecelakaan di mana mana,semua lintasan lintasan kereta api dengar ada ribuan dibikin pintu pintu baik pintu pintu otomatis mungkin sehingga terjadi kecelakaan mana mana,-19,negatif
Sambutan Presiden pada Peresmian Revitalisasi Stasiun Semarang Tawang,https://www.setneg.go.id/baca/index/sambutan_presiden_pada_peresmian_revitalisasi_stasiun_semarang_tawang,"Jadi, Saudara-saudara, saya juga ingatkan bahwa untuk menggerakkan ekonomi untuk seluruh rakyat kita, pariwisata itu sangat penting.",jadi saudara saudara saya juga ingatkan bahwa untuk menggerakkan ekonomi untuk seluruh rakyat kita pariwisata itu sangat penting,jadi saudara saudara juga ingatkan menggerakkan ekonomi untuk seluruh rakyat pariwisata sangat penting,-11,negatif
Sambutan Presiden pada Peresmian Revitalisasi Stasiun Semarang Tawang,https://www.setneg.go.id/baca/index/sambutan_presiden_pada_peresmian_revitalisasi_stasiun_semarang_tawang,Pariwisata itu menghasilkan devisa.,pariwisata itu menghasilkan devisa,pariwisata menghasilkan devisa,0,netral
Sambutan Presiden pada Peresmian Revitalisasi Stasiun Semarang Tawang,https://www.setneg.go.id/baca/index/sambutan_presiden_pada_peresmian_revitalisasi_stasiun_semarang_tawang,Pariwisata menggerakan ekonomi.,pariwisata menggerakan ekonomi,pariwisata menggerakan ekonomi,0,netral
Sambutan Presiden pada Peresmian Revitalisasi Stasiun Semarang Tawang,https://www.setneg.go.id/baca/index/sambutan_presiden_pada_peresmian_revitalisasi_stasiun_semarang_tawang,"Satu wisatawan asing datang ke negara kita, minum secangkir kopi, petani kopi hidup.",satu wisatawan asing datang ke negara kita minum secangkir kopi petani kopi hidup,satu wisatawan asing datang negara minum secangkir kopi petani kopi hidup,-12,negatif
Sambutan Presiden pada Peresmian Revitalisasi Stasiun Semarang Tawang,https://www.setneg.go.id/baca/index/sambutan_presiden_pada_peresmian_revitalisasi_stasiun_semarang_tawang,"Mereka yang terlibat dalam mengolah kopi, hidup.",mereka yang terlibat dalam mengolah kopi hidup,yang terlibat mengolah kopi hidup,-6,negatif
Sambutan Presiden pada Peresmian Revitalisasi Stasiun Semarang Tawang,https://www.setneg.go.id/baca/index/sambutan_presiden_pada_peresmian_revitalisasi_stasiun_semarang_tawang,"Mereka yang terlibat dalam logistik mengambil kopi dari kebun, ke kota, ke pabrik.",mereka yang terlibat dalam logistik mengambil kopi dari kebun ke kota ke pabrik,yang terlibat logistik mengambil kopi kebun kota pabrik,-7,negatif
Sambutan Presiden pada Peresmian Revitalisasi Stasiun Semarang Tawang,https://www.setneg.go.id/baca/index/sambutan_presiden_pada_peresmian_revitalisasi_stasiun_semarang_tawang,"Mereka yang membungkus kopi dan akhirnya mereka yang menjual kopi di restoran, di kafe, di hotel.",mereka yang membungkus kopi dan akhirnya mereka yang menjual kopi di restoran di kafe di hotel,yang membungkus kopi akhirnya yang menjual kopi restoran kafe hotel,-22,negatif
Sambutan Presiden pada Peresmian Revitalisasi Stasiun Semarang Tawang,https://www.setneg.go.id/baca/index/sambutan_presiden_pada_peresmian_revitalisasi_stasiun_semarang_tawang,Mata rantainya banyak.,mata rantainya banyak,mata rantainya banyak,-5,negatif
Sambutan Presiden pada Peresmian Revitalisasi Stasiun Semarang Tawang,https://www.setneg.go.id/baca/index/sambutan_presiden_pada_peresmian_revitalisasi_stasiun_semarang_tawang,Satu wisatawan mungkin bisa menghidupkan 10-15 rakyat kita.,satu wisatawan mungkin bisa menghidupkan rakyat kita,satu wisatawan mungkin menghidupkan rakyat,-2,negatif
Sambutan Presiden pada Peresmian Revitalisasi Stasiun Semarang Tawang,https://www.setneg.go.id/baca/index/sambutan_presiden_pada_peresmian_revitalisasi_stasiun_semarang_tawang,"Tapi, apa yang menarik wisatawan ke negara kita?",tapi apa yang menarik wisatawan ke negara kita,apa menarik wisatawan negara,-7,negatif
Sambutan Presiden pada Peresmian Revitalisasi Stasiun Semarang Tawang,https://www.setneg.go.id/baca/index/sambutan_presiden_pada_peresmian_revitalisasi_stasiun_semarang_tawang,"Yang menarik adalah budaya kita, yang menarik adalah keindahan di negeri kita, yang menarik adalah suasana di negeri kita.",yang menarik adalah budaya kita yang menarik adalah keindahan di negeri kita yang menarik adalah suasana di negeri kita,menarik budaya yang menarik keindahan negeri yang menarik suasana negeri,-18,negatif
Sambutan Presiden pada Peresmian Revitalisasi Stasiun Semarang Tawang,https://www.setneg.go.id/baca/index/sambutan_presiden_pada_peresmian_revitalisasi_stasiun_semarang_tawang,"Jadi, pariwisata syaratnya antara lain adalah setiap kota, setiap kabupaten, setiap kecamatan, apalagi ibu kota provinsi, ibu kota kabupaten, ibu kota kecamatan, harus bersih.",jadi pariwisata syaratnya antara lain adalah setiap kota setiap kabupaten setiap kecamatan apalagi ibu kota provinsi ibu kota kabupaten ibu kota kecamatan harus bersih,jadi pariwisata syaratnya lain kota kabupaten setiap kecamatan ibu kota provinsi ibu kota kabupaten ibu kota kecamatan bersih,-10,negatif
Sambutan Presiden pada Peresmian Revitalisasi Stasiun Semarang Tawang,https://www.setneg.go.id/baca/index/sambutan_presiden_pada_peresmian_revitalisasi_stasiun_semarang_tawang,"Makanya, sampah menjadi prioritas kita.",makanya sampah menjadi prioritas kita,makanya sampah menjadi prioritas,-4,negatif
Sambutan Presiden pada Peresmian Revitalisasi Stasiun Semarang Tawang,https://www.setneg.go.id/baca/index/sambutan_presiden_pada_peresmian_revitalisasi_stasiun_semarang_tawang,"Dalam waktu satu tahun ini kita harus selesaikan masalah sampah, di seluruh Indonesia.",dalam waktu satu tahun ini kita harus selesaikan masalah sampah di seluruh indonesia,waktu satu tahun kita selesaikan masalah sampah seluruh indonesia,-9,negatif
Sambutan Presiden pada Peresmian Revitalisasi Stasiun Semarang Tawang,https://www.setneg.go.id/baca/index/sambutan_presiden_pada_peresmian_revitalisasi_stasiun_semarang_tawang,Semua sungai harus bersih.,semua sungai harus bersih,semua sungai bersih,-3,negatif
Sambutan Presiden pada Peresmian Revitalisasi Stasiun Semarang Tawang,https://www.setneg.go.id/baca/index/sambutan_presiden_pada_peresmian_revitalisasi_stasiun_semarang_tawang,Semua kali harus bersih.,semua kali harus bersih,semua kali bersih,-3,negatif
Sambutan Presiden pada Peresmian Revitalisasi Stasiun Semarang Tawang,https://www.setneg.go.id/baca/index/sambutan_presiden_pada_peresmian_revitalisasi_stasiun_semarang_tawang,Alam harus dijaga.,alam harus dijaga,alam dijaga,-1,negatif
Sambutan Presiden pada Peresmian Revitalisasi Stasiun Semarang Tawang,https://www.setneg.go.id/baca/index/sambutan_presiden_pada_peresmian_revitalisasi_stasiun_semarang_tawang,"Pohon tidak boleh ditebang sembarangan, kalau perlu kita tanam ratusan juta pohon baru.",pohon tidak boleh ditebang sembarangan kalau perlu kita tanam ratusan juta pohon baru,pohon boleh ditebang sembarangan kalau perlu tanam ratusan juta pohon baru,-7,negatif
Sambutan Presiden pada Peresmian Revitalisasi Stasiun Semarang Tawang,https://www.setneg.go.id/baca/index/sambutan_presiden_pada_peresmian_revitalisasi_stasiun_semarang_tawang,"Estetika, keindahan harus kita pertahankan.",estetika keindahan harus kita pertahankan,estetika keindahan kita pertahankan,1,positif
Sambutan Presiden pada Peresmian Revitalisasi Stasiun Semarang Tawang,https://www.setneg.go.id/baca/index/sambutan_presiden_pada_peresmian_revitalisasi_stasiun_semarang_tawang,"Aslinya bangsa Indonesia tidak pakai seng, kalau perlu kita kembali pakai ijuk, kembali pakai rumbai.",aslinya bangsa indonesia tidak pakai seng kalau perlu kita kembali pakai ijuk kembali pakai rumbai,aslinya bangsa indonesia pakai seng kalau perlu pakai ijuk kembali pakai rumbai,1,positif
Sambutan Presiden pada Peresmian Revitalisasi Stasiun Semarang Tawang,https://www.setneg.go.id/baca/index/sambutan_presiden_pada_peresmian_revitalisasi_stasiun_semarang_tawang,"Kalau tidak, kita harus cari.",kalau tidak kita harus cari,kalau kita cari,-4,negatif
Sambutan Presiden pada Peresmian Revitalisasi Stasiun Semarang Tawang,https://www.setneg.go.id/baca/index/sambutan_presiden_pada_peresmian_revitalisasi_stasiun_semarang_tawang,"Rakyat kita dari dulu bisa bikin genting, kok.",rakyat kita dari dulu bisa bikin genting kok,rakyat dari dulu bikin genting kok,-3,negatif
Sambutan Presiden pada Peresmian Revitalisasi Stasiun Semarang Tawang,https://www.setneg.go.id/baca/index/sambutan_presiden_pada_peresmian_revitalisasi_stasiun_semarang_tawang,"Genting bukan teknologi baru, rakyat kita dari dulu pakai genting.",genting bukan teknologi baru rakyat kita dari dulu pakai genting,genting bukan teknologi baru rakyat dari dulu pakai genting,-6,negatif
Sambutan Presiden pada Peresmian Revitalisasi Stasiun Semarang Tawang,https://www.setneg.go.id/baca/index/sambutan_presiden_pada_peresmian_revitalisasi_stasiun_semarang_tawang,Seng ini cepat berkarat.,seng ini cepat berkarat,seng cepat berkarat,-7,negatif
Sambutan Presiden pada Peresmian Revitalisasi Stasiun Semarang Tawang,https://www.setneg.go.id/baca/index/sambutan_presiden_pada_peresmian_revitalisasi_stasiun_semarang_tawang,Karat ini tidak baik untuk kesehatan.,karat ini tidak baik untuk kesehatan,karat tidak baik kesehatan,-6,negatif
Sambutan Presiden pada Peresmian Revitalisasi Stasiun Semarang Tawang,https://www.setneg.go.id/baca/index/sambutan_presiden_pada_peresmian_revitalisasi_stasiun_semarang_tawang,Begitu banyak nanti penyakit paru-paru tanpa kita sadari.,begitu banyak nanti penyakit paru paru tanpa kita sadari,banyak penyakit paru paru kita sadari,-7,negatif
Sambutan Presiden pada Peresmian Revitalisasi Stasiun Semarang Tawang,https://www.setneg.go.id/baca/index/sambutan_presiden_pada_peresmian_revitalisasi_stasiun_semarang_tawang,"Orang-orang muda sudah kena kanker paru-paru, padahal dia enggak merokok.",orang orang muda sudah kena kanker paru paru padahal dia enggak merokok,orang orang muda kena kanker paru paru padahal enggak merokok,-5,negatif
Sambutan Presiden pada Peresmian Revitalisasi Stasiun Semarang Tawang,https://www.setneg.go.id/baca/index/sambutan_presiden_pada_peresmian_revitalisasi_stasiun_semarang_tawang,Dari mana?,dari mana,mana,0,netral
Sambutan Presiden pada Peresmian Revitalisasi Stasiun Semarang Tawang,https://www.setneg.go.id/baca/index/sambutan_presiden_pada_peresmian_revitalisasi_stasiun_semarang_tawang,"Ya, dari karat, dari asbes, dari macam-macam, kimiawi.",ya dari karat dari asbes dari macam macam kimiawi,karat asbes dari macam macam kimiawi,-3,negatif
Sambutan Presiden pada Peresmian Revitalisasi Stasiun Semarang Tawang,https://www.setneg.go.id/baca/index/sambutan_presiden_pada_peresmian_revitalisasi_stasiun_semarang_tawang,"Jadi, saya anjurkan gubernur, bupati, wali kota, ya, semua instansi di bidang masing-masing.",jadi saya anjurkan gubernur bupati wali kota ya semua instansi di bidang masing masing,jadi anjurkan gubernur bupati wali kota semua instansi bidang masing masing,-9,negatif
Sambutan Presiden pada Peresmian Revitalisasi Stasiun Semarang Tawang,https://www.setneg.go.id/baca/index/sambutan_presiden_pada_peresmian_revitalisasi_stasiun_semarang_tawang,"Lestarikan alam, jaga kebersihan.",lestarikan alam jaga kebersihan,lestarikan alam jaga kebersihan,-4,negatif
Sambutan Presiden pada Peresmian Revitalisasi Stasiun Semarang Tawang,https://www.setneg.go.id/baca/index/sambutan_presiden_pada_peresmian_revitalisasi_stasiun_semarang_tawang,"Karena itu, usaha KAI untuk revitalisasi ratusan stasiun-stasiun sangat penting.",karena itu usaha kai untuk revitalisasi ratusan stasiun stasiun sangat penting,itu usaha kai revitalisasi ratusan stasiun stasiun sangat penting,-15,negatif
Sambutan Presiden pada Peresmian Revitalisasi Stasiun Semarang Tawang,https://www.setneg.go.id/baca/index/sambutan_presiden_pada_peresmian_revitalisasi_stasiun_semarang_tawang,Jangan dianggap sepele.,jangan dianggap sepele,jangan dianggap sepele,-7,negatif
Sambutan Presiden pada Peresmian Revitalisasi Stasiun Semarang Tawang,https://www.setneg.go.id/baca/index/sambutan_presiden_pada_peresmian_revitalisasi_stasiun_semarang_tawang,Ini bisa jadi daya tarik.,ini bisa jadi daya tarik,bisa jadi daya tarik,0,netral
Sambutan Presiden pada Peresmian Revitalisasi Stasiun Semarang Tawang,https://www.setneg.go.id/baca/index/sambutan_presiden_pada_peresmian_revitalisasi_stasiun_semarang_tawang,Wisatawan ada yang datang untuk sejarah.,wisatawan ada yang datang untuk sejarah,wisatawan yang datang sejarah,-9,negatif
Sambutan Presiden pada Peresmian Revitalisasi Stasiun Semarang Tawang,https://www.setneg.go.id/baca/index/sambutan_presiden_pada_peresmian_revitalisasi_stasiun_semarang_tawang,"Mereka ke Jawa Tengah untuk Borobudur, ke Jogja untuk Prambanan.",mereka ke jawa tengah untuk borobudur ke jogja untuk prambanan,jawa tengah borobudur ke jogja prambanan,2,positif
Sambutan Presiden pada Peresmian Revitalisasi Stasiun Semarang Tawang,https://www.setneg.go.id/baca/index/sambutan_presiden_pada_peresmian_revitalisasi_stasiun_semarang_tawang,"Ya, jadi saya sangat gembira.",ya jadi saya sangat gembira,jadi sangat gembira,-10,negatif
Sambutan Presiden pada Peresmian Revitalisasi Stasiun Semarang Tawang,https://www.setneg.go.id/baca/index/sambutan_presiden_pada_peresmian_revitalisasi_stasiun_semarang_tawang,"Lestarikan semua stasiun, ini juga bagian dari pelestarian sejarah.",lestarikan semua stasiun ini juga bagian dari pelestarian sejarah,lestarikan semua stasiun juga bagian pelestarian sejarah,-7,negatif
Sambutan Presiden pada Peresmian Revitalisasi Stasiun Semarang Tawang,https://www.setneg.go.id/baca/index/sambutan_presiden_pada_peresmian_revitalisasi_stasiun_semarang_tawang,"Tapi lebih penting, ini bagian daripada usaha kita sebagai bangsa untuk di semua bidang kita lakukan transformasi.",tapi lebih penting ini bagian daripada usaha kita sebagai bangsa untuk di semua bidang kita lakukan transformasi,lebih penting bagian usaha sebagai bangsa di semua bidang lakukan transformasi,-17,negatif
Sambutan Presiden pada Peresmian Revitalisasi Stasiun Semarang Tawang,https://www.setneg.go.id/baca/index/sambutan_presiden_pada_peresmian_revitalisasi_stasiun_semarang_tawang,Kita ubah kesan.,kita ubah kesan,ubah kesan,0,netral
Sambutan Presiden pada Peresmian Revitalisasi Stasiun Semarang Tawang,https://www.setneg.go.id/baca/index/sambutan_presiden_pada_peresmian_revitalisasi_stasiun_semarang_tawang,"Indonesia memang harus lestari, harus indah, harus asri, ya.",indonesia memang harus lestari harus indah harus asri ya,indonesia memang lestari indah asri,-3,negatif
Sambutan Presiden pada Peresmian Revitalisasi Stasiun Semarang Tawang,https://www.setneg.go.id/baca/index/sambutan_presiden_pada_peresmian_revitalisasi_stasiun_semarang_tawang,"Tidak boleh ada sampah yang liar, tidak boleh ada gedung yang tidak terawat, tidak boleh ada karat di mana-mana.",tidak boleh ada sampah yang liar tidak boleh ada gedung yang tidak terawat tidak boleh ada karat di mana mana,boleh sampah liar boleh gedung terawat tidak boleh karat mana mana,2,positif
Sambutan Presiden pada Peresmian Revitalisasi Stasiun Semarang Tawang,https://www.setneg.go.id/baca/index/sambutan_presiden_pada_peresmian_revitalisasi_stasiun_semarang_tawang,Kita harus ubah dan kita bisa ubah.,kita harus ubah dan kita bisa ubah,harus ubah kita ubah,-5,negatif
Sambutan Presiden pada Peresmian Revitalisasi Stasiun Semarang Tawang,https://www.setneg.go.id/baca/index/sambutan_presiden_pada_peresmian_revitalisasi_stasiun_semarang_tawang,"Kita ciptakan Indonesia yang cemerlang, yangbeautiful, yang indah.",kita ciptakan indonesia yang cemerlang yangbeautiful yang indah,ciptakan indonesia cemerlang yangbeautiful indah,-3,negatif
Sambutan Presiden pada Peresmian Revitalisasi Stasiun Semarang Tawang,https://www.setneg.go.id/baca/index/sambutan_presiden_pada_peresmian_revitalisasi_stasiun_semarang_tawang,"Kita ciptakan Indonesia yang menarik, Saudara-saudara sekalian, nyaman.",kita ciptakan indonesia yang menarik saudara saudara sekalian nyaman,ciptakan indonesia menarik saudara saudara sekalian nyaman,0,netral
Sambutan Presiden pada Peresmian Revitalisasi Stasiun Semarang Tawang,https://www.setneg.go.id/baca/index/sambutan_presiden_pada_peresmian_revitalisasi_stasiun_semarang_tawang,"Keramahan bangsa kita, kita dukung dengan keramahan alam kita.",keramahan bangsa kita kita dukung dengan keramahan alam kita,keramahan bangsa dukung keramahan alam kita,3,positif
Sambutan Presiden pada Peresmian Revitalisasi Stasiun Semarang Tawang,https://www.setneg.go.id/baca/index/sambutan_presiden_pada_peresmian_revitalisasi_stasiun_semarang_tawang,"Kereta api adalah bagian penting dalam pariwisata, transportasi masa depan.",kereta api adalah bagian penting dalam pariwisata transportasi masa depan,kereta api bagian penting pariwisata transportasi masa depan,-14,negatif
Sambutan Presiden pada Peresmian Revitalisasi Stasiun Semarang Tawang,https://www.setneg.go.id/baca/index/sambutan_presiden_pada_peresmian_revitalisasi_stasiun_semarang_tawang,Kita ingin semua berbasis listrik.,kita ingin semua berbasis listrik,ingin semua berbasis listrik,-3,negatif
Sambutan Presiden pada Peresmian Revitalisasi Stasiun Semarang Tawang,https://www.setneg.go.id/baca/index/sambutan_presiden_pada_peresmian_revitalisasi_stasiun_semarang_tawang,"Kita akan bangun energi yang hijau, energi yang terbarukan.",kita akan bangun energi yang hijau energi yang terbarukan,akan bangun energi hijau energi terbarukan,9,positif
Sambutan Presiden pada Peresmian Revitalisasi Stasiun Semarang Tawang,https://www.setneg.go.id/baca/index/sambutan_presiden_pada_peresmian_revitalisasi_stasiun_semarang_tawang,"Jangankan kereta api, nanti hampir semua kendaraan kita nanti dari listrik: truk kita, bus kita, mobil kita, motor kita.",jangankan kereta api nanti hampir semua kendaraan kita nanti dari listrik truk kita bus kita mobil kita motor kita,jangankan kereta api hampir semua kendaraan nanti listrik truk bus mobil motor,-13,negatif
Sambutan Presiden pada Peresmian Revitalisasi Stasiun Semarang Tawang,https://www.setneg.go.id/baca/index/sambutan_presiden_pada_peresmian_revitalisasi_stasiun_semarang_tawang,"Saudara-saudara,Itu yang saya sampaikan.",saudara saudara itu yang saya sampaikan,saudara saudara yang sampaikan,-5,negatif
Sambutan Presiden pada Peresmian Revitalisasi Stasiun Semarang Tawang,https://www.setneg.go.id/baca/index/sambutan_presiden_pada_peresmian_revitalisasi_stasiun_semarang_tawang,"Terima kasih, Kereta Api Indonesia, teruskan.",terima kasih kereta api indonesia teruskan,terima kasih kereta api indonesia teruskan,-5,negatif
Sambutan Presiden pada Peresmian Revitalisasi Stasiun Semarang Tawang,https://www.setneg.go.id/baca/index/sambutan_presiden_pada_peresmian_revitalisasi_stasiun_semarang_tawang,"Dan, hari ini saya akan mencoba kereta api baru yang diluncurkan oleh KAI untuk mendukung menopang pariwisata, yang diberi nama Nusantara Explorer.",dan hari ini saya akan mencoba kereta api baru yang diluncurkan oleh kai untuk mendukung menopang pariwisata yang diberi nama nusantara explorer,hari saya mencoba kereta api baru diluncurkan kai mendukung menopang pariwisata diberi nama nusantara explorer,-9,negatif
Sambutan Presiden pada Peresmian Revitalisasi Stasiun Semarang Tawang,https://www.setneg.go.id/baca/index/sambutan_presiden_pada_peresmian_revitalisasi_stasiun_semarang_tawang,"Saya kira itu dari saya, ya.",saya kira itu dari saya ya,kira dari ya,-1,negatif
Sambutan Presiden pada Peresmian Revitalisasi Stasiun Semarang Tawang,https://www.setneg.go.id/baca/index/sambutan_presiden_pada_peresmian_revitalisasi_stasiun_semarang_tawang,Selamat bekerja.,selamat bekerja,selamat bekerja,5,positif
Sambutan Presiden pada Peresmian Revitalisasi Stasiun Semarang Tawang,https://www.setneg.go.id/baca/index/sambutan_presiden_pada_peresmian_revitalisasi_stasiun_semarang_tawang,"Saya ingin Kereta Api Indonesia berkembang dengan pesat, dengan luas, dengan besar, ya.",saya ingin kereta api indonesia berkembang dengan pesat dengan luas dengan besar ya,ingin kereta api indonesia berkembang pesat luas besar,-7,negatif
Sambutan Presiden pada Peresmian Revitalisasi Stasiun Semarang Tawang,https://www.setneg.go.id/baca/index/sambutan_presiden_pada_peresmian_revitalisasi_stasiun_semarang_tawang,Bangsa kita besar.,bangsa kita besar,bangsa besar,-2,negatif
Sambutan Presiden pada Peresmian Revitalisasi Stasiun Semarang Tawang,https://www.setneg.go.id/baca/index/sambutan_presiden_pada_peresmian_revitalisasi_stasiun_semarang_tawang,"Jadi saya minta semua pejabat, petugas, pemimpin berpikir besar, ya, berhati besar.",jadi saya minta semua pejabat petugas pemimpin berpikir besar ya berhati besar,jadi minta semua pejabat petugas pemimpin berpikir besar berhati besar,-18,negatif
Sambutan Presiden pada Peresmian Revitalisasi Stasiun Semarang Tawang,https://www.setneg.go.id/baca/index/sambutan_presiden_pada_peresmian_revitalisasi_stasiun_semarang_tawang,"Jangan berpikir kerdil, kecil, ya.",jangan berpikir kerdil kecil ya,jangan berpikir kerdil kecil,-6,negatif
Sambutan Presiden pada Peresmian Revitalisasi Stasiun Semarang Tawang,https://www.setneg.go.id/baca/index/sambutan_presiden_pada_peresmian_revitalisasi_stasiun_semarang_tawang,"Semangat besar, cita-cita besar.",semangat besar cita cita besar,semangat besar cita cita besar,-5,negatif
Sambutan Presiden pada Peresmian Revitalisasi Stasiun Semarang Tawang,https://www.setneg.go.id/baca/index/sambutan_presiden_pada_peresmian_revitalisasi_stasiun_semarang_tawang,Gantungkan cita-cita kita setinggi langit.,gantungkan cita cita kita setinggi langit,gantungkan cita cita setinggi langit,0,netral
Sambutan Presiden pada Peresmian Revitalisasi Stasiun Semarang Tawang,https://www.setneg.go.id/baca/index/sambutan_presiden_pada_peresmian_revitalisasi_stasiun_semarang_tawang,Itu kata-kata presiden kita yang pertama.,itu kata kata presiden kita yang pertama,kata kata presiden yang pertama,-4,negatif
Sambutan Presiden pada Peresmian Revitalisasi Stasiun Semarang Tawang,https://www.setneg.go.id/baca/index/sambutan_presiden_pada_peresmian_revitalisasi_stasiun_semarang_tawang,"Kalau enggak sampai ke langit, minimal kita jatuh di antara bintang-bintang.",kalau enggak sampai ke langit minimal kita jatuh di antara bintang bintang,kalau enggak ke langit minimal jatuh antara bintang bintang,-7,negatif
Sambutan Presiden pada Peresmian Revitalisasi Stasiun Semarang Tawang,https://www.setneg.go.id/baca/index/sambutan_presiden_pada_peresmian_revitalisasi_stasiun_semarang_tawang,"Habis ini, Trans Sumatra Railway,dari, dari Bandar Lampung, ya.",habis ini trans sumatra railway dari dari bandar lampung ya,habis trans sumatra railway dari bandar lampung,-10,negatif
Sambutan Presiden pada Peresmian Revitalisasi Stasiun Semarang Tawang,https://www.setneg.go.id/baca/index/sambutan_presiden_pada_peresmian_revitalisasi_stasiun_semarang_tawang,Mana titik yang paling selatan?,mana titik yang paling selatan,mana titik paling selatan,-3,negatif
Sambutan Presiden pada Peresmian Revitalisasi Stasiun Semarang Tawang,https://www.setneg.go.id/baca/index/sambutan_presiden_pada_peresmian_revitalisasi_stasiun_semarang_tawang,"Titik yang paling selatan, Bakauheni, sampai ke titik paling utara, ya.",titik yang paling selatan bakauheni sampai ke titik paling utara ya,titik paling selatan bakauheni ke titik paling utara,-6,negatif
Sambutan Presiden pada Peresmian Revitalisasi Stasiun Semarang Tawang,https://www.setneg.go.id/baca/index/sambutan_presiden_pada_peresmian_revitalisasi_stasiun_semarang_tawang,"Bisa, KAI?",bisa kai,kai,0,netral
Sambutan Presiden pada Peresmian Revitalisasi Stasiun Semarang Tawang,https://www.setneg.go.id/baca/index/sambutan_presiden_pada_peresmian_revitalisasi_stasiun_semarang_tawang,"Bisa, Menteri Perhubungan?",bisa menteri perhubungan,menteri perhubungan,0,netral
Sambutan Presiden pada Peresmian Revitalisasi Stasiun Semarang Tawang,https://www.setneg.go.id/baca/index/sambutan_presiden_pada_peresmian_revitalisasi_stasiun_semarang_tawang,"Kita kasih dia, tugas harus dikasih yang berat.",kita kasih dia tugas harus dikasih yang berat,kasih tugas dikasih berat,0,netral
Sambutan Presiden pada Peresmian Revitalisasi Stasiun Semarang Tawang,https://www.setneg.go.id/baca/index/sambutan_presiden_pada_peresmian_revitalisasi_stasiun_semarang_tawang,"Jangan kasih yang ringan-ringan, ya.",jangan kasih yang ringan ringan ya,jangan kasih ringan ringan,-6,negatif
Sambutan Presiden pada Peresmian Revitalisasi Stasiun Semarang Tawang,https://www.setneg.go.id/baca/index/sambutan_presiden_pada_peresmian_revitalisasi_stasiun_semarang_tawang,"Habis Trans Sumatra, nanti Trans Kalimantan.",habis trans sumatra nanti trans kalimantan,habis trans sumatra trans kalimantan,-3,negatif
Sambutan Presiden pada Peresmian Revitalisasi Stasiun Semarang Tawang,https://www.setneg.go.id/baca/index/sambutan_presiden_pada_peresmian_revitalisasi_stasiun_semarang_tawang,Kalau bisa bersamaan kita mulai.,kalau bisa bersamaan kita mulai,kalau bersamaan mulai,0,netral
Sambutan Presiden pada Peresmian Revitalisasi Stasiun Semarang Tawang,https://www.setneg.go.id/baca/index/sambutan_presiden_pada_peresmian_revitalisasi_stasiun_semarang_tawang,"Indonesia negara besar, Indonesia negara kuat, Indonesia negara makmur.",indonesia negara besar indonesia negara kuat indonesia negara makmur,indonesia negara besar indonesia negara kuat indonesia negara makmur,-1,negatif
Sambutan Presiden pada Peresmian Revitalisasi Stasiun Semarang Tawang,https://www.setneg.go.id/baca/index/sambutan_presiden_pada_peresmian_revitalisasi_stasiun_semarang_tawang,"Kita buktikan, ya.",kita buktikan ya,buktikan,0,netral
Sambutan Presiden pada Peresmian Revitalisasi Stasiun Semarang Tawang,https://www.setneg.go.id/baca/index/sambutan_presiden_pada_peresmian_revitalisasi_stasiun_semarang_tawang,"Indonesia menghadapi masa depan dengan optimis, dengan gembira, dengan semangat tanpa melupakan sejarah.",indonesia menghadapi masa depan dengan optimis dengan gembira dengan semangat tanpa melupakan sejarah,indonesia menghadapi masa depan optimis gembira semangat melupakan sejarah,-4,negatif
Sambutan Presiden pada Peresmian Revitalisasi Stasiun Semarang Tawang,https://www.setneg.go.id/baca/index/sambutan_presiden_pada_peresmian_revitalisasi_stasiun_semarang_tawang,"Sejarah penting bagi kita, bagi kepribadian kita, bagi masa depan kita.",sejarah penting bagi kita bagi kepribadian kita bagi masa depan kita,sejarah penting kepribadian bagi masa depan kita,-8,negatif
Sambutan Presiden pada Peresmian Revitalisasi Stasiun Semarang Tawang,https://www.setneg.go.id/baca/index/sambutan_presiden_pada_peresmian_revitalisasi_stasiun_semarang_tawang,Terima kasih.,terima kasih,terima kasih,1,positif
Sambutan Presiden pada Peresmian Revitalisasi Stasiun Semarang Tawang,https://www.setneg.go.id/baca/index/sambutan_presiden_pada_peresmian_revitalisasi_stasiun_semarang_tawang,Selamat bertugas.,selamat bertugas,selamat bertugas,5,positif
Sambutan Presiden pada Peresmian Revitalisasi Stasiun Semarang Tawang,https://www.setneg.go.id/baca/index/sambutan_presiden_pada_peresmian_revitalisasi_stasiun_semarang_tawang,"Dan, dengan demikian saya akan resmikan sebentar lagi Revitalisasi Stasiun Semarang Tawang.",dan dengan demikian saya akan resmikan sebentar lagi revitalisasi stasiun semarang tawang,dengan saya resmikan sebentar revitalisasi stasiun semarang tawang,-5,negatif
Sambutan Presiden pada Peresmian Revitalisasi Stasiun Semarang Tawang,https://www.setneg.go.id/baca/index/sambutan_presiden_pada_peresmian_revitalisasi_stasiun_semarang_tawang,"Dan, saya menanti peresmian revitalisasi stasiun-stasiun lain, termasuklaunchingTrans SumatraRailway.",dan saya menanti peresmian revitalisasi stasiun stasiun lain termasuklaunchingtrans sumatrarailway,saya menanti peresmian revitalisasi stasiun stasiun termasuklaunchingtrans sumatrarailway,-3,negatif
Sambutan Presiden pada Peresmian Revitalisasi Stasiun Semarang Tawang,https://www.setneg.go.id/baca/index/sambutan_presiden_pada_peresmian_revitalisasi_stasiun_semarang_tawang,Terima kasih.,terima kasih,terima kasih,1,positif
Sambutan Presiden pada Peresmian Revitalisasi Stasiun Semarang Tawang,https://www.setneg.go.id/baca/index/sambutan_presiden_pada_peresmian_revitalisasi_stasiun_semarang_tawang,"Wassalamu’alaikum warahmatullahi wabarakatuh,Salam sejahtera bagi kita sekalian,Syalom,Salve,Om santi santi santi om,Namo Buddhaya,Salam kebajikan,Rahayu rahayu.",wassalamu alaikum warahmatullahi wabarakatuh salam sejahtera bagi kita sekalian syalom salve om santi santi santi om namo buddhaya salam kebajikan rahayu rahayu,wassalamu alaikum warahmatullahi wabarakatuh salam sejahtera kita sekalian syalom salve om santi santi santi om namo buddhaya salam kebajikan rahayu rahayu,2,positif
Sambutan Presiden pada Peresmian Revitalisasi Stasiun Semarang Tawang,https://www.setneg.go.id/baca/index/sambutan_presiden_pada_peresmian_revitalisasi_stasiun_semarang_tawang,"Dengan mengucapbismillahirrahmanirrahim, pada siang hari ini, Kamis, 30 Juli 2026, saya Prabowo Subianto, Presiden Republik Indonesia, dengan ini saya resmikan Revitalisasi Stasiun Semarang Tawang.",dengan mengucapbismillahirrahmanirrahim pada siang hari ini kamis juli saya prabowo subianto presiden republik indonesia dengan ini saya resmikan revitalisasi stasiun semarang tawang,mengucapbismillahirrahmanirrahim siang hari kamis juli prabowo subianto presiden republik indonesia ini resmikan revitalisasi stasiun semarang tawang,3,positif
Sambutan Presiden pada Peresmian Revitalisasi Stasiun Semarang Tawang,https://www.setneg.go.id/baca/index/sambutan_presiden_pada_peresmian_revitalisasi_stasiun_semarang_tawang,Terima kasih.Wassalamu’alaikum warahmatullahi wabarakatuh.,terima kasih wassalamu alaikum warahmatullahi wabarakatuh,terima kasih wassalamu alaikum warahmatullahi wabarakatuh,3,positif
Sambutan Presiden pada Peresmian Revitalisasi Stasiun Semarang Tawang,https://www.setneg.go.id/baca/index/sambutan_presiden_pada_peresmian_revitalisasi_stasiun_semarang_tawang,"Kamis, 30 Juli 2026
Kamis, 30 Juli 2026
Rabu, 29 Juli 2026
Rabu, 22 Juli 2026
Senin, 20 Juli 2026",kamis juli kamis juli rabu juli rabu juli senin juli,kamis juli kamis juli rabu juli rabu juli senin juli,0,netral
Amanat Presiden selaku Inspektur Upacara pada Pelantikan Pamong Praja Angkatan XXXIII Institut Pemerintahan Dalam Negeri (IPDN) Tahun 2026,https://www.setneg.go.id/baca/index/amanat_presiden_selaku_inspektur_upacara_pada_pelantikan_pamong_praja_angkatan_xxxiii_institut_pemerintahan_dalam_negeri_ipdn_tahun_2026,Bismillahirrahmanirrahim.,bismillahirrahmanirrahim,bismillahirrahmanirrahim,0,netral
Amanat Presiden selaku Inspektur Upacara pada Pelantikan Pamong Praja Angkatan XXXIII Institut Pemerintahan Dalam Negeri (IPDN) Tahun 2026,https://www.setneg.go.id/baca/index/amanat_presiden_selaku_inspektur_upacara_pada_pelantikan_pamong_praja_angkatan_xxxiii_institut_pemerintahan_dalam_negeri_ipdn_tahun_2026,"Assalamu’alaikum warahmatullahi wabarakatuh,Selamat pagi,Salam sejahtera bagi kita sekalian,Syalom,Salve,Om swastiastu,Namo Buddhaya,Salam kebajikan.",assalamu alaikum warahmatullahi wabarakatuh selamat pagi salam sejahtera bagi kita sekalian syalom salve om swastiastu namo buddhaya salam kebajikan,assalamu alaikum warahmatullahi wabarakatuh selamat pagi salam sejahtera kita sekalian syalom salve om swastiastu namo buddhaya salam kebajikan,8,positif
Amanat Presiden selaku Inspektur Upacara pada Pelantikan Pamong Praja Angkatan XXXIII Institut Pemerintahan Dalam Negeri (IPDN) Tahun 2026,https://www.setneg.go.id/baca/index/amanat_presiden_selaku_inspektur_upacara_pada_pelantikan_pamong_praja_angkatan_xxxiii_institut_pemerintahan_dalam_negeri_ipdn_tahun_2026,"Yang saya hormati Menteri Dalam Negeri sebagai penyelenggara, Jenderal Polisi (Purn) Muhammad Tito Karnavian, Menteri Koordinator Politik dan Keamanan Jenderal TNI (Purn) Djamari Chaniago, Menteri Sekretaris Negara Saudara Prasetyo Hadi, Menteri Luar Negeri Saudara Sugiono, Menteri Pemberdayaan Aparatur Negara dan Reformasi Birokrasi Saudari Rini Widyantini, Jaksa Agung Prof.",yang saya hormati menteri dalam negeri sebagai penyelenggara jenderal polisi purn muhammad tito karnavian menteri koordinator politik dan keamanan jenderal tni purn djamari chaniago menteri sekretaris negara saudara prasetyo hadi menteri luar negeri saudara sugiono menteri pemberdayaan aparatur negara dan reformasi birokrasi saudari rini widyantini jaksa agung prof,saya hormati menteri negeri penyelenggara jenderal polisi purn muhammad tito karnavian menteri koordinator politik keamanan jenderal tni purn djamari chaniago menteri sekretaris negara saudara prasetyo hadi menteri luar negeri saudara sugiono menteri pemberdayaan aparatur negara reformasi birokrasi saudari rini widyantini jaksa agung prof,-2,negatif
Amanat Presiden selaku Inspektur Upacara pada Pelantikan Pamong Praja Angkatan XXXIII Institut Pemerintahan Dalam Negeri (IPDN) Tahun 2026,https://www.setneg.go.id/baca/index/amanat_presiden_selaku_inspektur_upacara_pada_pelantikan_pamong_praja_angkatan_xxxiii_institut_pemerintahan_dalam_negeri_ipdn_tahun_2026,"ST Burhanuddin, Kepala Kepolisian Negara Republik Indonesia Jenderal Polisi Listyo Sigit Prabowo, Panglima Tentara Nasional Indonesia Jenderal TNI Agus Subiyanto, Kepala Badan Intelijen Negara Jenderal TNI (Purn) Muhammad Herindra, Sekretaris Kabinet Republik Indonesia Letnan Kolonel Infanteri Teddy Indra Wijaya, Wakil Menteri Dalam Negeri I Saudari Ribka Haluk, Wakil Menteri Dalam Negeri II Saudara Bima Arya, Wakil Menteri Dalam Negeri III Komisaris Jenderal Polisi (Purn) Akhmad Wiyagus, Rektor Institut Pemerintahan Dalam Negeri Saudara Halilul Khairi, Gubernur Jawa Barat Saudara Dedi Mulyadi beserta Forkopimda Jawa Barat;Yang saya hormati para Dosen, para Pelatih, Pengasuh, dan segenap civitas academica Institut Pemerintahan Dalam Negeri, para Orang Tua dan Keluarga Besar, para Pamong Praja Muda yang hadir di IPDN dan di mana pun Saudara berada di seluruh tanah air;Yang baru saya lantik seluruh Pamong Praja Muda Angkatan XXXIII Tahun 2026 yang saya banggakan.",st burhanuddin kepala kepolisian negara republik indonesia jenderal polisi listyo sigit prabowo panglima tentara nasional indonesia jenderal tni agus subiyanto kepala badan intelijen negara jenderal tni purn muhammad herindra sekretaris kabinet republik indonesia letnan kolonel infanteri teddy indra wijaya wakil menteri dalam negeri i saudari ribka haluk wakil menteri dalam negeri ii saudara bima arya wakil menteri dalam negeri iii komisaris jenderal polisi purn akhmad wiyagus rektor institut pemerintahan dalam negeri saudara halilul khairi gubernur jawa barat saudara dedi mulyadi beserta forkopimda jawa barat yang saya hormati para dosen para pelatih pengasuh dan segenap civitas academica institut pemerintahan dalam negeri para orang tua dan keluarga besar para pamong praja muda yang hadir di ipdn dan di mana pun saudara berada di seluruh tanah air yang baru saya lantik seluruh pamong praja muda angkatan xxxiii tahun yang saya banggakan,st burhanuddin kepala kepolisian negara republik indonesia jenderal polisi listyo sigit prabowo panglima tentara nasional indonesia jenderal tni agus subiyanto kepala badan intelijen negara jenderal tni purn muhammad herindra sekretaris kabinet republik indonesia letnan kolonel infanteri teddy indra wijaya wakil menteri negeri i saudari ribka haluk wakil menteri negeri ii saudara bima arya wakil menteri negeri iii komisaris jenderal polisi purn akhmad wiyagus rektor institut pemerintahan negeri saudara halilul khairi gubernur jawa barat saudara dedi mulyadi beserta forkopimda jawa barat hormati dosen pelatih pengasuh segenap civitas academica institut pemerintahan negeri orang tua keluarga besar pamong praja muda hadir ipdn mana saudara berada di seluruh tanah air baru saya lantik seluruh pamong praja muda angkatan xxxiii tahun saya banggakan,-16,negatif
Amanat Presiden selaku Inspektur Upacara pada Pelantikan Pamong Praja Angkatan XXXIII Institut Pemerintahan Dalam Negeri (IPDN) Tahun 2026,https://www.setneg.go.id/baca/index/amanat_presiden_selaku_inspektur_upacara_pada_pelantikan_pamong_praja_angkatan_xxxiii_institut_pemerintahan_dalam_negeri_ipdn_tahun_2026,"Pertama-tama, sebagai insan yang bertakwa, marilah kita tidak henti-hentinya memanjatkan puji syukur ke hadirat Allah Swt, Tuhan Mahakuasa, Tuhan Mahabesar yang memiliki sekalian alam.",pertama tama sebagai insan yang bertakwa marilah kita tidak henti hentinya memanjatkan puji syukur ke hadirat allah swt tuhan mahakuasa tuhan mahabesar yang memiliki sekalian alam,pertama tama insan bertakwa marilah tidak henti hentinya memanjatkan puji syukur hadirat allah swt tuhan mahakuasa tuhan mahabesar memiliki sekalian alam,13,positif
Amanat Presiden selaku Inspektur Upacara pada Pelantikan Pamong Praja Angkatan XXXIII Institut Pemerintahan Dalam Negeri (IPDN) Tahun 2026,https://www.setneg.go.id/baca/index/amanat_presiden_selaku_inspektur_upacara_pada_pelantikan_pamong_praja_angkatan_xxxiii_institut_pemerintahan_dalam_negeri_ipdn_tahun_2026,Hanya kepada-Nya-lah kita berdoa dan hanya kepada-Nya-lah kita meminta pertolongan.,hanya kepada nya lah kita berdoa dan hanya kepada nya lah kita meminta pertolongan,nya lah berdoa hanya kepada nya lah meminta pertolongan,-1,negatif
Amanat Presiden selaku Inspektur Upacara pada Pelantikan Pamong Praja Angkatan XXXIII Institut Pemerintahan Dalam Negeri (IPDN) Tahun 2026,https://www.setneg.go.id/baca/index/amanat_presiden_selaku_inspektur_upacara_pada_pelantikan_pamong_praja_angkatan_xxxiii_institut_pemerintahan_dalam_negeri_ipdn_tahun_2026,"Kita bersyukur atas segala karunia, segala berkah dan kedamaian yang masih diberikan kepada bangsa kita, atas nafas dan kesehatan yang masih diberikan kepada kita, atas segala rahmat-Nya sehingga hari ini kita dapat berkumpul untuk bersama-sama menghadiri dan melaksanakan pelantikan Pamong Praja Muda Angkatan XXXIII Tahun 2026.",kita bersyukur atas segala karunia segala berkah dan kedamaian yang masih diberikan kepada bangsa kita atas nafas dan kesehatan yang masih diberikan kepada kita atas segala rahmat nya sehingga hari ini kita dapat berkumpul untuk bersama sama menghadiri dan melaksanakan pelantikan pamong praja muda angkatan xxxiii tahun,bersyukur atas segala karunia segala berkah kedamaian masih diberikan bangsa atas nafas kesehatan masih diberikan kita atas segala rahmat nya hari kita berkumpul bersama sama menghadiri melaksanakan pelantikan pamong praja muda angkatan xxxiii tahun,-9,negatif
Amanat Presiden selaku Inspektur Upacara pada Pelantikan Pamong Praja Angkatan XXXIII Institut Pemerintahan Dalam Negeri (IPDN) Tahun 2026,https://www.setneg.go.id/baca/index/amanat_presiden_selaku_inspektur_upacara_pada_pelantikan_pamong_praja_angkatan_xxxiii_institut_pemerintahan_dalam_negeri_ipdn_tahun_2026,Hari ini tentunya adalah hari yang istimewa bagi Saudara-saudara.,hari ini tentunya adalah hari yang istimewa bagi saudara saudara,hari tentunya hari istimewa saudara saudara,0,netral
Amanat Presiden selaku Inspektur Upacara pada Pelantikan Pamong Praja Angkatan XXXIII Institut Pemerintahan Dalam Negeri (IPDN) Tahun 2026,https://www.setneg.go.id/baca/index/amanat_presiden_selaku_inspektur_upacara_pada_pelantikan_pamong_praja_angkatan_xxxiii_institut_pemerintahan_dalam_negeri_ipdn_tahun_2026,"Saya, atas nama Pemerintah Republik Indonesia, atas nama negara, bangsa dan rakyat Indonesia, dan atas nama pribadi, ucapkan selamat kepada seluruh pamong praja muda yang hari ini resmi dilantik.",saya atas nama pemerintah republik indonesia atas nama negara bangsa dan rakyat indonesia dan atas nama pribadi ucapkan selamat kepada seluruh pamong praja muda yang hari ini resmi dilantik,atas nama pemerintah republik indonesia atas nama negara bangsa rakyat indonesia atas nama pribadi ucapkan selamat seluruh pamong praja muda hari resmi dilantik,-7,negatif
Amanat Presiden selaku Inspektur Upacara pada Pelantikan Pamong Praja Angkatan XXXIII Institut Pemerintahan Dalam Negeri (IPDN) Tahun 2026,https://www.setneg.go.id/baca/index/amanat_presiden_selaku_inspektur_upacara_pada_pelantikan_pamong_praja_angkatan_xxxiii_institut_pemerintahan_dalam_negeri_ipdn_tahun_2026,"Hari ini Saudara telah memilih sebuah jalan hidup yang mulia, jalan hidup untuk mengabdi kepada rakyat, kepada bangsa, dan kepada Negara Kesatuan Republik Indonesia.",hari ini saudara telah memilih sebuah jalan hidup yang mulia jalan hidup untuk mengabdi kepada rakyat kepada bangsa dan kepada negara kesatuan republik indonesia,hari saudara memilih sebuah jalan hidup mulia jalan hidup mengabdi rakyat bangsa kepada negara kesatuan republik indonesia,-11,negatif
Amanat Presiden selaku Inspektur Upacara pada Pelantikan Pamong Praja Angkatan XXXIII Institut Pemerintahan Dalam Negeri (IPDN) Tahun 2026,https://www.setneg.go.id/baca/index/amanat_presiden_selaku_inspektur_upacara_pada_pelantikan_pamong_praja_angkatan_xxxiii_institut_pemerintahan_dalam_negeri_ipdn_tahun_2026,"Jalan hidup yang Saudara telah pilih bukan jalan yang mudah, bukan jalan yang ringan, tapi jalan yang penuh rintangan, yang penuh kesulitan, yang penuh tantangan, dan yang paling utama adalah yang perlu pengorbanan.",jalan hidup yang saudara telah pilih bukan jalan yang mudah bukan jalan yang ringan tapi jalan yang penuh rintangan yang penuh kesulitan yang penuh tantangan dan yang paling utama adalah yang perlu pengorbanan,jalan hidup saudara pilih bukan jalan mudah bukan jalan ringan jalan penuh rintangan penuh kesulitan penuh tantangan yang paling utama yang perlu pengorbanan,-27,negatif
Amanat Presiden selaku Inspektur Upacara pada Pelantikan Pamong Praja Angkatan XXXIII Institut Pemerintahan Dalam Negeri (IPDN) Tahun 2026,https://www.setneg.go.id/baca/index/amanat_presiden_selaku_inspektur_upacara_pada_pelantikan_pamong_praja_angkatan_xxxiii_institut_pemerintahan_dalam_negeri_ipdn_tahun_2026,"Bahkan, sesungguhnya Saudara-saudara, Anak-anakku semua, kalian telah memilih siap berkorban jiwa dan ragamu untuk Negara Kesatuan Republik Indonesia.",bahkan sesungguhnya saudara saudara anak anakku semua kalian telah memilih siap berkorban jiwa dan ragamu untuk negara kesatuan republik indonesia,bahkan sesungguhnya saudara saudara anak anakku semua kalian memilih siap berkorban jiwa ragamu negara kesatuan republik indonesia,-4,negatif
Amanat Presiden selaku Inspektur Upacara pada Pelantikan Pamong Praja Angkatan XXXIII Institut Pemerintahan Dalam Negeri (IPDN) Tahun 2026,https://www.setneg.go.id/baca/index/amanat_presiden_selaku_inspektur_upacara_pada_pelantikan_pamong_praja_angkatan_xxxiii_institut_pemerintahan_dalam_negeri_ipdn_tahun_2026,Hidupmu penuh dengan tuntutan dari bangsa dan negara.,hidupmu penuh dengan tuntutan dari bangsa dan negara,hidupmu penuh tuntutan bangsa negara,0,netral
Amanat Presiden selaku Inspektur Upacara pada Pelantikan Pamong Praja Angkatan XXXIII Institut Pemerintahan Dalam Negeri (IPDN) Tahun 2026,https://www.setneg.go.id/baca/index/amanat_presiden_selaku_inspektur_upacara_pada_pelantikan_pamong_praja_angkatan_xxxiii_institut_pemerintahan_dalam_negeri_ipdn_tahun_2026,Saudara harus menjadi pamong praja yang hadir ketika rakyat sedang menghadapi kesulitan.,saudara harus menjadi pamong praja yang hadir ketika rakyat sedang menghadapi kesulitan,saudara menjadi pamong praja hadir rakyat sedang menghadapi kesulitan,-8,negatif
Amanat Presiden selaku Inspektur Upacara pada Pelantikan Pamong Praja Angkatan XXXIII Institut Pemerintahan Dalam Negeri (IPDN) Tahun 2026,https://www.setneg.go.id/baca/index/amanat_presiden_selaku_inspektur_upacara_pada_pelantikan_pamong_praja_angkatan_xxxiii_institut_pemerintahan_dalam_negeri_ipdn_tahun_2026,Saudara harus menjadi pelita harapan.,saudara harus menjadi pelita harapan,saudara menjadi pelita harapan,-2,negatif
Amanat Presiden selaku Inspektur Upacara pada Pelantikan Pamong Praja Angkatan XXXIII Institut Pemerintahan Dalam Negeri (IPDN) Tahun 2026,https://www.setneg.go.id/baca/index/amanat_presiden_selaku_inspektur_upacara_pada_pelantikan_pamong_praja_angkatan_xxxiii_institut_pemerintahan_dalam_negeri_ipdn_tahun_2026,"Saudara harus menjadi tonggak, dukungan, dan kepemimpinan bagi masyarakat.",saudara harus menjadi tonggak dukungan dan kepemimpinan bagi masyarakat,saudara menjadi tonggak dukungan kepemimpinan masyarakat,4,positif
Amanat Presiden selaku Inspektur Upacara pada Pelantikan Pamong Praja Angkatan XXXIII Institut Pemerintahan Dalam Negeri (IPDN) Tahun 2026,https://www.setneg.go.id/baca/index/amanat_presiden_selaku_inspektur_upacara_pada_pelantikan_pamong_praja_angkatan_xxxiii_institut_pemerintahan_dalam_negeri_ipdn_tahun_2026,"Saudara-saudara sekalian,Saudara adalah angkatan pamong praja yang telah ikut turun langsung selama satu bulan membantu menangani bencana di Aceh.",saudara saudara sekalian saudara adalah angkatan pamong praja yang telah ikut turun langsung selama satu bulan membantu menangani bencana di aceh,saudara saudara sekalian saudara angkatan pamong praja telah ikut turun langsung selama satu bulan membantu menangani bencana aceh,-19,negatif
Amanat Presiden selaku Inspektur Upacara pada Pelantikan Pamong Praja Angkatan XXXIII Institut Pemerintahan Dalam Negeri (IPDN) Tahun 2026,https://www.setneg.go.id/baca/index/amanat_presiden_selaku_inspektur_upacara_pada_pelantikan_pamong_praja_angkatan_xxxiii_institut_pemerintahan_dalam_negeri_ipdn_tahun_2026,"Sebelum Saudara dilantik, Saudara sudah dituntut untuk bekerja membantu rakyat di saat rakyat menghadapi kesulitan.",sebelum saudara dilantik saudara sudah dituntut untuk bekerja membantu rakyat di saat rakyat menghadapi kesulitan,saudara dilantik saudara dituntut bekerja membantu rakyat saat rakyat menghadapi kesulitan,-9,negatif
Amanat Presiden selaku Inspektur Upacara pada Pelantikan Pamong Praja Angkatan XXXIII Institut Pemerintahan Dalam Negeri (IPDN) Tahun 2026,https://www.setneg.go.id/baca/index/amanat_presiden_selaku_inspektur_upacara_pada_pelantikan_pamong_praja_angkatan_xxxiii_institut_pemerintahan_dalam_negeri_ipdn_tahun_2026,"Saudara-saudara,Menjadi pamong praja bukan sekadar menyandang pangkat atau jabatan.",saudara saudara menjadi pamong praja bukan sekadar menyandang pangkat atau jabatan,saudara saudara menjadi pamong praja bukan sekadar menyandang pangkat jabatan,-1,negatif
Amanat Presiden selaku Inspektur Upacara pada Pelantikan Pamong Praja Angkatan XXXIII Institut Pemerintahan Dalam Negeri (IPDN) Tahun 2026,https://www.setneg.go.id/baca/index/amanat_presiden_selaku_inspektur_upacara_pada_pelantikan_pamong_praja_angkatan_xxxiii_institut_pemerintahan_dalam_negeri_ipdn_tahun_2026,"Kehormatan seorang aparatur negara tidak diukur dari kedudukannya, tapi seberapa besar manfaat yang dirasakan oleh rakyat.",kehormatan seorang aparatur negara tidak diukur dari kedudukannya tapi seberapa besar manfaat yang dirasakan oleh rakyat,kehormatan seorang aparatur negara diukur kedudukannya seberapa besar manfaat dirasakan rakyat,8,positif
Amanat Presiden selaku Inspektur Upacara pada Pelantikan Pamong Praja Angkatan XXXIII Institut Pemerintahan Dalam Negeri (IPDN) Tahun 2026,https://www.setneg.go.id/baca/index/amanat_presiden_selaku_inspektur_upacara_pada_pelantikan_pamong_praja_angkatan_xxxiii_institut_pemerintahan_dalam_negeri_ipdn_tahun_2026,"Saudara-saudara,Saudara adalah pelayan rakyat.",saudara saudara saudara adalah pelayan rakyat,saudara saudara saudara pelayan rakyat,-2,negatif
Amanat Presiden selaku Inspektur Upacara pada Pelantikan Pamong Praja Angkatan XXXIII Institut Pemerintahan Dalam Negeri (IPDN) Tahun 2026,https://www.setneg.go.id/baca/index/amanat_presiden_selaku_inspektur_upacara_pada_pelantikan_pamong_praja_angkatan_xxxiii_institut_pemerintahan_dalam_negeri_ipdn_tahun_2026,"Saudara harus melayani, melindungi, dan mengayomi masyarakat, mengayomi rakyat Indonesia dengan sebaik-baiknya.",saudara harus melayani melindungi dan mengayomi masyarakat mengayomi rakyat indonesia dengan sebaik baiknya,saudara melayani melindungi mengayomi masyarakat mengayomi rakyat indonesia sebaik baiknya,-4,negatif
Amanat Presiden selaku Inspektur Upacara pada Pelantikan Pamong Praja Angkatan XXXIII Institut Pemerintahan Dalam Negeri (IPDN) Tahun 2026,https://www.setneg.go.id/baca/index/amanat_presiden_selaku_inspektur_upacara_pada_pelantikan_pamong_praja_angkatan_xxxiii_institut_pemerintahan_dalam_negeri_ipdn_tahun_2026,Rakyat kita tidak membutuhkan birokrasi yang berbelit-belit.,rakyat kita tidak membutuhkan birokrasi yang berbelit belit,rakyat tidak membutuhkan birokrasi berbelit belit,-8,negatif
Amanat Presiden selaku Inspektur Upacara pada Pelantikan Pamong Praja Angkatan XXXIII Institut Pemerintahan Dalam Negeri (IPDN) Tahun 2026,https://www.setneg.go.id/baca/index/amanat_presiden_selaku_inspektur_upacara_pada_pelantikan_pamong_praja_angkatan_xxxiii_institut_pemerintahan_dalam_negeri_ipdn_tahun_2026,Rakyat kita tidak perlu pemimpin-pemimpin yang tidak bekerja dengan sebaik-baiknya.,rakyat kita tidak perlu pemimpin pemimpin yang tidak bekerja dengan sebaik baiknya,rakyat tidak perlu pemimpin pemimpin tidak bekerja sebaik baiknya,-7,negatif
Amanat Presiden selaku Inspektur Upacara pada Pelantikan Pamong Praja Angkatan XXXIII Institut Pemerintahan Dalam Negeri (IPDN) Tahun 2026,https://www.setneg.go.id/baca/index/amanat_presiden_selaku_inspektur_upacara_pada_pelantikan_pamong_praja_angkatan_xxxiii_institut_pemerintahan_dalam_negeri_ipdn_tahun_2026,"Rakyat membutuhkan, bahkan rakyat menuntut aparatur yang bekerja jujur, disiplin, bersih, tidak korupsi, berani mengambil keputusan, dan selalu hadir ketika rakyat membutuhkan.",rakyat membutuhkan bahkan rakyat menuntut aparatur yang bekerja jujur disiplin bersih tidak korupsi berani mengambil keputusan dan selalu hadir ketika rakyat membutuhkan,rakyat membutuhkan bahkan rakyat menuntut aparatur bekerja jujur disiplin bersih korupsi berani mengambil keputusan selalu hadir rakyat membutuhkan,-4,negatif
Amanat Presiden selaku Inspektur Upacara pada Pelantikan Pamong Praja Angkatan XXXIII Institut Pemerintahan Dalam Negeri (IPDN) Tahun 2026,https://www.setneg.go.id/baca/index/amanat_presiden_selaku_inspektur_upacara_pada_pelantikan_pamong_praja_angkatan_xxxiii_institut_pemerintahan_dalam_negeri_ipdn_tahun_2026,"Rakyat menuntut aparatur negara yang mengutamakan kepentingan rakyat, bukan kepentingan pribadi atau golongan.",rakyat menuntut aparatur negara yang mengutamakan kepentingan rakyat bukan kepentingan pribadi atau golongan,rakyat menuntut aparatur negara mengutamakan kepentingan rakyat bukan kepentingan pribadi golongan,4,positif
Amanat Presiden selaku Inspektur Upacara pada Pelantikan Pamong Praja Angkatan XXXIII Institut Pemerintahan Dalam Negeri (IPDN) Tahun 2026,https://www.setneg.go.id/baca/index/amanat_presiden_selaku_inspektur_upacara_pada_pelantikan_pamong_praja_angkatan_xxxiii_institut_pemerintahan_dalam_negeri_ipdn_tahun_2026,"Di mana pun Saudara bertugas, ingat, Saudara adalah wajah dan lambang negara.",di mana pun saudara bertugas ingat saudara adalah wajah dan lambang negara,mana saudara bertugas ingat saudara wajah lambang negara,-6,negatif
Amanat Presiden selaku Inspektur Upacara pada Pelantikan Pamong Praja Angkatan XXXIII Institut Pemerintahan Dalam Negeri (IPDN) Tahun 2026,https://www.setneg.go.id/baca/index/amanat_presiden_selaku_inspektur_upacara_pada_pelantikan_pamong_praja_angkatan_xxxiii_institut_pemerintahan_dalam_negeri_ipdn_tahun_2026,"Dari sikap Saudara, dari penampilan Saudara, rakyat menilai apakah negara kita hadir atau tidak, apakah negara kita tertib atau tidak, apakah negara kita membanggakan atau tidak, apakah negara kita negara yang terhormat atau tidak.",dari sikap saudara dari penampilan saudara rakyat menilai apakah negara kita hadir atau tidak apakah negara kita tertib atau tidak apakah negara kita membanggakan atau tidak apakah negara kita negara yang terhormat atau tidak,sikap saudara penampilan saudara rakyat menilai negara hadir tidak negara tertib tidak negara membanggakan tidak negara negara terhormat tidak,-27,negatif
Amanat Presiden selaku Inspektur Upacara pada Pelantikan Pamong Praja Angkatan XXXIII Institut Pemerintahan Dalam Negeri (IPDN) Tahun 2026,https://www.setneg.go.id/baca/index/amanat_presiden_selaku_inspektur_upacara_pada_pelantikan_pamong_praja_angkatan_xxxiii_institut_pemerintahan_dalam_negeri_ipdn_tahun_2026,Rakyat yang akan merasakan apakah negara peduli dengan rakyatnya atau tidak.,rakyat yang akan merasakan apakah negara peduli dengan rakyatnya atau tidak,rakyat akan merasakan negara peduli rakyatnya tidak,-6,negatif
Amanat Presiden selaku Inspektur Upacara pada Pelantikan Pamong Praja Angkatan XXXIII Institut Pemerintahan Dalam Negeri (IPDN) Tahun 2026,https://www.setneg.go.id/baca/index/amanat_presiden_selaku_inspektur_upacara_pada_pelantikan_pamong_praja_angkatan_xxxiii_institut_pemerintahan_dalam_negeri_ipdn_tahun_2026,"Dan, dari keputusan-keputusan Saudara, rakyat akan menilai apakah negara layak dipercaya atau tidak.",dan dari keputusan keputusan saudara rakyat akan menilai apakah negara layak dipercaya atau tidak,dari keputusan keputusan saudara rakyat menilai negara layak dipercaya tidak,-9,negatif
Amanat Presiden selaku Inspektur Upacara pada Pelantikan Pamong Praja Angkatan XXXIII Institut Pemerintahan Dalam Negeri (IPDN) Tahun 2026,https://www.setneg.go.id/baca/index/amanat_presiden_selaku_inspektur_upacara_pada_pelantikan_pamong_praja_angkatan_xxxiii_institut_pemerintahan_dalam_negeri_ipdn_tahun_2026,Itu beratnya tugas dan tanggung jawab seorang pamong praja.,itu beratnya tugas dan tanggung jawab seorang pamong praja,beratnya tugas tanggung jawab seorang pamong praja,-8,negatif
Amanat Presiden selaku Inspektur Upacara pada Pelantikan Pamong Praja Angkatan XXXIII Institut Pemerintahan Dalam Negeri (IPDN) Tahun 2026,https://www.setneg.go.id/baca/index/amanat_presiden_selaku_inspektur_upacara_pada_pelantikan_pamong_praja_angkatan_xxxiii_institut_pemerintahan_dalam_negeri_ipdn_tahun_2026,"Karena itu, bekerjalah dengan sebaik-baiknya.",karena itu bekerjalah dengan sebaik baiknya,itu bekerjalah sebaik baiknya,-1,negatif
Amanat Presiden selaku Inspektur Upacara pada Pelantikan Pamong Praja Angkatan XXXIII Institut Pemerintahan Dalam Negeri (IPDN) Tahun 2026,https://www.setneg.go.id/baca/index/amanat_presiden_selaku_inspektur_upacara_pada_pelantikan_pamong_praja_angkatan_xxxiii_institut_pemerintahan_dalam_negeri_ipdn_tahun_2026,"Kalau Saudara bekerja dengan baik, rakyat akan semakin percaya dan semakin cinta kepada negaranya.",kalau saudara bekerja dengan baik rakyat akan semakin percaya dan semakin cinta kepada negaranya,kalau saudara bekerja baik rakyat semakin percaya semakin cinta negaranya,3,positif
Amanat Presiden selaku Inspektur Upacara pada Pelantikan Pamong Praja Angkatan XXXIII Institut Pemerintahan Dalam Negeri (IPDN) Tahun 2026,https://www.setneg.go.id/baca/index/amanat_presiden_selaku_inspektur_upacara_pada_pelantikan_pamong_praja_angkatan_xxxiii_institut_pemerintahan_dalam_negeri_ipdn_tahun_2026,"Tapi kalau Saudara mengecewakan rakyat, yang rusak bukan hanya nama Saudara, melainkan yang rusak adalah kepercayaan rakyat kepada negara.",tapi kalau saudara mengecewakan rakyat yang rusak bukan hanya nama saudara melainkan yang rusak adalah kepercayaan rakyat kepada negara,kalau saudara mengecewakan rakyat rusak bukan nama saudara yang rusak kepercayaan rakyat negara,-23,negatif
Amanat Presiden selaku Inspektur Upacara pada Pelantikan Pamong Praja Angkatan XXXIII Institut Pemerintahan Dalam Negeri (IPDN) Tahun 2026,https://www.setneg.go.id/baca/index/amanat_presiden_selaku_inspektur_upacara_pada_pelantikan_pamong_praja_angkatan_xxxiii_institut_pemerintahan_dalam_negeri_ipdn_tahun_2026,"Saudara-saudara,Kita mempunyai cita-cita yang besar.",saudara saudara kita mempunyai cita cita yang besar,saudara saudara mempunyai cita cita besar,2,positif
Amanat Presiden selaku Inspektur Upacara pada Pelantikan Pamong Praja Angkatan XXXIII Institut Pemerintahan Dalam Negeri (IPDN) Tahun 2026,https://www.setneg.go.id/baca/index/amanat_presiden_selaku_inspektur_upacara_pada_pelantikan_pamong_praja_angkatan_xxxiii_institut_pemerintahan_dalam_negeri_ipdn_tahun_2026,Indonesia adalah negara besar.,indonesia adalah negara besar,indonesia negara besar,-2,negatif
Amanat Presiden selaku Inspektur Upacara pada Pelantikan Pamong Praja Angkatan XXXIII Institut Pemerintahan Dalam Negeri (IPDN) Tahun 2026,https://www.setneg.go.id/baca/index/amanat_presiden_selaku_inspektur_upacara_pada_pelantikan_pamong_praja_angkatan_xxxiii_institut_pemerintahan_dalam_negeri_ipdn_tahun_2026,"Dari jumlah penduduk, kita negara keempat terbesar di dunia.",dari jumlah penduduk kita negara keempat terbesar di dunia,jumlah penduduk negara keempat terbesar dunia,-2,negatif
Amanat Presiden selaku Inspektur Upacara pada Pelantikan Pamong Praja Angkatan XXXIII Institut Pemerintahan Dalam Negeri (IPDN) Tahun 2026,https://www.setneg.go.id/baca/index/amanat_presiden_selaku_inspektur_upacara_pada_pelantikan_pamong_praja_angkatan_xxxiii_institut_pemerintahan_dalam_negeri_ipdn_tahun_2026,"Luas, luas wilayah kita sama dengan 27 negara Eropa.",luas luas wilayah kita sama dengan negara eropa,luas luas wilayah sama negara eropa,9,positif
Amanat Presiden selaku Inspektur Upacara pada Pelantikan Pamong Praja Angkatan XXXIII Institut Pemerintahan Dalam Negeri (IPDN) Tahun 2026,https://www.setneg.go.id/baca/index/amanat_presiden_selaku_inspektur_upacara_pada_pelantikan_pamong_praja_angkatan_xxxiii_institut_pemerintahan_dalam_negeri_ipdn_tahun_2026,"Negara kita sangat luas, sangat besar, dan sekarang kita semakin yakin betapa kayanya negara kita.",negara kita sangat luas sangat besar dan sekarang kita semakin yakin betapa kayanya negara kita,negara sangat luas sangat besar sekarang semakin yakin betapa kayanya negara,-2,negatif
Amanat Presiden selaku Inspektur Upacara pada Pelantikan Pamong Praja Angkatan XXXIII Institut Pemerintahan Dalam Negeri (IPDN) Tahun 2026,https://www.setneg.go.id/baca/index/amanat_presiden_selaku_inspektur_upacara_pada_pelantikan_pamong_praja_angkatan_xxxiii_institut_pemerintahan_dalam_negeri_ipdn_tahun_2026,"Karena kayanya ini, negara kita ratusan tahun jadi sasaran bangsa-bangsa lain.",karena kayanya ini negara kita ratusan tahun jadi sasaran bangsa bangsa lain,kayanya negara ratusan tahun jadi sasaran bangsa bangsa,-4,negatif
Amanat Presiden selaku Inspektur Upacara pada Pelantikan Pamong Praja Angkatan XXXIII Institut Pemerintahan Dalam Negeri (IPDN) Tahun 2026,https://www.setneg.go.id/baca/index/amanat_presiden_selaku_inspektur_upacara_pada_pelantikan_pamong_praja_angkatan_xxxiii_institut_pemerintahan_dalam_negeri_ipdn_tahun_2026,Mereka datang untuk mengambil kekayaan kita.,mereka datang untuk mengambil kekayaan kita,datang mengambil kekayaan,-2,negatif
Amanat Presiden selaku Inspektur Upacara pada Pelantikan Pamong Praja Angkatan XXXIII Institut Pemerintahan Dalam Negeri (IPDN) Tahun 2026,https://www.setneg.go.id/baca/index/amanat_presiden_selaku_inspektur_upacara_pada_pelantikan_pamong_praja_angkatan_xxxiii_institut_pemerintahan_dalam_negeri_ipdn_tahun_2026,"Saudara-saudara,Banyak pemimpin-pemimpin kita ratusan tahun diadu domba.Divide et impera, pecah belah dan berkuasa, itu adalah hukum mereka, itu adalah ilmu mereka,divide et impera,pecah belah, pecah belah antara suku, pecah belah antara agama, pecah belah antara ras, pecah belah antara kelompok etnis, pecah belah antara golongan.",saudara saudara banyak pemimpin pemimpin kita ratusan tahun diadu domba divide et impera pecah belah dan berkuasa itu adalah hukum mereka itu adalah ilmu mereka divide et impera pecah belah pecah belah antara suku pecah belah antara agama pecah belah antara ras pecah belah antara kelompok etnis pecah belah antara golongan,saudara saudara banyak pemimpin pemimpin ratusan tahun diadu domba divide et impera pecah belah berkuasa hukum itu adalah ilmu divide et impera pecah belah pecah belah suku pecah belah agama pecah belah ras pecah belah kelompok etnis pecah belah golongan,-46,negatif
Amanat Presiden selaku Inspektur Upacara pada Pelantikan Pamong Praja Angkatan XXXIII Institut Pemerintahan Dalam Negeri (IPDN) Tahun 2026,https://www.setneg.go.id/baca/index/amanat_presiden_selaku_inspektur_upacara_pada_pelantikan_pamong_praja_angkatan_xxxiii_institut_pemerintahan_dalam_negeri_ipdn_tahun_2026,"Saudara-saudara sekalian,Untuk sebuah negara kuat dan berhasil, negara itu memerlukan suatu pemerintahan dalam negeri yang unggul, yang efisien, yang disiplin, dan yang paling penting pemerintahan dalam negeri yang tidak korup, yang cinta tanah air, yang mengutamakan kepentingan rakyat di atas kepentingan yang lain.",saudara saudara sekalian untuk sebuah negara kuat dan berhasil negara itu memerlukan suatu pemerintahan dalam negeri yang unggul yang efisien yang disiplin dan yang paling penting pemerintahan dalam negeri yang tidak korup yang cinta tanah air yang mengutamakan kepentingan rakyat di atas kepentingan yang lain,saudara saudara sekalian sebuah negara kuat berhasil negara memerlukan suatu pemerintahan negeri unggul efisien disiplin paling penting pemerintahan negeri tidak korup cinta tanah air mengutamakan kepentingan rakyat atas kepentingan yang lain,-12,negatif
Amanat Presiden selaku Inspektur Upacara pada Pelantikan Pamong Praja Angkatan XXXIII Institut Pemerintahan Dalam Negeri (IPDN) Tahun 2026,https://www.setneg.go.id/baca/index/amanat_presiden_selaku_inspektur_upacara_pada_pelantikan_pamong_praja_angkatan_xxxiii_institut_pemerintahan_dalam_negeri_ipdn_tahun_2026,"Dengan pemerintahan dalam negeri yang demikian, sejarah manusia mengajarkan kepada kita negara akan berhasil, bangsa akan menjadi makmur, rakyat akan menjadi sejahtera.",dengan pemerintahan dalam negeri yang demikian sejarah manusia mengajarkan kepada kita negara akan berhasil bangsa akan menjadi makmur rakyat akan menjadi sejahtera,pemerintahan negeri demikian sejarah manusia mengajarkan kita negara berhasil bangsa menjadi makmur rakyat menjadi sejahtera,10,positif
Amanat Presiden selaku Inspektur Upacara pada Pelantikan Pamong Praja Angkatan XXXIII Institut Pemerintahan Dalam Negeri (IPDN) Tahun 2026,https://www.setneg.go.id/baca/index/amanat_presiden_selaku_inspektur_upacara_pada_pelantikan_pamong_praja_angkatan_xxxiii_institut_pemerintahan_dalam_negeri_ipdn_tahun_2026,"Saudara-saudara sekalian,Cita-cita besar kita adalah Indonesia menjadi negara yang maju dan modern, negara yang mandiri, yang berdiri di atas kaki kita sendiri, yang tidak diatur oleh bangsa lain, tidak didikte oleh bangsa lain, tidak ditipu oleh bangsa lain.",saudara saudara sekalian cita cita besar kita adalah indonesia menjadi negara yang maju dan modern negara yang mandiri yang berdiri di atas kaki kita sendiri yang tidak diatur oleh bangsa lain tidak didikte oleh bangsa lain tidak ditipu oleh bangsa lain,saudara saudara sekalian cita cita besar adalah indonesia menjadi negara maju modern negara mandiri berdiri atas kaki sendiri tidak diatur bangsa tidak didikte bangsa tidak ditipu bangsa,-24,negatif
Amanat Presiden selaku Inspektur Upacara pada Pelantikan Pamong Praja Angkatan XXXIII Institut Pemerintahan Dalam Negeri (IPDN) Tahun 2026,https://www.setneg.go.id/baca/index/amanat_presiden_selaku_inspektur_upacara_pada_pelantikan_pamong_praja_angkatan_xxxiii_institut_pemerintahan_dalam_negeri_ipdn_tahun_2026,"Kita ingin melihat rakyat kita hidup dengan baik, hidup dengan sejahtera, setiap warga negara merasa aman, setiap warga negara mendapat penghasilan yang layak dan cukup, tidak ada di antara rakyat Indonesia yang lapar, tidak ada anak-anak Indonesia yang tidak bisa sekolah, tidak ada warga negara kita yang tidak bisa dapat pelayanan rumah sakit bila perlu, tidak ada di antara rakyat kita yang tidak tinggal di rumah yang layak.",kita ingin melihat rakyat kita hidup dengan baik hidup dengan sejahtera setiap warga negara merasa aman setiap warga negara mendapat penghasilan yang layak dan cukup tidak ada di antara rakyat indonesia yang lapar tidak ada anak anak indonesia yang tidak bisa sekolah tidak ada warga negara kita yang tidak bisa dapat pelayanan rumah sakit bila perlu tidak ada di antara rakyat kita yang tidak tinggal di rumah yang layak,ingin melihat rakyat hidup baik hidup sejahtera warga negara merasa aman warga negara mendapat penghasilan layak cukup ada antara rakyat indonesia lapar ada anak anak indonesia sekolah ada warga negara bisa pelayanan rumah sakit bila perlu ada antara rakyat yang tidak tinggal rumah yang layak,-52,negatif
Amanat Presiden selaku Inspektur Upacara pada Pelantikan Pamong Praja Angkatan XXXIII Institut Pemerintahan Dalam Negeri (IPDN) Tahun 2026,https://www.setneg.go.id/baca/index/amanat_presiden_selaku_inspektur_upacara_pada_pelantikan_pamong_praja_angkatan_xxxiii_institut_pemerintahan_dalam_negeri_ipdn_tahun_2026,"Itu cita-cita kita, itu perjuangan kita, itu nanti tugas Saudara-saudara sekalian.",itu cita cita kita itu perjuangan kita itu nanti tugas saudara saudara sekalian,cita cita itu perjuangan itu tugas saudara saudara sekalian,-5,negatif
Amanat Presiden selaku Inspektur Upacara pada Pelantikan Pamong Praja Angkatan XXXIII Institut Pemerintahan Dalam Negeri (IPDN) Tahun 2026,https://www.setneg.go.id/baca/index/amanat_presiden_selaku_inspektur_upacara_pada_pelantikan_pamong_praja_angkatan_xxxiii_institut_pemerintahan_dalam_negeri_ipdn_tahun_2026,Cita-cita besar itu di ambang keberhasilan.,cita cita besar itu di ambang keberhasilan,cita cita besar di ambang keberhasilan,-2,negatif
Amanat Presiden selaku Inspektur Upacara pada Pelantikan Pamong Praja Angkatan XXXIII Institut Pemerintahan Dalam Negeri (IPDN) Tahun 2026,https://www.setneg.go.id/baca/index/amanat_presiden_selaku_inspektur_upacara_pada_pelantikan_pamong_praja_angkatan_xxxiii_institut_pemerintahan_dalam_negeri_ipdn_tahun_2026,"Semua pakar dunia meramalkan, 25 tahun lagi Indonesia menjadi ekonomi keempat di dunia, keempat, di atas Prancis, Jerman, Inggris.",semua pakar dunia meramalkan tahun lagi indonesia menjadi ekonomi keempat di dunia keempat di atas prancis jerman inggris,semua pakar dunia meramalkan tahun indonesia menjadi ekonomi keempat dunia keempat atas prancis jerman inggris,-14,negatif
Amanat Presiden selaku Inspektur Upacara pada Pelantikan Pamong Praja Angkatan XXXIII Institut Pemerintahan Dalam Negeri (IPDN) Tahun 2026,https://www.setneg.go.id/baca/index/amanat_presiden_selaku_inspektur_upacara_pada_pelantikan_pamong_praja_angkatan_xxxiii_institut_pemerintahan_dalam_negeri_ipdn_tahun_2026,"Dua puluh lima tahun yang akan datang, Saudara-saudara yang akan menjalankan pemerintahan yang sebenarnya.",dua puluh lima tahun yang akan datang saudara saudara yang akan menjalankan pemerintahan yang sebenarnya,puluh lima tahun akan datang saudara saudara akan menjalankan pemerintahan sebenarnya,0,netral
Amanat Presiden selaku Inspektur Upacara pada Pelantikan Pamong Praja Angkatan XXXIII Institut Pemerintahan Dalam Negeri (IPDN) Tahun 2026,https://www.setneg.go.id/baca/index/amanat_presiden_selaku_inspektur_upacara_pada_pelantikan_pamong_praja_angkatan_xxxiii_institut_pemerintahan_dalam_negeri_ipdn_tahun_2026,"Dua puluh lima tahun yang akan datang, sebagian dari Saudara akan jadi gubernur, mungkin di antara Saudara akan berdiri di podium ini.",dua puluh lima tahun yang akan datang sebagian dari saudara akan jadi gubernur mungkin di antara saudara akan berdiri di podium ini,puluh lima tahun datang sebagian saudara jadi gubernur mungkin antara saudara akan berdiri podium,-7,negatif
Amanat Presiden selaku Inspektur Upacara pada Pelantikan Pamong Praja Angkatan XXXIII Institut Pemerintahan Dalam Negeri (IPDN) Tahun 2026,https://www.setneg.go.id/baca/index/amanat_presiden_selaku_inspektur_upacara_pada_pelantikan_pamong_praja_angkatan_xxxiii_institut_pemerintahan_dalam_negeri_ipdn_tahun_2026,Masa depan milik Saudara-saudara sekalian.,masa depan milik saudara saudara sekalian,masa depan milik saudara saudara sekalian,1,positif
Amanat Presiden selaku Inspektur Upacara pada Pelantikan Pamong Praja Angkatan XXXIII Institut Pemerintahan Dalam Negeri (IPDN) Tahun 2026,https://www.setneg.go.id/baca/index/amanat_presiden_selaku_inspektur_upacara_pada_pelantikan_pamong_praja_angkatan_xxxiii_institut_pemerintahan_dalam_negeri_ipdn_tahun_2026,"Kami di sini bekerja, mengabdi untuk membuka jalan bagi Saudara-saudara sekalian.",kami di sini bekerja mengabdi untuk membuka jalan bagi saudara saudara sekalian,di sini bekerja mengabdi membuka jalan saudara saudara sekalian,-3,negatif
Amanat Presiden selaku Inspektur Upacara pada Pelantikan Pamong Praja Angkatan XXXIII Institut Pemerintahan Dalam Negeri (IPDN) Tahun 2026,https://www.setneg.go.id/baca/index/amanat_presiden_selaku_inspektur_upacara_pada_pelantikan_pamong_praja_angkatan_xxxiii_institut_pemerintahan_dalam_negeri_ipdn_tahun_2026,"Saudara-saudara adalah anak-anak kami, yang kami siapkan untuk menjaga republik ini setelah kami sudah tidak ada.",saudara saudara adalah anak anak kami yang kami siapkan untuk menjaga republik ini setelah kami sudah tidak ada,saudara saudara anak anak yang siapkan menjaga republik setelah sudah ada,-19,negatif
Amanat Presiden selaku Inspektur Upacara pada Pelantikan Pamong Praja Angkatan XXXIII Institut Pemerintahan Dalam Negeri (IPDN) Tahun 2026,https://www.setneg.go.id/baca/index/amanat_presiden_selaku_inspektur_upacara_pada_pelantikan_pamong_praja_angkatan_xxxiii_institut_pemerintahan_dalam_negeri_ipdn_tahun_2026,"Karena itu, Saudara harus jadi pemimpin-pemimpin yang terbaik.",karena itu saudara harus jadi pemimpin pemimpin yang terbaik,itu saudara jadi pemimpin pemimpin terbaik,1,positif
Amanat Presiden selaku Inspektur Upacara pada Pelantikan Pamong Praja Angkatan XXXIII Institut Pemerintahan Dalam Negeri (IPDN) Tahun 2026,https://www.setneg.go.id/baca/index/amanat_presiden_selaku_inspektur_upacara_pada_pelantikan_pamong_praja_angkatan_xxxiii_institut_pemerintahan_dalam_negeri_ipdn_tahun_2026,"Saudara adalah penggerak birokrasi pemerintahan, penentu keberhasilan pembangunan di lapangan.",saudara adalah penggerak birokrasi pemerintahan penentu keberhasilan pembangunan di lapangan,saudara penggerak birokrasi pemerintahan penentu keberhasilan pembangunan lapangan,3,positif
Amanat Presiden selaku Inspektur Upacara pada Pelantikan Pamong Praja Angkatan XXXIII Institut Pemerintahan Dalam Negeri (IPDN) Tahun 2026,https://www.setneg.go.id/baca/index/amanat_presiden_selaku_inspektur_upacara_pada_pelantikan_pamong_praja_angkatan_xxxiii_institut_pemerintahan_dalam_negeri_ipdn_tahun_2026,"Saudara-saudara,Gagasan yang paling besar, rencana yang paling besar, kebijakan-kebijakan yang paling baik tidak dilaksanakan di lapangan, gagasan besar itu kandas, rencana terbaik itu tidak tercapai.",saudara saudara gagasan yang paling besar rencana yang paling besar kebijakan kebijakan yang paling baik tidak dilaksanakan di lapangan gagasan besar itu kandas rencana terbaik itu tidak tercapai,saudara saudara gagasan paling besar rencana paling besar kebijakan kebijakan paling baik dilaksanakan lapangan gagasan besar kandas rencana terbaik tidak tercapai,-8,negatif
Amanat Presiden selaku Inspektur Upacara pada Pelantikan Pamong Praja Angkatan XXXIII Institut Pemerintahan Dalam Negeri (IPDN) Tahun 2026,https://www.setneg.go.id/baca/index/amanat_presiden_selaku_inspektur_upacara_pada_pelantikan_pamong_praja_angkatan_xxxiii_institut_pemerintahan_dalam_negeri_ipdn_tahun_2026,"Karena itu, Saudara-saudara sungguh-sungguh adalah harapan kami.",karena itu saudara saudara sungguh sungguh adalah harapan kami,itu saudara saudara sungguh sungguh harapan,-4,negatif
Amanat Presiden selaku Inspektur Upacara pada Pelantikan Pamong Praja Angkatan XXXIII Institut Pemerintahan Dalam Negeri (IPDN) Tahun 2026,https://www.setneg.go.id/baca/index/amanat_presiden_selaku_inspektur_upacara_pada_pelantikan_pamong_praja_angkatan_xxxiii_institut_pemerintahan_dalam_negeri_ipdn_tahun_2026,"Saudara-saudara,Kalau nanti bertugas, Saudara tidak akan bekerja sendiri.",saudara saudara kalau nanti bertugas saudara tidak akan bekerja sendiri,saudara saudara kalau bertugas saudara akan bekerja sendiri,-4,negatif
Amanat Presiden selaku Inspektur Upacara pada Pelantikan Pamong Praja Angkatan XXXIII Institut Pemerintahan Dalam Negeri (IPDN) Tahun 2026,https://www.setneg.go.id/baca/index/amanat_presiden_selaku_inspektur_upacara_pada_pelantikan_pamong_praja_angkatan_xxxiii_institut_pemerintahan_dalam_negeri_ipdn_tahun_2026,Saudara menjadi bagian dari satu tim besar kebangsaan.,saudara menjadi bagian dari satu tim besar kebangsaan,saudara menjadi bagian satu tim besar kebangsaan,-11,negatif
Amanat Presiden selaku Inspektur Upacara pada Pelantikan Pamong Praja Angkatan XXXIII Institut Pemerintahan Dalam Negeri (IPDN) Tahun 2026,https://www.setneg.go.id/baca/index/amanat_presiden_selaku_inspektur_upacara_pada_pelantikan_pamong_praja_angkatan_xxxiii_institut_pemerintahan_dalam_negeri_ipdn_tahun_2026,"Saudara akan bekerja sama dengan TNI, dengan Polri, dengan Kejaksaan, dengan Pemerintah Daerah, dengan seluruh unsur pemerintahan dan masyarakat.",saudara akan bekerja sama dengan tni dengan polri dengan kejaksaan dengan pemerintah daerah dengan seluruh unsur pemerintahan dan masyarakat,saudara bekerja sama tni polri kejaksaan pemerintah daerah seluruh unsur pemerintahan masyarakat,3,positif
Amanat Presiden selaku Inspektur Upacara pada Pelantikan Pamong Praja Angkatan XXXIII Institut Pemerintahan Dalam Negeri (IPDN) Tahun 2026,https://www.setneg.go.id/baca/index/amanat_presiden_selaku_inspektur_upacara_pada_pelantikan_pamong_praja_angkatan_xxxiii_institut_pemerintahan_dalam_negeri_ipdn_tahun_2026,Saudara harus pandai bergaul.,saudara harus pandai bergaul,saudara pandai bergaul,-7,negatif
Amanat Presiden selaku Inspektur Upacara pada Pelantikan Pamong Praja Angkatan XXXIII Institut Pemerintahan Dalam Negeri (IPDN) Tahun 2026,https://www.setneg.go.id/baca/index/amanat_presiden_selaku_inspektur_upacara_pada_pelantikan_pamong_praja_angkatan_xxxiii_institut_pemerintahan_dalam_negeri_ipdn_tahun_2026,"Saudara harus pelihara hubungan baik dengan semua unsur, dengan ulama, dengan pengusaha, dengan tokoh masyarakat, dengan tokoh adat.",saudara harus pelihara hubungan baik dengan semua unsur dengan ulama dengan pengusaha dengan tokoh masyarakat dengan tokoh adat,saudara pelihara hubungan baik semua unsur ulama pengusaha tokoh masyarakat tokoh adat,2,positif
Amanat Presiden selaku Inspektur Upacara pada Pelantikan Pamong Praja Angkatan XXXIII Institut Pemerintahan Dalam Negeri (IPDN) Tahun 2026,https://www.setneg.go.id/baca/index/amanat_presiden_selaku_inspektur_upacara_pada_pelantikan_pamong_praja_angkatan_xxxiii_institut_pemerintahan_dalam_negeri_ipdn_tahun_2026,Saudara tidak boleh sekali-sekali menjadi pemimpin yang sombong.,saudara tidak boleh sekali sekali menjadi pemimpin yang sombong,saudara boleh sekali sekali menjadi pemimpin sombong,-3,negatif
Amanat Presiden selaku Inspektur Upacara pada Pelantikan Pamong Praja Angkatan XXXIII Institut Pemerintahan Dalam Negeri (IPDN) Tahun 2026,https://www.setneg.go.id/baca/index/amanat_presiden_selaku_inspektur_upacara_pada_pelantikan_pamong_praja_angkatan_xxxiii_institut_pemerintahan_dalam_negeri_ipdn_tahun_2026,Bangunlah kerja sama.,bangunlah kerja sama,bangunlah kerja sama,5,positif
Amanat Presiden selaku Inspektur Upacara pada Pelantikan Pamong Praja Angkatan XXXIII Institut Pemerintahan Dalam Negeri (IPDN) Tahun 2026,https://www.setneg.go.id/baca/index/amanat_presiden_selaku_inspektur_upacara_pada_pelantikan_pamong_praja_angkatan_xxxiii_institut_pemerintahan_dalam_negeri_ipdn_tahun_2026,Kerja sama adalah kunci dari keberhasilan.,kerja sama adalah kunci dari keberhasilan,kerja sama kunci keberhasilan,8,positif
Amanat Presiden selaku Inspektur Upacara pada Pelantikan Pamong Praja Angkatan XXXIII Institut Pemerintahan Dalam Negeri (IPDN) Tahun 2026,https://www.setneg.go.id/baca/index/amanat_presiden_selaku_inspektur_upacara_pada_pelantikan_pamong_praja_angkatan_xxxiii_institut_pemerintahan_dalam_negeri_ipdn_tahun_2026,"Saudara harus saling menghormati, saling mendukung, dan saling memperkuat.",saudara harus saling menghormati saling mendukung dan saling memperkuat,saudara saling menghormati saling mendukung saling memperkuat,3,positif
Amanat Presiden selaku Inspektur Upacara pada Pelantikan Pamong Praja Angkatan XXXIII Institut Pemerintahan Dalam Negeri (IPDN) Tahun 2026,https://www.setneg.go.id/baca/index/amanat_presiden_selaku_inspektur_upacara_pada_pelantikan_pamong_praja_angkatan_xxxiii_institut_pemerintahan_dalam_negeri_ipdn_tahun_2026,"Saya percaya bahwa lulusan IPDN Angkatan XXXIII Tahun 2026 adalah putra-putri terbaik bangsa, yang memiliki semangat pengabdian, disiplin, keberanian, dan integritas.",saya percaya bahwa lulusan ipdn angkatan xxxiii tahun adalah putra putri terbaik bangsa yang memiliki semangat pengabdian disiplin keberanian dan integritas,percaya lulusan ipdn angkatan xxxiii tahun putra putri terbaik bangsa memiliki semangat pengabdian disiplin keberanian integritas,4,positif
Amanat Presiden selaku Inspektur Upacara pada Pelantikan Pamong Praja Angkatan XXXIII Institut Pemerintahan Dalam Negeri (IPDN) Tahun 2026,https://www.setneg.go.id/baca/index/amanat_presiden_selaku_inspektur_upacara_pada_pelantikan_pamong_praja_angkatan_xxxiii_institut_pemerintahan_dalam_negeri_ipdn_tahun_2026,"Saya, sebelum naik podium, saya dapat laporan dari Menteri Dalam Negeri, “Bapak Presiden, sepuluh lulusan terbaik dari angkatan ini semuanya berasal dari keluarga yang sangat sederhana.” Ini, tadi saya disampaikan, ada yang anaknya buruh, ada anak tani, ada ya, kalau dari TNI, anak bintara.",saya sebelum naik podium saya dapat laporan dari menteri dalam negeri bapak presiden sepuluh lulusan terbaik dari angkatan ini semuanya berasal dari keluarga yang sangat sederhana ini tadi saya disampaikan ada yang anaknya buruh ada anak tani ada ya kalau dari tni anak bintara,sebelum naik podium dapat laporan menteri negeri bapak presiden sepuluh lulusan terbaik angkatan semuanya berasal keluarga sangat sederhana tadi disampaikan yang anaknya buruh anak tani ya kalau tni anak bintara,-30,negatif
Amanat Presiden selaku Inspektur Upacara pada Pelantikan Pamong Praja Angkatan XXXIII Institut Pemerintahan Dalam Negeri (IPDN) Tahun 2026,https://www.setneg.go.id/baca/index/amanat_presiden_selaku_inspektur_upacara_pada_pelantikan_pamong_praja_angkatan_xxxiii_institut_pemerintahan_dalam_negeri_ipdn_tahun_2026,Ini membuktikan bahwa seleksi IPDN yang dijalankan oleh Kementerian Dalam Negeri berhasil.,ini membuktikan bahwa seleksi ipdn yang dijalankan oleh kementerian dalam negeri berhasil,membuktikan seleksi ipdn dijalankan kementerian negeri berhasil,-1,negatif
Amanat Presiden selaku Inspektur Upacara pada Pelantikan Pamong Praja Angkatan XXXIII Institut Pemerintahan Dalam Negeri (IPDN) Tahun 2026,https://www.setneg.go.id/baca/index/amanat_presiden_selaku_inspektur_upacara_pada_pelantikan_pamong_praja_angkatan_xxxiii_institut_pemerintahan_dalam_negeri_ipdn_tahun_2026,Kita inginkan seleksinya benar.,kita inginkan seleksinya benar,inginkan seleksinya benar,-4,negatif
Amanat Presiden selaku Inspektur Upacara pada Pelantikan Pamong Praja Angkatan XXXIII Institut Pemerintahan Dalam Negeri (IPDN) Tahun 2026,https://www.setneg.go.id/baca/index/amanat_presiden_selaku_inspektur_upacara_pada_pelantikan_pamong_praja_angkatan_xxxiii_institut_pemerintahan_dalam_negeri_ipdn_tahun_2026,Putra-putri terbaik bangsa anak siapa pun.,putra putri terbaik bangsa anak siapa pun,putra putri terbaik bangsa anak siapa,0,netral
Amanat Presiden selaku Inspektur Upacara pada Pelantikan Pamong Praja Angkatan XXXIII Institut Pemerintahan Dalam Negeri (IPDN) Tahun 2026,https://www.setneg.go.id/baca/index/amanat_presiden_selaku_inspektur_upacara_pada_pelantikan_pamong_praja_angkatan_xxxiii_institut_pemerintahan_dalam_negeri_ipdn_tahun_2026,Ini membuktikan NKRI berhasil.,ini membuktikan nkri berhasil,membuktikan nkri berhasil,-1,negatif
Amanat Presiden selaku Inspektur Upacara pada Pelantikan Pamong Praja Angkatan XXXIII Institut Pemerintahan Dalam Negeri (IPDN) Tahun 2026,https://www.setneg.go.id/baca/index/amanat_presiden_selaku_inspektur_upacara_pada_pelantikan_pamong_praja_angkatan_xxxiii_institut_pemerintahan_dalam_negeri_ipdn_tahun_2026,"Kalau anak buruh harian bisa lulus menjadi pamong praja, siapa tahu suatu saat dia akan menjadi pemimpin yang hebat.",kalau anak buruh harian bisa lulus menjadi pamong praja siapa tahu suatu saat dia akan menjadi pemimpin yang hebat,kalau anak buruh harian lulus menjadi pamong praja siapa tahu suatu dia menjadi pemimpin hebat,-8,negatif
Amanat Presiden selaku Inspektur Upacara pada Pelantikan Pamong Praja Angkatan XXXIII Institut Pemerintahan Dalam Negeri (IPDN) Tahun 2026,https://www.setneg.go.id/baca/index/amanat_presiden_selaku_inspektur_upacara_pada_pelantikan_pamong_praja_angkatan_xxxiii_institut_pemerintahan_dalam_negeri_ipdn_tahun_2026,"Ini membuktikan bahwa NKRI berhasil, bahwa Pancasila itu benar.",ini membuktikan bahwa nkri berhasil bahwa pancasila itu benar,membuktikan nkri berhasil pancasila benar,-5,negatif
Amanat Presiden selaku Inspektur Upacara pada Pelantikan Pamong Praja Angkatan XXXIII Institut Pemerintahan Dalam Negeri (IPDN) Tahun 2026,https://www.setneg.go.id/baca/index/amanat_presiden_selaku_inspektur_upacara_pada_pelantikan_pamong_praja_angkatan_xxxiii_institut_pemerintahan_dalam_negeri_ipdn_tahun_2026,"NKRI dan Pancasila harus menjadi negara dipimpin oleh mereka-mereka yang terbaik, mereka-mereka yang berprestasi, meritokrasi.",nkri dan pancasila harus menjadi negara dipimpin oleh mereka mereka yang terbaik mereka mereka yang berprestasi meritokrasi,nkri pancasila menjadi negara dipimpin terbaik mereka mereka yang berprestasi meritokrasi,0,netral
Amanat Presiden selaku Inspektur Upacara pada Pelantikan Pamong Praja Angkatan XXXIII Institut Pemerintahan Dalam Negeri (IPDN) Tahun 2026,https://www.setneg.go.id/baca/index/amanat_presiden_selaku_inspektur_upacara_pada_pelantikan_pamong_praja_angkatan_xxxiii_institut_pemerintahan_dalam_negeri_ipdn_tahun_2026,"Mereka yang berprestasi, silakan maju, maju.",mereka yang berprestasi silakan maju maju,yang berprestasi silakan maju maju,-4,negatif
Amanat Presiden selaku Inspektur Upacara pada Pelantikan Pamong Praja Angkatan XXXIII Institut Pemerintahan Dalam Negeri (IPDN) Tahun 2026,https://www.setneg.go.id/baca/index/amanat_presiden_selaku_inspektur_upacara_pada_pelantikan_pamong_praja_angkatan_xxxiii_institut_pemerintahan_dalam_negeri_ipdn_tahun_2026,"Ini membanggakan hati saya, Saudara-saudara sekalian.",ini membanggakan hati saya saudara saudara sekalian,membanggakan hati saudara saudara sekalian,-2,negatif
Amanat Presiden selaku Inspektur Upacara pada Pelantikan Pamong Praja Angkatan XXXIII Institut Pemerintahan Dalam Negeri (IPDN) Tahun 2026,https://www.setneg.go.id/baca/index/amanat_presiden_selaku_inspektur_upacara_pada_pelantikan_pamong_praja_angkatan_xxxiii_institut_pemerintahan_dalam_negeri_ipdn_tahun_2026,"Akhirnya, saya berpesan beberapa hal.",akhirnya saya berpesan beberapa hal,akhirnya berpesan beberapa,0,netral
Amanat Presiden selaku Inspektur Upacara pada Pelantikan Pamong Praja Angkatan XXXIII Institut Pemerintahan Dalam Negeri (IPDN) Tahun 2026,https://www.setneg.go.id/baca/index/amanat_presiden_selaku_inspektur_upacara_pada_pelantikan_pamong_praja_angkatan_xxxiii_institut_pemerintahan_dalam_negeri_ipdn_tahun_2026,"Selalu cintai tanah air kita, selalu cintai rakyat kita.",selalu cintai tanah air kita selalu cintai rakyat kita,selalu cintai tanah air selalu cintai rakyat,7,positif
Amanat Presiden selaku Inspektur Upacara pada Pelantikan Pamong Praja Angkatan XXXIII Institut Pemerintahan Dalam Negeri (IPDN) Tahun 2026,https://www.setneg.go.id/baca/index/amanat_presiden_selaku_inspektur_upacara_pada_pelantikan_pamong_praja_angkatan_xxxiii_institut_pemerintahan_dalam_negeri_ipdn_tahun_2026,Saudara-saudara adalah anak kandung rakyat.,saudara saudara adalah anak kandung rakyat,saudara saudara anak kandung rakyat,-3,negatif
Amanat Presiden selaku Inspektur Upacara pada Pelantikan Pamong Praja Angkatan XXXIII Institut Pemerintahan Dalam Negeri (IPDN) Tahun 2026,https://www.setneg.go.id/baca/index/amanat_presiden_selaku_inspektur_upacara_pada_pelantikan_pamong_praja_angkatan_xxxiii_institut_pemerintahan_dalam_negeri_ipdn_tahun_2026,"Setialah kepada semua rakyat kita, seolah-olah semua rakyat itu adalah orang tuamu.",setialah kepada semua rakyat kita seolah olah semua rakyat itu adalah orang tuamu,setialah semua rakyat seolah olah semua rakyat adalah orang tuamu,-6,negatif
Amanat Presiden selaku Inspektur Upacara pada Pelantikan Pamong Praja Angkatan XXXIII Institut Pemerintahan Dalam Negeri (IPDN) Tahun 2026,https://www.setneg.go.id/baca/index/amanat_presiden_selaku_inspektur_upacara_pada_pelantikan_pamong_praja_angkatan_xxxiii_institut_pemerintahan_dalam_negeri_ipdn_tahun_2026,Pegang teguh Pancasila.,pegang teguh pancasila,pegang teguh pancasila,-2,negatif
Amanat Presiden selaku Inspektur Upacara pada Pelantikan Pamong Praja Angkatan XXXIII Institut Pemerintahan Dalam Negeri (IPDN) Tahun 2026,https://www.setneg.go.id/baca/index/amanat_presiden_selaku_inspektur_upacara_pada_pelantikan_pamong_praja_angkatan_xxxiii_institut_pemerintahan_dalam_negeri_ipdn_tahun_2026,Jangan punya kesetiaan sempit.,jangan punya kesetiaan sempit,jangan punya kesetiaan sempit,-1,negatif
Amanat Presiden selaku Inspektur Upacara pada Pelantikan Pamong Praja Angkatan XXXIII Institut Pemerintahan Dalam Negeri (IPDN) Tahun 2026,https://www.setneg.go.id/baca/index/amanat_presiden_selaku_inspektur_upacara_pada_pelantikan_pamong_praja_angkatan_xxxiii_institut_pemerintahan_dalam_negeri_ipdn_tahun_2026,"Negara kita besar, banyak suku, banyak agama, banyak ras, banyak kelompok etnis, semua satu keluarga.",negara kita besar banyak suku banyak agama banyak ras banyak kelompok etnis semua satu keluarga,negara besar banyak suku banyak agama banyak ras banyak kelompok etnis semua satu keluarga,-29,negatif
Amanat Presiden selaku Inspektur Upacara pada Pelantikan Pamong Praja Angkatan XXXIII Institut Pemerintahan Dalam Negeri (IPDN) Tahun 2026,https://www.setneg.go.id/baca/index/amanat_presiden_selaku_inspektur_upacara_pada_pelantikan_pamong_praja_angkatan_xxxiii_institut_pemerintahan_dalam_negeri_ipdn_tahun_2026,"Semua suku adalah saudaramu, semua agama adalah saudaramu, semua ras adalah saudaramu, semua kelompok etnis adalah saudaramu.",semua suku adalah saudaramu semua agama adalah saudaramu semua ras adalah saudaramu semua kelompok etnis adalah saudaramu,semua suku saudaramu semua agama saudaramu semua ras saudaramu semua kelompok etnis saudaramu,-20,negatif
Amanat Presiden selaku Inspektur Upacara pada Pelantikan Pamong Praja Angkatan XXXIII Institut Pemerintahan Dalam Negeri (IPDN) Tahun 2026,https://www.setneg.go.id/baca/index/amanat_presiden_selaku_inspektur_upacara_pada_pelantikan_pamong_praja_angkatan_xxxiii_institut_pemerintahan_dalam_negeri_ipdn_tahun_2026,"Saudara-saudara sekalian,Pegang teguh Undang-Undang Dasar Negara Republik Indonesia Tahun 1945.",saudara saudara sekalian pegang teguh undang undang dasar negara republik indonesia tahun,saudara saudara sekalian pegang teguh undang undang dasar negara republik indonesia tahun,2,positif
Amanat Presiden selaku Inspektur Upacara pada Pelantikan Pamong Praja Angkatan XXXIII Institut Pemerintahan Dalam Negeri (IPDN) Tahun 2026,https://www.setneg.go.id/baca/index/amanat_presiden_selaku_inspektur_upacara_pada_pelantikan_pamong_praja_angkatan_xxxiii_institut_pemerintahan_dalam_negeri_ipdn_tahun_2026,Undang-Undang Dasar 1945 lahir dari pendiri-pendiri bangsa yang mengalami penjajahan ratusan tahun.,undang undang dasar lahir dari pendiri pendiri bangsa yang mengalami penjajahan ratusan tahun,undang undang dasar lahir pendiri pendiri bangsa mengalami penjajahan ratusan tahun,4,positif
Amanat Presiden selaku Inspektur Upacara pada Pelantikan Pamong Praja Angkatan XXXIII Institut Pemerintahan Dalam Negeri (IPDN) Tahun 2026,https://www.setneg.go.id/baca/index/amanat_presiden_selaku_inspektur_upacara_pada_pelantikan_pamong_praja_angkatan_xxxiii_institut_pemerintahan_dalam_negeri_ipdn_tahun_2026,"Karena itu, Undang-Undang Dasar Negara kita, yaitu Undang-Undang Dasar 1945, itu adalah murni suara kemerdekaan, murni suara cita-cita pendiri bangsa kita.",karena itu undang undang dasar negara kita yaitu undang undang dasar itu adalah murni suara kemerdekaan murni suara cita cita pendiri bangsa kita,undang undang dasar negara yaitu undang undang dasar itu adalah murni suara kemerdekaan murni suara cita cita pendiri bangsa,4,positif
Amanat Presiden selaku Inspektur Upacara pada Pelantikan Pamong Praja Angkatan XXXIII Institut Pemerintahan Dalam Negeri (IPDN) Tahun 2026,https://www.setneg.go.id/baca/index/amanat_presiden_selaku_inspektur_upacara_pada_pelantikan_pamong_praja_angkatan_xxxiii_institut_pemerintahan_dalam_negeri_ipdn_tahun_2026,Jangan pernah khianati pendiri-pendiri bangsa kita.,jangan pernah khianati pendiri pendiri bangsa kita,jangan pernah khianati pendiri pendiri bangsa,-3,negatif
Amanat Presiden selaku Inspektur Upacara pada Pelantikan Pamong Praja Angkatan XXXIII Institut Pemerintahan Dalam Negeri (IPDN) Tahun 2026,https://www.setneg.go.id/baca/index/amanat_presiden_selaku_inspektur_upacara_pada_pelantikan_pamong_praja_angkatan_xxxiii_institut_pemerintahan_dalam_negeri_ipdn_tahun_2026,"Akhirnya, saya pesan lagi, bekerjalah dengan hati, tanpa kesombongan.",akhirnya saya pesan lagi bekerjalah dengan hati tanpa kesombongan,akhirnya pesan bekerjalah hati kesombongan,-5,negatif
Amanat Presiden selaku Inspektur Upacara pada Pelantikan Pamong Praja Angkatan XXXIII Institut Pemerintahan Dalam Negeri (IPDN) Tahun 2026,https://www.setneg.go.id/baca/index/amanat_presiden_selaku_inspektur_upacara_pada_pelantikan_pamong_praja_angkatan_xxxiii_institut_pemerintahan_dalam_negeri_ipdn_tahun_2026,"Selalu dekat dengan rakyat, selalu membela rakyatmu.",selalu dekat dengan rakyat selalu membela rakyatmu,selalu dekat rakyat selalu membela rakyatmu,-4,negatif
Amanat Presiden selaku Inspektur Upacara pada Pelantikan Pamong Praja Angkatan XXXIII Institut Pemerintahan Dalam Negeri (IPDN) Tahun 2026,https://www.setneg.go.id/baca/index/amanat_presiden_selaku_inspektur_upacara_pada_pelantikan_pamong_praja_angkatan_xxxiii_institut_pemerintahan_dalam_negeri_ipdn_tahun_2026,"Kalau ragu-ragu, berpihaklah kepada rakyatmu.",kalau ragu ragu berpihaklah kepada rakyatmu,kalau ragu ragu berpihaklah rakyatmu,-7,negatif
Amanat Presiden selaku Inspektur Upacara pada Pelantikan Pamong Praja Angkatan XXXIII Institut Pemerintahan Dalam Negeri (IPDN) Tahun 2026,https://www.setneg.go.id/baca/index/amanat_presiden_selaku_inspektur_upacara_pada_pelantikan_pamong_praja_angkatan_xxxiii_institut_pemerintahan_dalam_negeri_ipdn_tahun_2026,"Kalau kau ragu-ragu mengambil keputusan, tanya kepada dirimu, “Mana yang menguntungkan rakyat?” Kalau kau yakin pilihan, cara bertindakmu menguntungkan rakyat, apalagi rakyat yang paling lemah, rakyat yang paling miskin, rakyat yang paling tidak berdaya, pilih!",kalau kau ragu ragu mengambil keputusan tanya kepada dirimu mana yang menguntungkan rakyat kalau kau yakin pilihan cara bertindakmu menguntungkan rakyat apalagi rakyat yang paling lemah rakyat yang paling miskin rakyat yang paling tidak berdaya pilih,kalau kau ragu ragu mengambil keputusan tanya dirimu mana menguntungkan rakyat kalau kau yakin pilihan cara bertindakmu menguntungkan rakyat rakyat paling lemah rakyat paling miskin rakyat paling berdaya pilih,-15,negatif
Amanat Presiden selaku Inspektur Upacara pada Pelantikan Pamong Praja Angkatan XXXIII Institut Pemerintahan Dalam Negeri (IPDN) Tahun 2026,https://www.setneg.go.id/baca/index/amanat_presiden_selaku_inspektur_upacara_pada_pelantikan_pamong_praja_angkatan_xxxiii_institut_pemerintahan_dalam_negeri_ipdn_tahun_2026,"Cara bertindak itu tidak akan salah, Saudara-saudara.",cara bertindak itu tidak akan salah saudara saudara,cara bertindak tidak salah saudara saudara,-13,negatif
Amanat Presiden selaku Inspektur Upacara pada Pelantikan Pamong Praja Angkatan XXXIII Institut Pemerintahan Dalam Negeri (IPDN) Tahun 2026,https://www.setneg.go.id/baca/index/amanat_presiden_selaku_inspektur_upacara_pada_pelantikan_pamong_praja_angkatan_xxxiii_institut_pemerintahan_dalam_negeri_ipdn_tahun_2026,"Saya juga berpesan, buatlah orang tua selalu bangga dengan Anda.",saya juga berpesan buatlah orang tua selalu bangga dengan anda,juga berpesan buatlah orang tua selalu bangga anda,-2,negatif
Amanat Presiden selaku Inspektur Upacara pada Pelantikan Pamong Praja Angkatan XXXIII Institut Pemerintahan Dalam Negeri (IPDN) Tahun 2026,https://www.setneg.go.id/baca/index/amanat_presiden_selaku_inspektur_upacara_pada_pelantikan_pamong_praja_angkatan_xxxiii_institut_pemerintahan_dalam_negeri_ipdn_tahun_2026,Buatlah almamatermu bangga.,buatlah almamatermu bangga,buatlah almamatermu bangga,3,positif
Amanat Presiden selaku Inspektur Upacara pada Pelantikan Pamong Praja Angkatan XXXIII Institut Pemerintahan Dalam Negeri (IPDN) Tahun 2026,https://www.setneg.go.id/baca/index/amanat_presiden_selaku_inspektur_upacara_pada_pelantikan_pamong_praja_angkatan_xxxiii_institut_pemerintahan_dalam_negeri_ipdn_tahun_2026,"Yang paling penting, buatlah rakyat Indonesia bangga dengan pamong prajanya.",yang paling penting buatlah rakyat indonesia bangga dengan pamong prajanya,paling penting buatlah rakyat indonesia bangga pamong prajanya,-1,negatif
Amanat Presiden selaku Inspektur Upacara pada Pelantikan Pamong Praja Angkatan XXXIII Institut Pemerintahan Dalam Negeri (IPDN) Tahun 2026,https://www.setneg.go.id/baca/index/amanat_presiden_selaku_inspektur_upacara_pada_pelantikan_pamong_praja_angkatan_xxxiii_institut_pemerintahan_dalam_negeri_ipdn_tahun_2026,Selamat bertugas.,selamat bertugas,selamat bertugas,5,positif
Amanat Presiden selaku Inspektur Upacara pada Pelantikan Pamong Praja Angkatan XXXIII Institut Pemerintahan Dalam Negeri (IPDN) Tahun 2026,https://www.setneg.go.id/baca/index/amanat_presiden_selaku_inspektur_upacara_pada_pelantikan_pamong_praja_angkatan_xxxiii_institut_pemerintahan_dalam_negeri_ipdn_tahun_2026,Selamat mengabdi kepada bangsa dan negara.,selamat mengabdi kepada bangsa dan negara,selamat mengabdi bangsa negara,2,positif
Amanat Presiden selaku Inspektur Upacara pada Pelantikan Pamong Praja Angkatan XXXIII Institut Pemerintahan Dalam Negeri (IPDN) Tahun 2026,https://www.setneg.go.id/baca/index/amanat_presiden_selaku_inspektur_upacara_pada_pelantikan_pamong_praja_angkatan_xxxiii_institut_pemerintahan_dalam_negeri_ipdn_tahun_2026,Selamat berjuang.,selamat berjuang,selamat berjuang,5,positif
Amanat Presiden selaku Inspektur Upacara pada Pelantikan Pamong Praja Angkatan XXXIII Institut Pemerintahan Dalam Negeri (IPDN) Tahun 2026,https://www.setneg.go.id/baca/index/amanat_presiden_selaku_inspektur_upacara_pada_pelantikan_pamong_praja_angkatan_xxxiii_institut_pemerintahan_dalam_negeri_ipdn_tahun_2026,"Semoga Tuhan Yang Maha Esa, Tuhan Yang Mahakuasa senantiasa memberi kekuatan, petunjuk, dan perlindungan kepada kalian semua di mana pun kalian bertugas dan mengabdi.",semoga tuhan yang maha esa tuhan yang mahakuasa senantiasa memberi kekuatan petunjuk dan perlindungan kepada kalian semua di mana pun kalian bertugas dan mengabdi,semoga tuhan maha esa tuhan mahakuasa senantiasa memberi kekuatan petunjuk perlindungan kalian semua mana kalian bertugas mengabdi,8,positif
Amanat Presiden selaku Inspektur Upacara pada Pelantikan Pamong Praja Angkatan XXXIII Institut Pemerintahan Dalam Negeri (IPDN) Tahun 2026,https://www.setneg.go.id/baca/index/amanat_presiden_selaku_inspektur_upacara_pada_pelantikan_pamong_praja_angkatan_xxxiii_institut_pemerintahan_dalam_negeri_ipdn_tahun_2026,"Dan, tentunya, semoga Tuhan Yang Maha Esa selalu bersama kita.",dan tentunya semoga tuhan yang maha esa selalu bersama kita,tentunya semoga tuhan maha esa selalu bersama,13,positif
Amanat Presiden selaku Inspektur Upacara pada Pelantikan Pamong Praja Angkatan XXXIII Institut Pemerintahan Dalam Negeri (IPDN) Tahun 2026,https://www.setneg.go.id/baca/index/amanat_presiden_selaku_inspektur_upacara_pada_pelantikan_pamong_praja_angkatan_xxxiii_institut_pemerintahan_dalam_negeri_ipdn_tahun_2026,Indonesia menanti pengabdianmu.,indonesia menanti pengabdianmu,indonesia menanti pengabdianmu,0,netral
Amanat Presiden selaku Inspektur Upacara pada Pelantikan Pamong Praja Angkatan XXXIII Institut Pemerintahan Dalam Negeri (IPDN) Tahun 2026,https://www.setneg.go.id/baca/index/amanat_presiden_selaku_inspektur_upacara_pada_pelantikan_pamong_praja_angkatan_xxxiii_institut_pemerintahan_dalam_negeri_ipdn_tahun_2026,Terima kasih.,terima kasih,terima kasih,1,positif
Amanat Presiden selaku Inspektur Upacara pada Pelantikan Pamong Praja Angkatan XXXIII Institut Pemerintahan Dalam Negeri (IPDN) Tahun 2026,https://www.setneg.go.id/baca/index/amanat_presiden_selaku_inspektur_upacara_pada_pelantikan_pamong_praja_angkatan_xxxiii_institut_pemerintahan_dalam_negeri_ipdn_tahun_2026,"Wassalamu’alaikum warahmatullahi wabarakatuh,Salam sejahtera bagi kita sekalian,Syalom,Salve,Om santi santi santi om,Namo Buddhaya,Salam kebajikan.",wassalamu alaikum warahmatullahi wabarakatuh salam sejahtera bagi kita sekalian syalom salve om santi santi santi om namo buddhaya salam kebajikan,wassalamu alaikum warahmatullahi wabarakatuh salam sejahtera kita sekalian syalom salve om santi santi santi om namo buddhaya salam kebajikan,6,positif
Amanat Presiden selaku Inspektur Upacara pada Pelantikan Pamong Praja Angkatan XXXIII Institut Pemerintahan Dalam Negeri (IPDN) Tahun 2026,https://www.setneg.go.id/baca/index/amanat_presiden_selaku_inspektur_upacara_pada_pelantikan_pamong_praja_angkatan_xxxiii_institut_pemerintahan_dalam_negeri_ipdn_tahun_2026,Selesai.,selesai,selesai,-4,negatif
Amanat Presiden selaku Inspektur Upacara pada Pelantikan Pamong Praja Angkatan XXXIII Institut Pemerintahan Dalam Negeri (IPDN) Tahun 2026,https://www.setneg.go.id/baca/index/amanat_presiden_selaku_inspektur_upacara_pada_pelantikan_pamong_praja_angkatan_xxxiii_institut_pemerintahan_dalam_negeri_ipdn_tahun_2026,"Kamis, 30 Juli 2026
Kamis, 30 Juli 2026
Rabu, 29 Juli 2026
Rabu, 22 Juli 2026
Senin, 20 Juli 2026",kamis juli kamis juli rabu juli rabu juli senin juli,kamis juli kamis juli rabu juli rabu juli senin juli,0,netral
Amanat Presiden selaku Inspektur Upacara pada Upacara Prasetya Perwira (Praspa) TNI dan Polri Tahun 2026,https://www.setneg.go.id/baca/index/amanat_presiden_selaku_inspektur_upacara_pada_upacara_prasetya_perwira_praspa_tni_dan_polri_tahun_2026,"Di Halaman Istana Merdeka, Jakarta
Bismillahirrahmanirrahim.",di halaman istana merdeka jakarta bismillahirrahmanirrahim,halaman istana merdeka jakarta bismillahirrahmanirrahim,0,netral
Amanat Presiden selaku Inspektur Upacara pada Upacara Prasetya Perwira (Praspa) TNI dan Polri Tahun 2026,https://www.setneg.go.id/baca/index/amanat_presiden_selaku_inspektur_upacara_pada_upacara_prasetya_perwira_praspa_tni_dan_polri_tahun_2026,"Assalamu’alaikum warahmatullahi wabarakatuh.Selamat pagi,Salam sejahtera bagi kita sekalian,Syalom,Salve,Om Swastiastu,Namo Buddhaya,Salam Kebajikan,
Yang terhormat Wakil Presiden Republik Indonesia, Saudara Gibran Rakabuming Raka;Para Pimpinan Lembaga Tinggi Negara, Ketua Majelis Permusyawaratan Rakyat Republik Indonesia (MPR RI) Saudara Ahmad Muzani, Ketua Dewan Perwakilan Daerah Republik Indonesia (DPD RI) Saudara Sultan Najamudin;Para Menteri Koordinator, Para Menteri, Para Kepala Badan, Panglima Tentara Nasional Indonesia, Kepala Kepolisian Negara Republik Indonesia, Kepala Staf Angkatan Darat, Kepala Staf Angkatan Laut, Kepala Staf Angkatan Udara, Kepala Badan Intelijen Negara, serta seluruh anggota Kabinet Merah Putih;Komandan Jenderal Akademi TNI, Kepala Lembaga Pendidikan dan Pelatihan Polri, Gubernur Akademi Militer, Gubernur Akademi Angkatan Laut, Gubernur Akademi Angkatan Udara, dan Gubernur Akademi Kepolisian;Yang saya hormati para atase pertahanan dan atase kepolisian negara sahabat;Yang saya hormati para orang tua dan keluarga besar para perwira remaja yang hadir di Istana Merdeka, dan di manapun saudara berada dari seluruh tanah air;Yang saya banggakan seluruh Perwira Remaja TNI-Polri lulusan tahun 2026.",assalamu alaikum warahmatullahi wabarakatuh selamat pagi salam sejahtera bagi kita sekalian syalom salve om swastiastu namo buddhaya salam kebajikan yang terhormat wakil presiden republik indonesia saudara gibran rakabuming raka para pimpinan lembaga tinggi negara ketua majelis permusyawaratan rakyat republik indonesia mpr ri saudara ahmad muzani ketua dewan perwakilan daerah republik indonesia dpd ri saudara sultan najamudin para menteri koordinator para menteri para kepala badan panglima tentara nasional indonesia kepala kepolisian negara republik indonesia kepala staf angkatan darat kepala staf angkatan laut kepala staf angkatan udara kepala badan intelijen negara serta seluruh anggota kabinet merah putih komandan jenderal akademi tni kepala lembaga pendidikan dan pelatihan polri gubernur akademi militer gubernur akademi angkatan laut gubernur akademi angkatan udara dan gubernur akademi kepolisian yang saya hormati para atase pertahanan dan atase kepolisian negara sahabat yang saya hormati para orang tua dan keluarga besar para perwira remaja yang hadir di istana merdeka dan di manapun saudara berada dari seluruh tanah air yang saya banggakan seluruh perwira remaja tni polri lulusan tahun,assalamu alaikum warahmatullahi wabarakatuh selamat pagi salam sejahtera kita sekalian syalom salve om swastiastu namo buddhaya salam kebajikan terhormat wakil presiden republik indonesia saudara gibran rakabuming raka pimpinan lembaga tinggi negara ketua majelis permusyawaratan rakyat republik indonesia mpr ri saudara ahmad muzani ketua dewan perwakilan daerah republik indonesia dpd ri saudara sultan najamudin menteri koordinator menteri kepala badan panglima tentara nasional indonesia kepala kepolisian negara republik indonesia kepala staf angkatan darat kepala staf angkatan laut kepala staf angkatan udara kepala badan intelijen negara seluruh anggota kabinet merah putih komandan jenderal akademi tni kepala lembaga pendidikan pelatihan polri gubernur akademi militer gubernur akademi angkatan laut gubernur akademi angkatan udara gubernur akademi kepolisian saya hormati atase pertahanan atase kepolisian negara sahabat saya hormati orang tua keluarga besar perwira remaja hadir istana merdeka di manapun saudara berada seluruh tanah air saya banggakan seluruh perwira remaja tni polri lulusan tahun,-68,negatif
Amanat Presiden selaku Inspektur Upacara pada Upacara Prasetya Perwira (Praspa) TNI dan Polri Tahun 2026,https://www.setneg.go.id/baca/index/amanat_presiden_selaku_inspektur_upacara_pada_upacara_prasetya_perwira_praspa_tni_dan_polri_tahun_2026,"Pertama-tama, tentunya sebagai insan yang bertakwa marilah kita tidak henti-hentinya memanjatkan puji syukur ke hadirat Tuhan Mahakuasa, Tuhan Maha Besar yang memiliki sekalian alam, atas segala karunia, berkah, kedamaian yang masih diberikan kepada bangsa kita dan kepada kita sekalian, atas napas dan kesehatan yang masih diberikan kepada kita, atas rahmatnya hari ini kita menyaksikan lahirnya generasi baru perwira TNI dan Polri.",pertama tama tentunya sebagai insan yang bertakwa marilah kita tidak henti hentinya memanjatkan puji syukur ke hadirat tuhan mahakuasa tuhan maha besar yang memiliki sekalian alam atas segala karunia berkah kedamaian yang masih diberikan kepada bangsa kita dan kepada kita sekalian atas napas dan kesehatan yang masih diberikan kepada kita atas rahmatnya hari ini kita menyaksikan lahirnya generasi baru perwira tni dan polri,pertama tama tentunya insan bertakwa marilah tidak henti hentinya memanjatkan puji syukur hadirat tuhan mahakuasa tuhan maha besar memiliki sekalian alam atas segala karunia berkah kedamaian masih diberikan bangsa kita sekalian atas napas kesehatan masih diberikan kita atas rahmatnya hari kita menyaksikan lahirnya generasi baru perwira tni dan polri,8,positif
Amanat Presiden selaku Inspektur Upacara pada Upacara Prasetya Perwira (Praspa) TNI dan Polri Tahun 2026,https://www.setneg.go.id/baca/index/amanat_presiden_selaku_inspektur_upacara_pada_upacara_prasetya_perwira_praspa_tni_dan_polri_tahun_2026,"Di hari yang berbahagia ini, atas nama pribadi, atas nama pemerintah, atas nama rakyat, bangsa, dan negara, saya ucapkan selamat kepada Saudara-saudara yang resmi diangkat menjadi perwira TNI dan Polri di tahun 2026.",di hari yang berbahagia ini atas nama pribadi atas nama pemerintah atas nama rakyat bangsa dan negara saya ucapkan selamat kepada saudara saudara yang resmi diangkat menjadi perwira tni dan polri di tahun,hari berbahagia atas nama pribadi atas nama pemerintah atas nama rakyat bangsa negara ucapkan selamat saudara saudara resmi diangkat menjadi perwira tni polri tahun,-2,negatif
Amanat Presiden selaku Inspektur Upacara pada Upacara Prasetya Perwira (Praspa) TNI dan Polri Tahun 2026,https://www.setneg.go.id/baca/index/amanat_presiden_selaku_inspektur_upacara_pada_upacara_prasetya_perwira_praspa_tni_dan_polri_tahun_2026,"Hari ini bukan sekadar upacara, hari ini bukan garis akhir, hari ini adalah awal sebuah pengabdian kepada bangsa dan negara.",hari ini bukan sekadar upacara hari ini bukan garis akhir hari ini adalah awal sebuah pengabdian kepada bangsa dan negara,hari bukan sekadar upacara hari bukan garis akhir hari adalah awal sebuah pengabdian bangsa negara,-14,negatif
Amanat Presiden selaku Inspektur Upacara pada Upacara Prasetya Perwira (Praspa) TNI dan Polri Tahun 2026,https://www.setneg.go.id/baca/index/amanat_presiden_selaku_inspektur_upacara_pada_upacara_prasetya_perwira_praspa_tni_dan_polri_tahun_2026,"Saudara-saudara telah bersumpah untuk, bila perlu, memberi jiwa dan ragamu untuk bangsa, negara, dan rakyat Indonesia.",saudara saudara telah bersumpah untuk bila perlu memberi jiwa dan ragamu untuk bangsa negara dan rakyat indonesia,saudara saudara bersumpah bila perlu memberi jiwa ragamu bangsa negara rakyat indonesia,0,netral
Amanat Presiden selaku Inspektur Upacara pada Upacara Prasetya Perwira (Praspa) TNI dan Polri Tahun 2026,https://www.setneg.go.id/baca/index/amanat_presiden_selaku_inspektur_upacara_pada_upacara_prasetya_perwira_praspa_tni_dan_polri_tahun_2026,Pangkat pertama yang Saudara terima hari ini bukan sekadar kehormatan.,pangkat pertama yang saudara terima hari ini bukan sekadar kehormatan,pangkat pertama saudara terima hari bukan sekadar kehormatan,6,positif
Amanat Presiden selaku Inspektur Upacara pada Upacara Prasetya Perwira (Praspa) TNI dan Polri Tahun 2026,https://www.setneg.go.id/baca/index/amanat_presiden_selaku_inspektur_upacara_pada_upacara_prasetya_perwira_praspa_tni_dan_polri_tahun_2026,"Pangkat adalah amanah rakyat Indonesia, pangkat adalah kepercayaan rakyat Indonesia, pangkat adalah harapan rakyat Indonesia.",pangkat adalah amanah rakyat indonesia pangkat adalah kepercayaan rakyat indonesia pangkat adalah harapan rakyat indonesia,pangkat amanah rakyat indonesia pangkat kepercayaan rakyat indonesia pangkat harapan rakyat indonesia,17,positif
Amanat Presiden selaku Inspektur Upacara pada Upacara Prasetya Perwira (Praspa) TNI dan Polri Tahun 2026,https://www.setneg.go.id/baca/index/amanat_presiden_selaku_inspektur_upacara_pada_upacara_prasetya_perwira_praspa_tni_dan_polri_tahun_2026,"Mulai hari ini, Saudara bukan lagi milik dirimu sendiri.",mulai hari ini saudara bukan lagi milik dirimu sendiri,mulai hari saudara bukan milik dirimu sendiri,-5,negatif
Amanat Presiden selaku Inspektur Upacara pada Upacara Prasetya Perwira (Praspa) TNI dan Polri Tahun 2026,https://www.setneg.go.id/baca/index/amanat_presiden_selaku_inspektur_upacara_pada_upacara_prasetya_perwira_praspa_tni_dan_polri_tahun_2026,"Mulai hari ini, sesungguhnya Saudara bukan lagi milik keluargamu lagi, Saudara sudah menjadi milik bangsa dan negara.",mulai hari ini sesungguhnya saudara bukan lagi milik keluargamu lagi saudara sudah menjadi milik bangsa dan negara,mulai hari sesungguhnya saudara bukan milik keluargamu saudara menjadi milik bangsa negara,4,positif
Amanat Presiden selaku Inspektur Upacara pada Upacara Prasetya Perwira (Praspa) TNI dan Polri Tahun 2026,https://www.setneg.go.id/baca/index/amanat_presiden_selaku_inspektur_upacara_pada_upacara_prasetya_perwira_praspa_tni_dan_polri_tahun_2026,"Saudara adalah generasi penerus yang akan memikul tanggung jawab berat untuk membela negara dan bangsa, meneruskan cita-cita pendiri bangsa.",saudara adalah generasi penerus yang akan memikul tanggung jawab berat untuk membela negara dan bangsa meneruskan cita cita pendiri bangsa,saudara generasi penerus akan memikul tanggung jawab berat membela negara bangsa meneruskan cita cita pendiri bangsa,-15,negatif
Amanat Presiden selaku Inspektur Upacara pada Upacara Prasetya Perwira (Praspa) TNI dan Polri Tahun 2026,https://www.setneg.go.id/baca/index/amanat_presiden_selaku_inspektur_upacara_pada_upacara_prasetya_perwira_praspa_tni_dan_polri_tahun_2026,"Saya bangga karena Saudara-saudara telah belajar satu hal yang paling penting, menjadi perwira berarti hadir ketika rakyat sedang menghadapi kesulitan.",saya bangga karena saudara saudara telah belajar satu hal yang paling penting menjadi perwira berarti hadir ketika rakyat sedang menghadapi kesulitan,bangga saudara saudara belajar satu yang paling penting menjadi perwira berarti hadir rakyat sedang menghadapi kesulitan,-7,negatif
Amanat Presiden selaku Inspektur Upacara pada Upacara Prasetya Perwira (Praspa) TNI dan Polri Tahun 2026,https://www.setneg.go.id/baca/index/amanat_presiden_selaku_inspektur_upacara_pada_upacara_prasetya_perwira_praspa_tni_dan_polri_tahun_2026,Itulah makna pengabdian yang sesungguhnya.,itulah makna pengabdian yang sesungguhnya,makna pengabdian sesungguhnya,9,positif
Amanat Presiden selaku Inspektur Upacara pada Upacara Prasetya Perwira (Praspa) TNI dan Polri Tahun 2026,https://www.setneg.go.id/baca/index/amanat_presiden_selaku_inspektur_upacara_pada_upacara_prasetya_perwira_praspa_tni_dan_polri_tahun_2026,"Saya gembira bahwa angkatan ini terlibat langsung dalam penanganan bencana di Aceh, Sumatera Barat, dan Sumatera Utara.",saya gembira bahwa angkatan ini terlibat langsung dalam penanganan bencana di aceh sumatera barat dan sumatera utara,gembira angkatan terlibat langsung penanganan bencana aceh sumatera barat sumatera utara,-6,negatif
Amanat Presiden selaku Inspektur Upacara pada Upacara Prasetya Perwira (Praspa) TNI dan Polri Tahun 2026,https://www.setneg.go.id/baca/index/amanat_presiden_selaku_inspektur_upacara_pada_upacara_prasetya_perwira_praspa_tni_dan_polri_tahun_2026,Kita adalah tentara dan polisi rakyat.,kita adalah tentara dan polisi rakyat,adalah tentara polisi rakyat,0,netral
Amanat Presiden selaku Inspektur Upacara pada Upacara Prasetya Perwira (Praspa) TNI dan Polri Tahun 2026,https://www.setneg.go.id/baca/index/amanat_presiden_selaku_inspektur_upacara_pada_upacara_prasetya_perwira_praspa_tni_dan_polri_tahun_2026,Kesulitan rakyat akan menjadi kesulitan Saudara.,kesulitan rakyat akan menjadi kesulitan saudara,kesulitan rakyat menjadi kesulitan saudara,-10,negatif
Amanat Presiden selaku Inspektur Upacara pada Upacara Prasetya Perwira (Praspa) TNI dan Polri Tahun 2026,https://www.setneg.go.id/baca/index/amanat_presiden_selaku_inspektur_upacara_pada_upacara_prasetya_perwira_praspa_tni_dan_polri_tahun_2026,"Hari ini, kalian telah mengucapkan sumpah.",hari ini kalian telah mengucapkan sumpah,hari kalian mengucapkan sumpah,0,netral
Amanat Presiden selaku Inspektur Upacara pada Upacara Prasetya Perwira (Praspa) TNI dan Polri Tahun 2026,https://www.setneg.go.id/baca/index/amanat_presiden_selaku_inspektur_upacara_pada_upacara_prasetya_perwira_praspa_tni_dan_polri_tahun_2026,"Sumpah itu bukan sekadar rangkaian kata, itu adalah janji suci kepada Tuhan Yang Maha Esa, janji kepada bangsa, janji kepada negara, janji kepada seluruh rakyat Indonesia.",sumpah itu bukan sekadar rangkaian kata itu adalah janji suci kepada tuhan yang maha esa janji kepada bangsa janji kepada negara janji kepada seluruh rakyat indonesia,sumpah bukan sekadar rangkaian kata adalah janji suci tuhan maha esa janji bangsa janji negara janji seluruh rakyat indonesia,-1,negatif
Amanat Presiden selaku Inspektur Upacara pada Upacara Prasetya Perwira (Praspa) TNI dan Polri Tahun 2026,https://www.setneg.go.id/baca/index/amanat_presiden_selaku_inspektur_upacara_pada_upacara_prasetya_perwira_praspa_tni_dan_polri_tahun_2026,Pegang teguh sumpah yang telah Saudara ucapkan.,pegang teguh sumpah yang telah saudara ucapkan,pegang teguh sumpah telah saudara ucapkan,-5,negatif
Amanat Presiden selaku Inspektur Upacara pada Upacara Prasetya Perwira (Praspa) TNI dan Polri Tahun 2026,https://www.setneg.go.id/baca/index/amanat_presiden_selaku_inspektur_upacara_pada_upacara_prasetya_perwira_praspa_tni_dan_polri_tahun_2026,"Setialah kepada Pancasila, Undang-Undang Dasar Negara Republik Indonesia tahun 1945.",setialah kepada pancasila undang undang dasar negara republik indonesia tahun,setialah pancasila undang undang dasar negara republik indonesia tahun,4,positif
Amanat Presiden selaku Inspektur Upacara pada Upacara Prasetya Perwira (Praspa) TNI dan Polri Tahun 2026,https://www.setneg.go.id/baca/index/amanat_presiden_selaku_inspektur_upacara_pada_upacara_prasetya_perwira_praspa_tni_dan_polri_tahun_2026,Setialah kepada Negara Kesatuan Republik Indonesia.,setialah kepada negara kesatuan republik indonesia,setialah negara kesatuan republik indonesia,0,netral
Amanat Presiden selaku Inspektur Upacara pada Upacara Prasetya Perwira (Praspa) TNI dan Polri Tahun 2026,https://www.setneg.go.id/baca/index/amanat_presiden_selaku_inspektur_upacara_pada_upacara_prasetya_perwira_praspa_tni_dan_polri_tahun_2026,"Yang paling utama, setialah kepada rakyat Indonesia.",yang paling utama setialah kepada rakyat indonesia,paling utama setialah rakyat indonesia,0,netral
Amanat Presiden selaku Inspektur Upacara pada Upacara Prasetya Perwira (Praspa) TNI dan Polri Tahun 2026,https://www.setneg.go.id/baca/index/amanat_presiden_selaku_inspektur_upacara_pada_upacara_prasetya_perwira_praspa_tni_dan_polri_tahun_2026,Jangan pernah ada kepentingan apapun yang lebih tinggi daripada kepentingan bangsa.,jangan pernah ada kepentingan apapun yang lebih tinggi daripada kepentingan bangsa,jangan pernah kepentingan apapun lebih tinggi kepentingan bangsa,6,positif
Amanat Presiden selaku Inspektur Upacara pada Upacara Prasetya Perwira (Praspa) TNI dan Polri Tahun 2026,https://www.setneg.go.id/baca/index/amanat_presiden_selaku_inspektur_upacara_pada_upacara_prasetya_perwira_praspa_tni_dan_polri_tahun_2026,"Saat ini, dunia sedang berubah dengan sangat cepat, persaingan antara negara semakin ketat.",saat ini dunia sedang berubah dengan sangat cepat persaingan antara negara semakin ketat,ini dunia sedang berubah sangat cepat persaingan negara semakin ketat,-11,negatif
Amanat Presiden selaku Inspektur Upacara pada Upacara Prasetya Perwira (Praspa) TNI dan Polri Tahun 2026,https://www.setneg.go.id/baca/index/amanat_presiden_selaku_inspektur_upacara_pada_upacara_prasetya_perwira_praspa_tni_dan_polri_tahun_2026,"Ancaman tidak lagi hanya datang dari senjata, ancaman datang melalui perang siber, perang informasi, narkotika, penyelundupan, kejahatan lintas negara, dan upaya melemahkan bangsa melalui infiltrasi budaya.",ancaman tidak lagi hanya datang dari senjata ancaman datang melalui perang siber perang informasi narkotika penyelundupan kejahatan lintas negara dan upaya melemahkan bangsa melalui infiltrasi budaya,ancaman lagi datang senjata ancaman datang melalui perang siber perang informasi narkotika penyelundupan kejahatan lintas negara upaya melemahkan bangsa melalui infiltrasi budaya,-30,negatif
Amanat Presiden selaku Inspektur Upacara pada Upacara Prasetya Perwira (Praspa) TNI dan Polri Tahun 2026,https://www.setneg.go.id/baca/index/amanat_presiden_selaku_inspektur_upacara_pada_upacara_prasetya_perwira_praspa_tni_dan_polri_tahun_2026,"Karena itu, Indonesia harus kuat.",karena itu indonesia harus kuat,itu indonesia kuat,-5,negatif
Amanat Presiden selaku Inspektur Upacara pada Upacara Prasetya Perwira (Praspa) TNI dan Polri Tahun 2026,https://www.setneg.go.id/baca/index/amanat_presiden_selaku_inspektur_upacara_pada_upacara_prasetya_perwira_praspa_tni_dan_polri_tahun_2026,Kita harus mandiri.,kita harus mandiri,harus mandiri,-8,negatif
Amanat Presiden selaku Inspektur Upacara pada Upacara Prasetya Perwira (Praspa) TNI dan Polri Tahun 2026,https://www.setneg.go.id/baca/index/amanat_presiden_selaku_inspektur_upacara_pada_upacara_prasetya_perwira_praspa_tni_dan_polri_tahun_2026,"Mandiri dalam pangan, energi, teknologi, industri pertahanan, dan ilmu pengetahuan.",mandiri dalam pangan energi teknologi industri pertahanan dan ilmu pengetahuan,mandiri pangan energi teknologi industri pertahanan ilmu pengetahuan,8,positif
Amanat Presiden selaku Inspektur Upacara pada Upacara Prasetya Perwira (Praspa) TNI dan Polri Tahun 2026,https://www.setneg.go.id/baca/index/amanat_presiden_selaku_inspektur_upacara_pada_upacara_prasetya_perwira_praspa_tni_dan_polri_tahun_2026,Saudara-saudara sebagai generasi penerus adalah garda terdepan untuk meraih cita-cita kita menjaga bangsa dan negara.,saudara saudara sebagai generasi penerus adalah garda terdepan untuk meraih cita cita kita menjaga bangsa dan negara,saudara saudara generasi penerus garda terdepan meraih cita cita menjaga bangsa negara,-3,negatif
Amanat Presiden selaku Inspektur Upacara pada Upacara Prasetya Perwira (Praspa) TNI dan Polri Tahun 2026,https://www.setneg.go.id/baca/index/amanat_presiden_selaku_inspektur_upacara_pada_upacara_prasetya_perwira_praspa_tni_dan_polri_tahun_2026,"Kuasai ilmu pengetahuan dan teknologi, kuasai kecerdasan buatan, sistem siber, teknologi nirawak, dan bahasa asing.",kuasai ilmu pengetahuan dan teknologi kuasai kecerdasan buatan sistem siber teknologi nirawak dan bahasa asing,kuasai ilmu pengetahuan teknologi kuasai kecerdasan buatan sistem siber teknologi nirawak bahasa asing,3,positif
Amanat Presiden selaku Inspektur Upacara pada Upacara Prasetya Perwira (Praspa) TNI dan Polri Tahun 2026,https://www.setneg.go.id/baca/index/amanat_presiden_selaku_inspektur_upacara_pada_upacara_prasetya_perwira_praspa_tni_dan_polri_tahun_2026,"Perwira masa depan harus unggul dalam karakter, disiplin kepimpinan, dan penguasaan sains dan teknologi.",perwira masa depan harus unggul dalam karakter disiplin kepimpinan dan penguasaan sains dan teknologi,perwira masa depan unggul karakter disiplin kepimpinan penguasaan sains teknologi,13,positif
Amanat Presiden selaku Inspektur Upacara pada Upacara Prasetya Perwira (Praspa) TNI dan Polri Tahun 2026,https://www.setneg.go.id/baca/index/amanat_presiden_selaku_inspektur_upacara_pada_upacara_prasetya_perwira_praspa_tni_dan_polri_tahun_2026,"Saudara-saudara sekalian,TNI dan Polri adalah dua institusi yang vital bagi kelangsungan hidup negara.",saudara saudara sekalian tni dan polri adalah dua institusi yang vital bagi kelangsungan hidup negara,saudara saudara sekalian tni polri dua institusi vital kelangsungan hidup negara,-11,negatif
Amanat Presiden selaku Inspektur Upacara pada Upacara Prasetya Perwira (Praspa) TNI dan Polri Tahun 2026,https://www.setneg.go.id/baca/index/amanat_presiden_selaku_inspektur_upacara_pada_upacara_prasetya_perwira_praspa_tni_dan_polri_tahun_2026,TNI dan Polri harus kuat.,tni dan polri harus kuat,tni polri kuat,-3,negatif
Amanat Presiden selaku Inspektur Upacara pada Upacara Prasetya Perwira (Praspa) TNI dan Polri Tahun 2026,https://www.setneg.go.id/baca/index/amanat_presiden_selaku_inspektur_upacara_pada_upacara_prasetya_perwira_praspa_tni_dan_polri_tahun_2026,TNI dan Polri harus profesional.,tni dan polri harus profesional,tni polri profesional,0,netral
Amanat Presiden selaku Inspektur Upacara pada Upacara Prasetya Perwira (Praspa) TNI dan Polri Tahun 2026,https://www.setneg.go.id/baca/index/amanat_presiden_selaku_inspektur_upacara_pada_upacara_prasetya_perwira_praspa_tni_dan_polri_tahun_2026,TNI dan Polri harus bersama-sama menjaga bangsa Indonesia.,tni dan polri harus bersama sama menjaga bangsa indonesia,tni polri bersama sama menjaga bangsa indonesia,3,positif
Amanat Presiden selaku Inspektur Upacara pada Upacara Prasetya Perwira (Praspa) TNI dan Polri Tahun 2026,https://www.setneg.go.id/baca/index/amanat_presiden_selaku_inspektur_upacara_pada_upacara_prasetya_perwira_praspa_tni_dan_polri_tahun_2026,Jangan ada loyalitas kors yang sempit.,jangan ada loyalitas kors yang sempit,jangan loyalitas kors sempit,-7,negatif
Amanat Presiden selaku Inspektur Upacara pada Upacara Prasetya Perwira (Praspa) TNI dan Polri Tahun 2026,https://www.setneg.go.id/baca/index/amanat_presiden_selaku_inspektur_upacara_pada_upacara_prasetya_perwira_praspa_tni_dan_polri_tahun_2026,Integritas adalah kehormatan seorang perwira.,integritas adalah kehormatan seorang perwira,integritas kehormatan seorang perwira,9,positif
Amanat Presiden selaku Inspektur Upacara pada Upacara Prasetya Perwira (Praspa) TNI dan Polri Tahun 2026,https://www.setneg.go.id/baca/index/amanat_presiden_selaku_inspektur_upacara_pada_upacara_prasetya_perwira_praspa_tni_dan_polri_tahun_2026,Jangan pernah menyalahgunakan jabatan.,jangan pernah menyalahgunakan jabatan,jangan pernah menyalahgunakan jabatan,-3,negatif
Amanat Presiden selaku Inspektur Upacara pada Upacara Prasetya Perwira (Praspa) TNI dan Polri Tahun 2026,https://www.setneg.go.id/baca/index/amanat_presiden_selaku_inspektur_upacara_pada_upacara_prasetya_perwira_praspa_tni_dan_polri_tahun_2026,"Jangan pernah tergoda korupsi, penyelewengan.",jangan pernah tergoda korupsi penyelewengan,jangan pernah tergoda korupsi penyelewengan,-11,negatif
Amanat Presiden selaku Inspektur Upacara pada Upacara Prasetya Perwira (Praspa) TNI dan Polri Tahun 2026,https://www.setneg.go.id/baca/index/amanat_presiden_selaku_inspektur_upacara_pada_upacara_prasetya_perwira_praspa_tni_dan_polri_tahun_2026,"Jangan pernah berkompromi dengan narkoba, judi, atau pelanggaran hukum lainnya.",jangan pernah berkompromi dengan narkoba judi atau pelanggaran hukum lainnya,jangan pernah berkompromi narkoba judi pelanggaran hukum lainnya,-6,negatif
Amanat Presiden selaku Inspektur Upacara pada Upacara Prasetya Perwira (Praspa) TNI dan Polri Tahun 2026,https://www.setneg.go.id/baca/index/amanat_presiden_selaku_inspektur_upacara_pada_upacara_prasetya_perwira_praspa_tni_dan_polri_tahun_2026,"Sekali Saudara mengkhianati rakyat, saat itu pula Saudara kehilangan kehormatanmu.",sekali saudara mengkhianati rakyat saat itu pula saudara kehilangan kehormatanmu,sekali saudara mengkhianati rakyat itu saudara kehilangan kehormatanmu,-12,negatif
Amanat Presiden selaku Inspektur Upacara pada Upacara Prasetya Perwira (Praspa) TNI dan Polri Tahun 2026,https://www.setneg.go.id/baca/index/amanat_presiden_selaku_inspektur_upacara_pada_upacara_prasetya_perwira_praspa_tni_dan_polri_tahun_2026,"Ingatlah selalu, Saudara lahir dari rakyat, dididik dengan uang rakyat.",ingatlah selalu saudara lahir dari rakyat dididik dengan uang rakyat,ingatlah selalu saudara lahir rakyat dididik uang rakyat,3,positif
Amanat Presiden selaku Inspektur Upacara pada Upacara Prasetya Perwira (Praspa) TNI dan Polri Tahun 2026,https://www.setneg.go.id/baca/index/amanat_presiden_selaku_inspektur_upacara_pada_upacara_prasetya_perwira_praspa_tni_dan_polri_tahun_2026,Pakaian yang kau pakai dari ujung kaki sampai ujung kepala adalah dari rakyat.,pakaian yang kau pakai dari ujung kaki sampai ujung kepala adalah dari rakyat,pakaian kau pakai ujung kaki ujung kepala dari rakyat,-9,negatif
Amanat Presiden selaku Inspektur Upacara pada Upacara Prasetya Perwira (Praspa) TNI dan Polri Tahun 2026,https://www.setneg.go.id/baca/index/amanat_presiden_selaku_inspektur_upacara_pada_upacara_prasetya_perwira_praspa_tni_dan_polri_tahun_2026,Makanmu dari rakyat.,makanmu dari rakyat,makanmu rakyat,0,netral
Amanat Presiden selaku Inspektur Upacara pada Upacara Prasetya Perwira (Praspa) TNI dan Polri Tahun 2026,https://www.setneg.go.id/baca/index/amanat_presiden_selaku_inspektur_upacara_pada_upacara_prasetya_perwira_praspa_tni_dan_polri_tahun_2026,Gajimu dari rakyat.,gajimu dari rakyat,gajimu rakyat,0,netral
Amanat Presiden selaku Inspektur Upacara pada Upacara Prasetya Perwira (Praspa) TNI dan Polri Tahun 2026,https://www.setneg.go.id/baca/index/amanat_presiden_selaku_inspektur_upacara_pada_upacara_prasetya_perwira_praspa_tni_dan_polri_tahun_2026,Mengabdi selalu untuk rakyat.,mengabdi selalu untuk rakyat,mengabdi selalu rakyat,-3,negatif
Amanat Presiden selaku Inspektur Upacara pada Upacara Prasetya Perwira (Praspa) TNI dan Polri Tahun 2026,https://www.setneg.go.id/baca/index/amanat_presiden_selaku_inspektur_upacara_pada_upacara_prasetya_perwira_praspa_tni_dan_polri_tahun_2026,"Jadilah pelindung, pengayom, dan pembela rakyat.",jadilah pelindung pengayom dan pembela rakyat,jadilah pelindung pengayom pembela rakyat,0,netral
Amanat Presiden selaku Inspektur Upacara pada Upacara Prasetya Perwira (Praspa) TNI dan Polri Tahun 2026,https://www.setneg.go.id/baca/index/amanat_presiden_selaku_inspektur_upacara_pada_upacara_prasetya_perwira_praspa_tni_dan_polri_tahun_2026,Rakyat tidak menuntut Saudara sempurna.,rakyat tidak menuntut saudara sempurna,rakyat menuntut saudara sempurna,-6,negatif
Amanat Presiden selaku Inspektur Upacara pada Upacara Prasetya Perwira (Praspa) TNI dan Polri Tahun 2026,https://www.setneg.go.id/baca/index/amanat_presiden_selaku_inspektur_upacara_pada_upacara_prasetya_perwira_praspa_tni_dan_polri_tahun_2026,"Rakyat menuntut Saudara jujur, Saudara berani, Saudara adil, dan selalu Saudara muncul dan hadir ketika dibutuhkan.",rakyat menuntut saudara jujur saudara berani saudara adil dan selalu saudara muncul dan hadir ketika dibutuhkan,rakyat menuntut saudara jujur saudara berani saudara adil selalu saudara muncul hadir dibutuhkan,-13,negatif
Amanat Presiden selaku Inspektur Upacara pada Upacara Prasetya Perwira (Praspa) TNI dan Polri Tahun 2026,https://www.setneg.go.id/baca/index/amanat_presiden_selaku_inspektur_upacara_pada_upacara_prasetya_perwira_praspa_tni_dan_polri_tahun_2026,"Ingat, jabatan hanya titipan, pangkat akan berlalu.",ingat jabatan hanya titipan pangkat akan berlalu,ingat jabatan titipan pangkat berlalu,-3,negatif
Amanat Presiden selaku Inspektur Upacara pada Upacara Prasetya Perwira (Praspa) TNI dan Polri Tahun 2026,https://www.setneg.go.id/baca/index/amanat_presiden_selaku_inspektur_upacara_pada_upacara_prasetya_perwira_praspa_tni_dan_polri_tahun_2026,Yang dikenang sejarah adalah pengabdianmu kepada bangsa dan negara.,yang dikenang sejarah adalah pengabdianmu kepada bangsa dan negara,dikenang sejarah pengabdianmu bangsa negara,0,netral
Amanat Presiden selaku Inspektur Upacara pada Upacara Prasetya Perwira (Praspa) TNI dan Polri Tahun 2026,https://www.setneg.go.id/baca/index/amanat_presiden_selaku_inspektur_upacara_pada_upacara_prasetya_perwira_praspa_tni_dan_polri_tahun_2026,"Kepada para orang tua dan keluarga, saya menyampaikan penghormatan dan rasa terima kasih atas nama bangsa dan rakyat Indonesia.",kepada para orang tua dan keluarga saya menyampaikan penghormatan dan rasa terima kasih atas nama bangsa dan rakyat indonesia,para orang tua keluarga menyampaikan penghormatan rasa terima kasih atas nama bangsa rakyat indonesia,-10,negatif
Amanat Presiden selaku Inspektur Upacara pada Upacara Prasetya Perwira (Praspa) TNI dan Polri Tahun 2026,https://www.setneg.go.id/baca/index/amanat_presiden_selaku_inspektur_upacara_pada_upacara_prasetya_perwira_praspa_tni_dan_polri_tahun_2026,Terima kasih bahwa Bapak-bapak dan Ibu-ibu merelakan putra-putrinya menjadi milik bangsa dan rakyat.,terima kasih bahwa bapak bapak dan ibu ibu merelakan putra putrinya menjadi milik bangsa dan rakyat,terima kasih bapak bapak ibu ibu merelakan putra putrinya menjadi milik bangsa rakyat,2,positif
Amanat Presiden selaku Inspektur Upacara pada Upacara Prasetya Perwira (Praspa) TNI dan Polri Tahun 2026,https://www.setneg.go.id/baca/index/amanat_presiden_selaku_inspektur_upacara_pada_upacara_prasetya_perwira_praspa_tni_dan_polri_tahun_2026,"Di balik setiap perwira yang berdiri tegak hari ini ada doa seorang ibu, keteguhan seorang ayah, pengorbanan sebuah keluarga.",di balik setiap perwira yang berdiri tegak hari ini ada doa seorang ibu keteguhan seorang ayah pengorbanan sebuah keluarga,balik perwira berdiri tegak hari ada doa seorang ibu keteguhan seorang ayah pengorbanan sebuah keluarga,-9,negatif
Amanat Presiden selaku Inspektur Upacara pada Upacara Prasetya Perwira (Praspa) TNI dan Polri Tahun 2026,https://www.setneg.go.id/baca/index/amanat_presiden_selaku_inspektur_upacara_pada_upacara_prasetya_perwira_praspa_tni_dan_polri_tahun_2026,"Sekali lagi, saya menyampaikan penghormatan dan terima kasih yang setinggi-tingginya.",sekali lagi saya menyampaikan penghormatan dan terima kasih yang setinggi tingginya,sekali saya menyampaikan penghormatan terima kasih setinggi tingginya,-3,negatif
Amanat Presiden selaku Inspektur Upacara pada Upacara Prasetya Perwira (Praspa) TNI dan Polri Tahun 2026,https://www.setneg.go.id/baca/index/amanat_presiden_selaku_inspektur_upacara_pada_upacara_prasetya_perwira_praspa_tni_dan_polri_tahun_2026,"Saudara-saudara perwira TNI Polri lulusan tahun 2026, hari ini rakyat Indonesia menitipkan masa depan bangsa di pundak Saudara-saudara.",saudara saudara perwira tni polri lulusan tahun hari ini rakyat indonesia menitipkan masa depan bangsa di pundak saudara saudara,saudara saudara perwira tni polri lulusan tahun hari rakyat indonesia menitipkan masa depan bangsa pundak saudara saudara,4,positif
Amanat Presiden selaku Inspektur Upacara pada Upacara Prasetya Perwira (Praspa) TNI dan Polri Tahun 2026,https://www.setneg.go.id/baca/index/amanat_presiden_selaku_inspektur_upacara_pada_upacara_prasetya_perwira_praspa_tni_dan_polri_tahun_2026,Jangan pernah kecewakan kepercayaan ini.,jangan pernah kecewakan kepercayaan ini,jangan pernah kecewakan kepercayaan,-6,negatif
Amanat Presiden selaku Inspektur Upacara pada Upacara Prasetya Perwira (Praspa) TNI dan Polri Tahun 2026,https://www.setneg.go.id/baca/index/amanat_presiden_selaku_inspektur_upacara_pada_upacara_prasetya_perwira_praspa_tni_dan_polri_tahun_2026,"Berjuanglah dengan keberanian, memimpinlah dengan keteladanan, pemimpin memimpin dari depan, memimpin dengan contoh, berbakti, mengabdi dengan tulus dan ikhlas.",berjuanglah dengan keberanian memimpinlah dengan keteladanan pemimpin memimpin dari depan memimpin dengan contoh berbakti mengabdi dengan tulus dan ikhlas,berjuanglah keberanian memimpinlah keteladanan pemimpin memimpin depan memimpin contoh berbakti mengabdi tulus ikhlas,2,positif
Amanat Presiden selaku Inspektur Upacara pada Upacara Prasetya Perwira (Praspa) TNI dan Polri Tahun 2026,https://www.setneg.go.id/baca/index/amanat_presiden_selaku_inspektur_upacara_pada_upacara_prasetya_perwira_praspa_tni_dan_polri_tahun_2026,"Akhir kata, selalu setia kepada bangsa dan negara, selalu berbakti kepada rakyat, selalu berjuang untuk Indonesia yang kita cintai.",akhir kata selalu setia kepada bangsa dan negara selalu berbakti kepada rakyat selalu berjuang untuk indonesia yang kita cintai,akhir kata selalu setia bangsa negara selalu berbakti rakyat selalu berjuang indonesia kita cintai,-4,negatif
Amanat Presiden selaku Inspektur Upacara pada Upacara Prasetya Perwira (Praspa) TNI dan Polri Tahun 2026,https://www.setneg.go.id/baca/index/amanat_presiden_selaku_inspektur_upacara_pada_upacara_prasetya_perwira_praspa_tni_dan_polri_tahun_2026,"Bangsa dan negara dan rakyat Indonesia menanti darma baktimu, menanti pengabdianmu.",bangsa dan negara dan rakyat indonesia menanti darma baktimu menanti pengabdianmu,bangsa negara rakyat indonesia menanti darma baktimu menanti pengabdianmu,0,netral
Amanat Presiden selaku Inspektur Upacara pada Upacara Prasetya Perwira (Praspa) TNI dan Polri Tahun 2026,https://www.setneg.go.id/baca/index/amanat_presiden_selaku_inspektur_upacara_pada_upacara_prasetya_perwira_praspa_tni_dan_polri_tahun_2026,Terima kasih.,terima kasih,terima kasih,1,positif
Amanat Presiden selaku Inspektur Upacara pada Upacara Prasetya Perwira (Praspa) TNI dan Polri Tahun 2026,https://www.setneg.go.id/baca/index/amanat_presiden_selaku_inspektur_upacara_pada_upacara_prasetya_perwira_praspa_tni_dan_polri_tahun_2026,"Wassalamualaikum warahmatullahi wabarakatuh.Salam sejahtera bagi kita sekalian,Syalom,Salve,Om santi santi om,Namo Buddhaya,Salam Kebajikan,Rahayu rahayu.",wassalamualaikum warahmatullahi wabarakatuh salam sejahtera bagi kita sekalian syalom salve om santi santi om namo buddhaya salam kebajikan rahayu rahayu,wassalamualaikum warahmatullahi wabarakatuh salam sejahtera kita sekalian syalom salve om santi santi om namo buddhaya salam kebajikan rahayu rahayu,0,netral
Amanat Presiden selaku Inspektur Upacara pada Upacara Prasetya Perwira (Praspa) TNI dan Polri Tahun 2026,https://www.setneg.go.id/baca/index/amanat_presiden_selaku_inspektur_upacara_pada_upacara_prasetya_perwira_praspa_tni_dan_polri_tahun_2026,"Kamis, 30 Juli 2026
Kamis, 30 Juli 2026
Rabu, 29 Juli 2026
Rabu, 22 Juli 2026
Senin, 20 Juli 2026",kamis juli kamis juli rabu juli rabu juli senin juli,kamis juli kamis juli rabu juli rabu juli senin juli,0,netral
Taklimat Presiden pada Sidang Kabinet Paripurna,https://www.setneg.go.id/baca/index/taklimat_presiden_pada_sidang_kabinet_paripurna,Bismillahirrahmanirrahim.,bismillahirrahmanirrahim,bismillahirrahmanirrahim,0,netral
Taklimat Presiden pada Sidang Kabinet Paripurna,https://www.setneg.go.id/baca/index/taklimat_presiden_pada_sidang_kabinet_paripurna,"Assalamu’alaikum warahmatullahi wabarakatuh,Selamat sore,Salam sejahtera bagi kita sekalian,Syalom,Om swastiastu,Namo Buddhaya,Salam kebajikan.",assalamu alaikum warahmatullahi wabarakatuh selamat sore salam sejahtera bagi kita sekalian syalom om swastiastu namo buddhaya salam kebajikan,assalamu alaikum warahmatullahi wabarakatuh selamat sore salam sejahtera kita sekalian syalom om swastiastu namo buddhaya salam kebajikan,11,positif
Taklimat Presiden pada Sidang Kabinet Paripurna,https://www.setneg.go.id/baca/index/taklimat_presiden_pada_sidang_kabinet_paripurna,"Yang saya hormati, Wakil Presiden Republik Indonesia Saudara Gibran Rakabuming Raka;Para Menteri Koordinator, para Menteri, para Kepala Badan, Ketua Dewan Ekonomi Nasional, para Penasihat dan Staf Khusus Presiden, Jaksa Agung, Kepala Badan Intelijen Negara, Kepala Kepolisian Negara Republik Indonesia, Panglima TNI, para Kepala Staf Angkatan Darat, Laut, dan Udara, para Wakil Menteri, Wakil Kepala Badan, serta seluruh anggota Kabinet Merah Putih yang saya hormati dan saya cintai.",yang saya hormati wakil presiden republik indonesia saudara gibran rakabuming raka para menteri koordinator para menteri para kepala badan ketua dewan ekonomi nasional para penasihat dan staf khusus presiden jaksa agung kepala badan intelijen negara kepala kepolisian negara republik indonesia panglima tni para kepala staf angkatan darat laut dan udara para wakil menteri wakil kepala badan serta seluruh anggota kabinet merah putih yang saya hormati dan saya cintai,saya hormati wakil presiden republik indonesia saudara gibran rakabuming raka menteri koordinator menteri kepala badan ketua dewan ekonomi nasional penasihat staf khusus presiden jaksa agung kepala badan intelijen negara kepala kepolisian negara republik indonesia panglima tni kepala staf angkatan darat laut udara wakil menteri wakil kepala badan seluruh anggota kabinet merah putih saya hormati saya cintai,-31,negatif
Taklimat Presiden pada Sidang Kabinet Paripurna,https://www.setneg.go.id/baca/index/taklimat_presiden_pada_sidang_kabinet_paripurna,"Pertama-tama sebagai insan yang bertakwa, marilah kita tidak henti-hentinya memanjatkan puji syukur ke hadirat Tuhan Mahakuasa, Tuhan Mahabesar, Allahsubhanahu wa ta’alabagi umat Islam, yang memiliki sekalian alam.",pertama tama sebagai insan yang bertakwa marilah kita tidak henti hentinya memanjatkan puji syukur ke hadirat tuhan mahakuasa tuhan mahabesar allahsubhanahu wa ta alabagi umat islam yang memiliki sekalian alam,pertama tama insan bertakwa marilah tidak henti hentinya memanjatkan puji syukur hadirat tuhan mahakuasa tuhan mahabesar allahsubhanahu wa ta alabagi umat islam memiliki sekalian alam,12,positif
Taklimat Presiden pada Sidang Kabinet Paripurna,https://www.setneg.go.id/baca/index/taklimat_presiden_pada_sidang_kabinet_paripurna,Hanya kepada-Nya lah kita berdoa dan hanya kepada-Nya lah kita meminta pertolongan.,hanya kepada nya lah kita berdoa dan hanya kepada nya lah kita meminta pertolongan,nya lah berdoa hanya kepada nya lah meminta pertolongan,-1,negatif
Taklimat Presiden pada Sidang Kabinet Paripurna,https://www.setneg.go.id/baca/index/taklimat_presiden_pada_sidang_kabinet_paripurna,"Kita bersyukur atas segala kebaikan, karunia, kesehatan, napas yang masih diberikan kepada kita, dan terutama atas perdamaian dan kedamaian yang masih kita rasakan sebagai bangsa dan negara, di tengah dunia yang penuh pertikaian, perang, dan konflik.",kita bersyukur atas segala kebaikan karunia kesehatan napas yang masih diberikan kepada kita dan terutama atas perdamaian dan kedamaian yang masih kita rasakan sebagai bangsa dan negara di tengah dunia yang penuh pertikaian perang dan konflik,bersyukur atas segala kebaikan karunia kesehatan napas masih diberikan terutama atas perdamaian kedamaian masih kita rasakan bangsa negara tengah dunia penuh pertikaian perang konflik,6,positif
Taklimat Presiden pada Sidang Kabinet Paripurna,https://www.setneg.go.id/baca/index/taklimat_presiden_pada_sidang_kabinet_paripurna,"Hari ini, saya sengaja melaksanakan Sidang Kabinet Paripurna pertengahan tahun 2026, menjelang 17 Agustus 2026, di mana sudah secara tradisi Presiden Republik Indonesia menyampaikan sambutan beberapa hari sebelum 17 Agustus, untuk menyampaikan kepada seluruh bangsa dan negara apa yang sudah dikerjakan selama satu tahun kerja itu.",hari ini saya sengaja melaksanakan sidang kabinet paripurna pertengahan tahun menjelang agustus di mana sudah secara tradisi presiden republik indonesia menyampaikan sambutan beberapa hari sebelum agustus untuk menyampaikan kepada seluruh bangsa dan negara apa yang sudah dikerjakan selama satu tahun kerja itu,hari saya sengaja melaksanakan sidang kabinet paripurna pertengahan tahun menjelang agustus mana secara tradisi presiden republik indonesia menyampaikan sambutan beberapa hari agustus menyampaikan seluruh bangsa negara apa sudah dikerjakan selama satu tahun kerja,-2,negatif
Taklimat Presiden pada Sidang Kabinet Paripurna,https://www.setneg.go.id/baca/index/taklimat_presiden_pada_sidang_kabinet_paripurna,"Ini juga adalah kurang tiga bulan kita menjalankan mandat dari rakyat di tahap tahun kedua, tanpa terasa waktu berjalan sangat cepat.",ini juga adalah kurang tiga bulan kita menjalankan mandat dari rakyat di tahap tahun kedua tanpa terasa waktu berjalan sangat cepat,juga kurang tiga bulan menjalankan mandat rakyat tahap tahun kedua terasa waktu berjalan sangat cepat,-12,negatif
Taklimat Presiden pada Sidang Kabinet Paripurna,https://www.setneg.go.id/baca/index/taklimat_presiden_pada_sidang_kabinet_paripurna,"Saudara-saudara,Tentunya kita laksanakan [Sidang] Kabinet Paripurna ini untuk kita evaluasi apa yang sudah kita kerjakan.",saudara saudara tentunya kita laksanakan sidang kabinet paripurna ini untuk kita evaluasi apa yang sudah kita kerjakan,saudara saudara tentunya laksanakan sidang kabinet paripurna untuk evaluasi apa sudah kerjakan,-10,negatif
Taklimat Presiden pada Sidang Kabinet Paripurna,https://www.setneg.go.id/baca/index/taklimat_presiden_pada_sidang_kabinet_paripurna,"Dan, Saudara-saudara, saya kira tidak hanya Saudara-saudara tapi saya sendiri, di tahun-tahun ini, menjelang kita dua tahun kita telah bekerja dengan sangat keras, dan sangat padat, dan sangat cepat.",dan saudara saudara saya kira tidak hanya saudara saudara tapi saya sendiri di tahun tahun ini menjelang kita dua tahun kita telah bekerja dengan sangat keras dan sangat padat dan sangat cepat,saudara saudara kira hanya saudara saudara saya sendiri tahun tahun menjelang dua tahun telah bekerja sangat keras sangat padat sangat cepat,-29,negatif
Taklimat Presiden pada Sidang Kabinet Paripurna,https://www.setneg.go.id/baca/index/taklimat_presiden_pada_sidang_kabinet_paripurna,"Kadang-kadang, dengan kita bekerja sangat keras, dengan kita bekerja sangat padat, kita sendiri tidak terlalu menyadari berapa banyak yang telah kita capai dalam dua tahun pertama kita.",kadang kadang dengan kita bekerja sangat keras dengan kita bekerja sangat padat kita sendiri tidak terlalu menyadari berapa banyak yang telah kita capai dalam dua tahun pertama kita,kadang kadang bekerja sangat keras bekerja sangat padat sendiri terlalu menyadari berapa banyak telah kita capai dua tahun pertama kita,-19,negatif
Taklimat Presiden pada Sidang Kabinet Paripurna,https://www.setneg.go.id/baca/index/taklimat_presiden_pada_sidang_kabinet_paripurna,"Karena kita menghadapi masalah yang sangat besar, kita menghadapi dunia yang penuh pergolakan, dan juga kita menghadapi kenyataan-kenyataan pahit yang harus kita akui merupakan tantangan kita bersama.",karena kita menghadapi masalah yang sangat besar kita menghadapi dunia yang penuh pergolakan dan juga kita menghadapi kenyataan kenyataan pahit yang harus kita akui merupakan tantangan kita bersama,menghadapi masalah sangat besar menghadapi dunia penuh pergolakan juga menghadapi kenyataan kenyataan pahit harus akui merupakan tantangan kita bersama,-18,negatif
Taklimat Presiden pada Sidang Kabinet Paripurna,https://www.setneg.go.id/baca/index/taklimat_presiden_pada_sidang_kabinet_paripurna,"Kita tidak bermaksud untuk mencari kesalahan, kita tidak bermaksud untuk membanding-bandingkan.",kita tidak bermaksud untuk mencari kesalahan kita tidak bermaksud untuk membanding bandingkan,tidak bermaksud mencari kesalahan tidak bermaksud membanding bandingkan,-21,negatif
Taklimat Presiden pada Sidang Kabinet Paripurna,https://www.setneg.go.id/baca/index/taklimat_presiden_pada_sidang_kabinet_paripurna,"Tiap masa ada pemerintahnya, tiap pemerintah ada masanya.",tiap masa ada pemerintahnya tiap pemerintah ada masanya,tiap masa pemerintahnya tiap pemerintah masanya,0,netral
Taklimat Presiden pada Sidang Kabinet Paripurna,https://www.setneg.go.id/baca/index/taklimat_presiden_pada_sidang_kabinet_paripurna,"Tiap masa ada pemimpinnya, tiap pemimpin punya masanya.",tiap masa ada pemimpinnya tiap pemimpin punya masanya,tiap masa pemimpinnya tiap pemimpin punya masanya,3,positif
Taklimat Presiden pada Sidang Kabinet Paripurna,https://www.setneg.go.id/baca/index/taklimat_presiden_pada_sidang_kabinet_paripurna,"Kita tidak bermaksud, tapi kita sebagai anak bangsa, kita sebagai unsur pimpinan, dan kita semua di sini adalah unsur pimpinan.",kita tidak bermaksud tapi kita sebagai anak bangsa kita sebagai unsur pimpinan dan kita semua di sini adalah unsur pimpinan,tidak bermaksud anak bangsa kita sebagai unsur pimpinan kita semua sini unsur pimpinan,-14,negatif
Taklimat Presiden pada Sidang Kabinet Paripurna,https://www.setneg.go.id/baca/index/taklimat_presiden_pada_sidang_kabinet_paripurna,"Kita di sini pemimpin politik, pemimpin teknokrat, pemimpin budaya, pemimpin masyarakat, dan kita diberi mandat oleh rakyat untuk menghadapi dan menyelesaikan masalah.",kita di sini pemimpin politik pemimpin teknokrat pemimpin budaya pemimpin masyarakat dan kita diberi mandat oleh rakyat untuk menghadapi dan menyelesaikan masalah,di sini pemimpin politik pemimpin teknokrat pemimpin budaya pemimpin masyarakat kita diberi mandat rakyat menghadapi menyelesaikan masalah,-5,negatif
Taklimat Presiden pada Sidang Kabinet Paripurna,https://www.setneg.go.id/baca/index/taklimat_presiden_pada_sidang_kabinet_paripurna,"Jadi, kita tidak boleh takut dengan masalah, kita tidak boleh takut dengan kesulitan, kita tidak boleh takut dengan kekurangan.",jadi kita tidak boleh takut dengan masalah kita tidak boleh takut dengan kesulitan kita tidak boleh takut dengan kekurangan,jadi tidak takut masalah tidak takut kesulitan tidak takut kekurangan,-41,negatif
Taklimat Presiden pada Sidang Kabinet Paripurna,https://www.setneg.go.id/baca/index/taklimat_presiden_pada_sidang_kabinet_paripurna,"Kita paham, seluruh bangsa paham, bahwa gaji guru-guru kita kurang.",kita paham seluruh bangsa paham bahwa gaji guru guru kita kurang,paham seluruh bangsa paham gaji guru guru kurang,3,positif
Taklimat Presiden pada Sidang Kabinet Paripurna,https://www.setneg.go.id/baca/index/taklimat_presiden_pada_sidang_kabinet_paripurna,Kita paham bahwa lapangan kerja kita kurang.,kita paham bahwa lapangan kerja kita kurang,paham lapangan kerja kurang,2,positif
Taklimat Presiden pada Sidang Kabinet Paripurna,https://www.setneg.go.id/baca/index/taklimat_presiden_pada_sidang_kabinet_paripurna,Kita paham masih banyak kemiskinan ekstrem.,kita paham masih banyak kemiskinan ekstrem,paham banyak kemiskinan ekstrem,-7,negatif
Taklimat Presiden pada Sidang Kabinet Paripurna,https://www.setneg.go.id/baca/index/taklimat_presiden_pada_sidang_kabinet_paripurna,Kita paham.,kita paham,paham,0,netral
Taklimat Presiden pada Sidang Kabinet Paripurna,https://www.setneg.go.id/baca/index/taklimat_presiden_pada_sidang_kabinet_paripurna,Ini semua masalah kita paham.,ini semua masalah kita paham,semua masalah paham,-7,negatif
Taklimat Presiden pada Sidang Kabinet Paripurna,https://www.setneg.go.id/baca/index/taklimat_presiden_pada_sidang_kabinet_paripurna,Kita mengerti.,kita mengerti,mengerti,-2,negatif
Taklimat Presiden pada Sidang Kabinet Paripurna,https://www.setneg.go.id/baca/index/taklimat_presiden_pada_sidang_kabinet_paripurna,"Justru ini yang kita dipilih, diberi mandat untuk kita selesaikan.",justru ini yang kita dipilih diberi mandat untuk kita selesaikan,justru yang dipilih diberi mandat kita selesaikan,-5,negatif
Taklimat Presiden pada Sidang Kabinet Paripurna,https://www.setneg.go.id/baca/index/taklimat_presiden_pada_sidang_kabinet_paripurna,Kita paham ada ketimpangan di masyarakat kita.,kita paham ada ketimpangan di masyarakat kita,paham ketimpangan masyarakat,-4,negatif
Taklimat Presiden pada Sidang Kabinet Paripurna,https://www.setneg.go.id/baca/index/taklimat_presiden_pada_sidang_kabinet_paripurna,"Tapi terus terang saja saya katakan di mana-mana, saya sendiri sebagai Presiden, sebagai yang diberi mandat bersama Saudara Wakil Presiden, kita disumpah, saya sendiri tidak menduga sesungguhnya betapa beberapa masalah itu sangat di luar perkiraan kita.",tapi terus terang saja saya katakan di mana mana saya sendiri sebagai presiden sebagai yang diberi mandat bersama saudara wakil presiden kita disumpah saya sendiri tidak menduga sesungguhnya betapa beberapa masalah itu sangat di luar perkiraan kita,terus terang katakan mana mana sendiri presiden yang diberi mandat bersama saudara wakil presiden disumpah saya sendiri menduga sesungguhnya betapa beberapa masalah sangat luar perkiraan,-7,negatif
Taklimat Presiden pada Sidang Kabinet Paripurna,https://www.setneg.go.id/baca/index/taklimat_presiden_pada_sidang_kabinet_paripurna,Terjadi suatu distorsi terhadap perekonomian kita.,terjadi suatu distorsi terhadap perekonomian kita,terjadi suatu distorsi perekonomian,-1,negatif
Taklimat Presiden pada Sidang Kabinet Paripurna,https://www.setneg.go.id/baca/index/taklimat_presiden_pada_sidang_kabinet_paripurna,"Telah terjadi mengalir ke luar kekayaan kita secara signifikan, ribuan triliun, ratusan miliar dolar tiap tahun dengan praktik-praktikunder-invoicing, pemalsuan laporan.Under-invoicingadalah pemalsuan laporan perdagangan.",telah terjadi mengalir ke luar kekayaan kita secara signifikan ribuan triliun ratusan miliar dolar tiap tahun dengan praktik praktikunder invoicing pemalsuan laporan under invoicingadalah pemalsuan laporan perdagangan,terjadi mengalir luar kekayaan secara signifikan ribuan triliun ratusan miliar dolar tiap tahun praktik praktikunder invoicing pemalsuan laporan under invoicingadalah pemalsuan laporan perdagangan,-5,negatif
Taklimat Presiden pada Sidang Kabinet Paripurna,https://www.setneg.go.id/baca/index/taklimat_presiden_pada_sidang_kabinet_paripurna,"Praktik-praktik transferpricing, praktik-praktik penyelundupan.",praktik praktik transferpricing praktik praktik penyelundupan,praktik praktik transferpricing praktik praktik penyelundupan,0,netral
Taklimat Presiden pada Sidang Kabinet Paripurna,https://www.setneg.go.id/baca/index/taklimat_presiden_pada_sidang_kabinet_paripurna,"Hal-hal yang sesungguhnya sungguh tidak masuk akal, dan sesungguhnya tidak adil bagi bangsa kita.",hal hal yang sesungguhnya sungguh tidak masuk akal dan sesungguhnya tidak adil bagi bangsa kita,hal sesungguhnya sungguh masuk akal sesungguhnya adil bangsa,1,positif
Taklimat Presiden pada Sidang Kabinet Paripurna,https://www.setneg.go.id/baca/index/taklimat_presiden_pada_sidang_kabinet_paripurna,"Dan, ini bukan data dari kita, ini data internasional, ini data dari lembaga-lembaga internasional, ini data dari PBB, di antaranya.",dan ini bukan data dari kita ini data internasional ini data dari lembaga lembaga internasional ini data dari pbb di antaranya,bukan data kita data internasional data lembaga lembaga internasional ini data pbb antaranya,-21,negatif
Taklimat Presiden pada Sidang Kabinet Paripurna,https://www.setneg.go.id/baca/index/taklimat_presiden_pada_sidang_kabinet_paripurna,"Tapi, seluruh bangsa sudah merasakan, semua pelaku ekonomi sudah mengerti hal ini di dalam negeri dan di luar negeri, semua tahu.",tapi seluruh bangsa sudah merasakan semua pelaku ekonomi sudah mengerti hal ini di dalam negeri dan di luar negeri semua tahu,seluruh bangsa merasakan semua pelaku ekonomi mengerti ini dalam negeri di luar negeri semua tahu,-9,negatif
Taklimat Presiden pada Sidang Kabinet Paripurna,https://www.setneg.go.id/baca/index/taklimat_presiden_pada_sidang_kabinet_paripurna,"Negara penghasil kelapa sawit di dunia sempat berminggu-minggu hilang minyak goreng, sesuatu yang tidak masuk di akal, Saudara-saudara.",negara penghasil kelapa sawit di dunia sempat berminggu minggu hilang minyak goreng sesuatu yang tidak masuk di akal saudara saudara,negara penghasil kelapa sawit dunia sempat berminggu minggu hilang minyak goreng yang masuk akal saudara saudara,-16,negatif
Taklimat Presiden pada Sidang Kabinet Paripurna,https://www.setneg.go.id/baca/index/taklimat_presiden_pada_sidang_kabinet_paripurna,"Jadi, Saudara-saudara, kita dihadapi dengan masalah yang sangat besar, dengan masalah yang vital.",jadi saudara saudara kita dihadapi dengan masalah yang sangat besar dengan masalah yang vital,jadi saudara saudara dihadapi masalah sangat besar masalah vital,-21,negatif
Taklimat Presiden pada Sidang Kabinet Paripurna,https://www.setneg.go.id/baca/index/taklimat_presiden_pada_sidang_kabinet_paripurna,"Kalau ini kita biarkan, kalau kebocoran ratusan miliar dolar kekayaan Indonesia dibiarkan terus ke luar, kita bisa bayangkan nasib bangsa kita seperti apa.",kalau ini kita biarkan kalau kebocoran ratusan miliar dolar kekayaan indonesia dibiarkan terus ke luar kita bisa bayangkan nasib bangsa kita seperti apa,kalau biarkan kalau kebocoran ratusan miliar dolar kekayaan indonesia dibiarkan terus luar bisa bayangkan nasib bangsa kita seperti apa,-7,negatif
Taklimat Presiden pada Sidang Kabinet Paripurna,https://www.setneg.go.id/baca/index/taklimat_presiden_pada_sidang_kabinet_paripurna,"Karena itu, saya ingatkan kita diberi mandat untuk menyelesaikan masalah dan seharusnya kita bangga bahwa ternyata dalam kurun waktu ini telah banyak masalah dan kesulitan yang telah kita selesaikan.",karena itu saya ingatkan kita diberi mandat untuk menyelesaikan masalah dan seharusnya kita bangga bahwa ternyata dalam kurun waktu ini telah banyak masalah dan kesulitan yang telah kita selesaikan,itu ingatkan diberi mandat menyelesaikan masalah seharusnya bangga ternyata kurun waktu telah banyak masalah kesulitan telah selesaikan,-15,negatif
Taklimat Presiden pada Sidang Kabinet Paripurna,https://www.setneg.go.id/baca/index/taklimat_presiden_pada_sidang_kabinet_paripurna,"Mungkin hitungan kita terakhir lebih dari 108 masalah, 110 masalah yang kita selesaikan dalam satu tahun lebih, 18 bulan pemerintahan kita.",mungkin hitungan kita terakhir lebih dari masalah masalah yang kita selesaikan dalam satu tahun lebih bulan pemerintahan kita,mungkin hitungan terakhir lebih masalah masalah selesaikan satu tahun lebih bulan pemerintahan kita,-9,negatif
Taklimat Presiden pada Sidang Kabinet Paripurna,https://www.setneg.go.id/baca/index/taklimat_presiden_pada_sidang_kabinet_paripurna,Ini prestasi yang bukan kecil.,ini prestasi yang bukan kecil,prestasi bukan kecil,-6,negatif
Taklimat Presiden pada Sidang Kabinet Paripurna,https://www.setneg.go.id/baca/index/taklimat_presiden_pada_sidang_kabinet_paripurna,"Kita rendah hati, kita tidak mau, kita tidak mau menepuk-nepuk dada.",kita rendah hati kita tidak mau kita tidak mau menepuk nepuk dada,rendah hati tidak mau tidak mau menepuk nepuk dada,-19,negatif
Taklimat Presiden pada Sidang Kabinet Paripurna,https://www.setneg.go.id/baca/index/taklimat_presiden_pada_sidang_kabinet_paripurna,"Kita tidak mau dan kita tidak boleh besar kepala, tidak boleh sombong.",kita tidak mau dan kita tidak boleh besar kepala tidak boleh sombong,mau kita boleh besar kepala tidak boleh sombong,-7,negatif
Taklimat Presiden pada Sidang Kabinet Paripurna,https://www.setneg.go.id/baca/index/taklimat_presiden_pada_sidang_kabinet_paripurna,"Itu watak kita sebenarnya, watak bangsa kita.Ojo dumeh.",itu watak kita sebenarnya watak bangsa kita ojo dumeh,watak sebenarnya watak bangsa ojo dumeh,10,positif
Taklimat Presiden pada Sidang Kabinet Paripurna,https://www.setneg.go.id/baca/index/taklimat_presiden_pada_sidang_kabinet_paripurna,"Tetapi, kalau kita berprestasi kita harus akui bahwa kita berprestasi.",tetapi kalau kita berprestasi kita harus akui bahwa kita berprestasi,kalau berprestasi harus akui kita berprestasi,-6,negatif
Taklimat Presiden pada Sidang Kabinet Paripurna,https://www.setneg.go.id/baca/index/taklimat_presiden_pada_sidang_kabinet_paripurna,"Tidak ada bangsa lain yang akan menghormati kita, kalau kita tidak menghormati bangsa kita kita sendiri.",tidak ada bangsa lain yang akan menghormati kita kalau kita tidak menghormati bangsa kita kita sendiri,ada bangsa yang menghormati kalau tidak menghormati bangsa kita sendiri,-17,negatif
Taklimat Presiden pada Sidang Kabinet Paripurna,https://www.setneg.go.id/baca/index/taklimat_presiden_pada_sidang_kabinet_paripurna,Bangsa yang besar adalah bangsa yang bisa menghormati dan menghargai pahlawan-pahlawannya.,bangsa yang besar adalah bangsa yang bisa menghormati dan menghargai pahlawan pahlawannya,bangsa besar bangsa bisa menghormati menghargai pahlawan pahlawannya,-2,negatif
Taklimat Presiden pada Sidang Kabinet Paripurna,https://www.setneg.go.id/baca/index/taklimat_presiden_pada_sidang_kabinet_paripurna,"Bangsa yang besar adalah bangsa yang bisa memahami kesulitan dan tantangan yang dihadapinya, tapi juga bisa menghormati dan menghargai prestasi yang dia capai.",bangsa yang besar adalah bangsa yang bisa memahami kesulitan dan tantangan yang dihadapinya tapi juga bisa menghormati dan menghargai prestasi yang dia capai,bangsa besar bangsa memahami kesulitan tantangan dihadapinya juga bisa menghormati menghargai prestasi dia capai,-12,negatif
Taklimat Presiden pada Sidang Kabinet Paripurna,https://www.setneg.go.id/baca/index/taklimat_presiden_pada_sidang_kabinet_paripurna,"Saudara-saudara, tanpa kita sadar karena kita sibuk dengan bekerja, kita ternyata dalam tahap ini ada hal-hal yang sangat membanggakan.",saudara saudara tanpa kita sadar karena kita sibuk dengan bekerja kita ternyata dalam tahap ini ada hal hal yang sangat membanggakan,saudara saudara sadar kita sibuk bekerja kita ternyata tahap ada hal sangat membanggakan,-12,negatif
Taklimat Presiden pada Sidang Kabinet Paripurna,https://www.setneg.go.id/baca/index/taklimat_presiden_pada_sidang_kabinet_paripurna,"Saudara-saudara,Setiap negara, setiap perekonomian, itu pasti diukur.",saudara saudara setiap negara setiap perekonomian itu pasti diukur,saudara saudara negara perekonomian pasti diukur,3,positif
Taklimat Presiden pada Sidang Kabinet Paripurna,https://www.setneg.go.id/baca/index/taklimat_presiden_pada_sidang_kabinet_paripurna,Dan kita punya ukuran.,dan kita punya ukuran,kita punya ukuran,3,positif
Taklimat Presiden pada Sidang Kabinet Paripurna,https://www.setneg.go.id/baca/index/taklimat_presiden_pada_sidang_kabinet_paripurna,"Kita bertanya, apakah bangsa itu bisa memberi pangan, memberi makan untuk rakyatnya?",kita bertanya apakah bangsa itu bisa memberi pangan memberi makan untuk rakyatnya,bertanya bangsa bisa memberi pangan memberi makan rakyatnya,-3,negatif
Taklimat Presiden pada Sidang Kabinet Paripurna,https://www.setneg.go.id/baca/index/taklimat_presiden_pada_sidang_kabinet_paripurna,Itu yang paling mendasar.,itu yang paling mendasar,yang paling mendasar,-9,negatif
Taklimat Presiden pada Sidang Kabinet Paripurna,https://www.setneg.go.id/baca/index/taklimat_presiden_pada_sidang_kabinet_paripurna,"Untuk apa kita merdeka, untuk apa kita punya NKRI, kalau kita tidak bisa memberi yang paling dasar dari sebuah peradaban?",untuk apa kita merdeka untuk apa kita punya nkri kalau kita tidak bisa memberi yang paling dasar dari sebuah peradaban,apa merdeka apa punya nkri kalau tidak memberi paling dasar sebuah peradaban,-11,negatif
Taklimat Presiden pada Sidang Kabinet Paripurna,https://www.setneg.go.id/baca/index/taklimat_presiden_pada_sidang_kabinet_paripurna,"Yang paling dasar adalah makan, pangan.",yang paling dasar adalah makan pangan,paling dasar makan pangan,-1,negatif
Taklimat Presiden pada Sidang Kabinet Paripurna,https://www.setneg.go.id/baca/index/taklimat_presiden_pada_sidang_kabinet_paripurna,"Kalau ada orang-orang pintar mengatakan bahwa ada yang lebih penting dari perut yang lapar, ya, saya persilakan, Saudara-saudara.",kalau ada orang orang pintar mengatakan bahwa ada yang lebih penting dari perut yang lapar ya saya persilakan saudara saudara,kalau orang orang pintar mengatakan ada lebih penting perut lapar saya persilakan saudara saudara,-9,negatif
Taklimat Presiden pada Sidang Kabinet Paripurna,https://www.setneg.go.id/baca/index/taklimat_presiden_pada_sidang_kabinet_paripurna,"Yang saya tahu, dari sejarah ribuan tahun peradaban manusia, tidak ada masyarakat yang bertahan tanpa pangan.",yang saya tahu dari sejarah ribuan tahun peradaban manusia tidak ada masyarakat yang bertahan tanpa pangan,saya tahu sejarah ribuan tahun peradaban manusia ada masyarakat bertahan pangan,-11,negatif
Taklimat Presiden pada Sidang Kabinet Paripurna,https://www.setneg.go.id/baca/index/taklimat_presiden_pada_sidang_kabinet_paripurna,Punah.,punah,punah,-4,negatif
Taklimat Presiden pada Sidang Kabinet Paripurna,https://www.setneg.go.id/baca/index/taklimat_presiden_pada_sidang_kabinet_paripurna,Peradaban punah kalau tidak ada makan.,peradaban punah kalau tidak ada makan,peradaban punah kalau ada makan,-9,negatif
Taklimat Presiden pada Sidang Kabinet Paripurna,https://www.setneg.go.id/baca/index/taklimat_presiden_pada_sidang_kabinet_paripurna,"Untuk menjamin pangan perlu air, perlu lingkungan yang dilestarikan, perlu lahan yang subur, perlu kebijakan yang benar.",untuk menjamin pangan perlu air perlu lingkungan yang dilestarikan perlu lahan yang subur perlu kebijakan yang benar,menjamin pangan perlu air perlu lingkungan dilestarikan perlu lahan subur perlu kebijakan benar,6,positif
Taklimat Presiden pada Sidang Kabinet Paripurna,https://www.setneg.go.id/baca/index/taklimat_presiden_pada_sidang_kabinet_paripurna,"Kita bertanya sekarang, apakah harga pangan terkendali?",kita bertanya sekarang apakah harga pangan terkendali,bertanya sekarang harga pangan terkendali,5,positif
Taklimat Presiden pada Sidang Kabinet Paripurna,https://www.setneg.go.id/baca/index/taklimat_presiden_pada_sidang_kabinet_paripurna,"Apakah pupuk tersedia untuk rakyat, untuk petani dengan harga yang terjangkau?",apakah pupuk tersedia untuk rakyat untuk petani dengan harga yang terjangkau,pupuk tersedia rakyat petani harga terjangkau,7,positif
Taklimat Presiden pada Sidang Kabinet Paripurna,https://www.setneg.go.id/baca/index/taklimat_presiden_pada_sidang_kabinet_paripurna,"Kita bertanya, apakah anak-anak sekolah memperoleh makanan bergizi di sekolah?",kita bertanya apakah anak anak sekolah memperoleh makanan bergizi di sekolah,bertanya anak anak sekolah memperoleh makanan bergizi sekolah,5,positif
Taklimat Presiden pada Sidang Kabinet Paripurna,https://www.setneg.go.id/baca/index/taklimat_presiden_pada_sidang_kabinet_paripurna,"Saudara-saudara,Saya diserang karena ingin memberi makan bergizi untuk anak-anak Indonesia.",saudara saudara saya diserang karena ingin memberi makan bergizi untuk anak anak indonesia,saudara saudara diserang ingin memberi makan bergizi anak anak indonesia,-13,negatif
Taklimat Presiden pada Sidang Kabinet Paripurna,https://www.setneg.go.id/baca/index/taklimat_presiden_pada_sidang_kabinet_paripurna,"Memberi makan untuk anak-anak Indonesia, untuk ibu-ibu hamil, untuk orang-orang lansia, dianggap pemborosan.",memberi makan untuk anak anak indonesia untuk ibu ibu hamil untuk orang orang lansia dianggap pemborosan,memberi makan anak anak indonesia ibu ibu hamil orang orang lansia dianggap pemborosan,-14,negatif
Taklimat Presiden pada Sidang Kabinet Paripurna,https://www.setneg.go.id/baca/index/taklimat_presiden_pada_sidang_kabinet_paripurna,"Tapi, ribuan triliun yang menguap, yang pergi dari bumi Indonesia, tiap tahun selama 34 tahun, tidak ada komentar, tidak ada pakar yang protes, tidak ada investigasi.",tapi ribuan triliun yang menguap yang pergi dari bumi indonesia tiap tahun selama tahun tidak ada komentar tidak ada pakar yang protes tidak ada investigasi,ribuan triliun menguap pergi bumi indonesia tiap tahun selama tahun ada komentar ada pakar protes ada investigasi,-16,negatif
Taklimat Presiden pada Sidang Kabinet Paripurna,https://www.setneg.go.id/baca/index/taklimat_presiden_pada_sidang_kabinet_paripurna,"Kita mau beri makan kepada anak-anak, yang jelas-jelas minimal seperempat anak-anak kitastunting.",kita mau beri makan kepada anak anak yang jelas jelas minimal seperempat anak anak kitastunting,mau beri makan anak anak jelas jelas minimal seperempat anak anak kitastunting,-25,negatif
Taklimat Presiden pada Sidang Kabinet Paripurna,https://www.setneg.go.id/baca/index/taklimat_presiden_pada_sidang_kabinet_paripurna,"Sebagian besar juga banyak yang tidak makan, menurut sekolah.",sebagian besar juga banyak yang tidak makan menurut sekolah,sebagian besar banyak tidak makan sekolah,-8,negatif
Taklimat Presiden pada Sidang Kabinet Paripurna,https://www.setneg.go.id/baca/index/taklimat_presiden_pada_sidang_kabinet_paripurna,"Kita dituduh pemborosan, kita dibilang ekonomi mau kolaps.",kita dituduh pemborosan kita dibilang ekonomi mau kolaps,dituduh pemborosan dibilang ekonomi mau kolaps,-6,negatif
Taklimat Presiden pada Sidang Kabinet Paripurna,https://www.setneg.go.id/baca/index/taklimat_presiden_pada_sidang_kabinet_paripurna,"Harga saham akan ambruk, mata uang akan melemah.",harga saham akan ambruk mata uang akan melemah,harga saham ambruk mata uang melemah,-7,negatif
Taklimat Presiden pada Sidang Kabinet Paripurna,https://www.setneg.go.id/baca/index/taklimat_presiden_pada_sidang_kabinet_paripurna,"Alasannya, karena boros.",alasannya karena boros,alasannya boros,-5,negatif
Taklimat Presiden pada Sidang Kabinet Paripurna,https://www.setneg.go.id/baca/index/taklimat_presiden_pada_sidang_kabinet_paripurna,"Saudara-saudara,Saya punya keyakinan bahwa fundamental pemikiran ekonomi dan politik bernegara yang disusun oleh pendiri-pendiri bangsa kita, saya punya keyakinan bahwa itu masuk akal, benar.",saudara saudara saya punya keyakinan bahwa fundamental pemikiran ekonomi dan politik bernegara yang disusun oleh pendiri pendiri bangsa kita saya punya keyakinan bahwa itu masuk akal benar,saudara saudara punya keyakinan fundamental pemikiran ekonomi politik bernegara disusun pendiri pendiri bangsa saya punya keyakinan itu masuk akal benar,-14,negatif
Taklimat Presiden pada Sidang Kabinet Paripurna,https://www.setneg.go.id/baca/index/taklimat_presiden_pada_sidang_kabinet_paripurna,"Undang-Undang Dasar 1945 lahir dari perjuangan lama, lahir dari pengalaman penjajahan, lahir dari imperialisme.",undang undang dasar lahir dari perjuangan lama lahir dari pengalaman penjajahan lahir dari imperialisme,undang undang dasar lahir perjuangan lama lahir pengalaman penjajahan lahir imperialisme,11,positif
Taklimat Presiden pada Sidang Kabinet Paripurna,https://www.setneg.go.id/baca/index/taklimat_presiden_pada_sidang_kabinet_paripurna,Apa arti imperialisme?,apa arti imperialisme,apa arti imperialisme,-2,negatif
Taklimat Presiden pada Sidang Kabinet Paripurna,https://www.setneg.go.id/baca/index/taklimat_presiden_pada_sidang_kabinet_paripurna,"Imperialisme artinya adalah diambilnya kekayaan sebuah bangsa oleh bangsa lain., dan masalah inilah yang membuat kita lemah dan tidak berdaya.",imperialisme artinya adalah diambilnya kekayaan sebuah bangsa oleh bangsa lain dan masalah inilah yang membuat kita lemah dan tidak berdaya,imperialisme artinya diambilnya kekayaan sebuah bangsa bangsa masalah inilah membuat lemah dan tidak berdaya,-7,negatif
Taklimat Presiden pada Sidang Kabinet Paripurna,https://www.setneg.go.id/baca/index/taklimat_presiden_pada_sidang_kabinet_paripurna,"Sehingga pendiri-pendiri bangsa kita, melalui perjuangan berat, dan lama, dan berujung di suatu perjuangan fisik, mereka memiliki filosofi.",sehingga pendiri pendiri bangsa kita melalui perjuangan berat dan lama dan berujung di suatu perjuangan fisik mereka memiliki filosofi,pendiri pendiri bangsa melalui perjuangan berat lama berujung suatu perjuangan fisik memiliki filosofi,-1,negatif
Taklimat Presiden pada Sidang Kabinet Paripurna,https://www.setneg.go.id/baca/index/taklimat_presiden_pada_sidang_kabinet_paripurna,Mereka telah merumuskan suatu filosofi.,mereka telah merumuskan suatu filosofi,telah merumuskan suatu filosofi,0,netral
Taklimat Presiden pada Sidang Kabinet Paripurna,https://www.setneg.go.id/baca/index/taklimat_presiden_pada_sidang_kabinet_paripurna,Filosofi adalah pancasila.,filosofi adalah pancasila,filosofi pancasila,0,netral
Taklimat Presiden pada Sidang Kabinet Paripurna,https://www.setneg.go.id/baca/index/taklimat_presiden_pada_sidang_kabinet_paripurna,"Dan, pancasila ini adalah suatu filosofi yang utuh, yang integralistik.",dan pancasila ini adalah suatu filosofi yang utuh yang integralistik,pancasila adalah suatu filosofi utuh integralistik,0,netral
Taklimat Presiden pada Sidang Kabinet Paripurna,https://www.setneg.go.id/baca/index/taklimat_presiden_pada_sidang_kabinet_paripurna,Di situ ada pemahaman ekonomi.,di situ ada pemahaman ekonomi,situ pemahaman ekonomi,0,netral
Taklimat Presiden pada Sidang Kabinet Paripurna,https://www.setneg.go.id/baca/index/taklimat_presiden_pada_sidang_kabinet_paripurna,Ekonomi pancasila harus ekonomi yang juga berkeadilan.,ekonomi pancasila harus ekonomi yang juga berkeadilan,ekonomi pancasila ekonomi juga berkeadilan,0,netral
Taklimat Presiden pada Sidang Kabinet Paripurna,https://www.setneg.go.id/baca/index/taklimat_presiden_pada_sidang_kabinet_paripurna,"Dan, itu jelas-jelas tertera, tercantum dalam Undang-Undang Dasar 1945 yang sedang kita jalankan.",dan itu jelas jelas tertera tercantum dalam undang undang dasar yang sedang kita jalankan,itu jelas jelas tertera tercantum undang undang dasar sedang jalankan,-4,negatif
Taklimat Presiden pada Sidang Kabinet Paripurna,https://www.setneg.go.id/baca/index/taklimat_presiden_pada_sidang_kabinet_paripurna,Kita sedang menjalankan Undang-Undang Dasar Negara Republik Indonesia Tahun 1945.,kita sedang menjalankan undang undang dasar negara republik indonesia tahun,sedang menjalankan undang undang dasar negara republik indonesia tahun,4,positif
Taklimat Presiden pada Sidang Kabinet Paripurna,https://www.setneg.go.id/baca/index/taklimat_presiden_pada_sidang_kabinet_paripurna,"Kita sedang menjalankan Pasal 33, perekonomian disusun sebagai usaha bersama berdasarkan asas kekeluargaan.",kita sedang menjalankan pasal perekonomian disusun sebagai usaha bersama berdasarkan asas kekeluargaan,sedang menjalankan pasal perekonomian disusun usaha bersama berdasarkan asas kekeluargaan,-5,negatif
Taklimat Presiden pada Sidang Kabinet Paripurna,https://www.setneg.go.id/baca/index/taklimat_presiden_pada_sidang_kabinet_paripurna,Ini jangan dianggap suatu slogan atau suatu retorika yang indah.,ini jangan dianggap suatu slogan atau suatu retorika yang indah,jangan dianggap suatu slogan suatu retorika indah,-5,negatif
Taklimat Presiden pada Sidang Kabinet Paripurna,https://www.setneg.go.id/baca/index/taklimat_presiden_pada_sidang_kabinet_paripurna,"“Perekonomian disusun sebagai usaha bersama berdasar atas asas kekeluargaan,” berarti seluruh anak bangsa ini bagian dari keluarga besar NKRI.",perekonomian disusun sebagai usaha bersama berdasar atas asas kekeluargaan berarti seluruh anak bangsa ini bagian dari keluarga besar nkri,perekonomian disusun usaha bersama berdasar atas asas kekeluargaan berarti seluruh anak bangsa bagian keluarga besar nkri,-12,negatif
Taklimat Presiden pada Sidang Kabinet Paripurna,https://www.setneg.go.id/baca/index/taklimat_presiden_pada_sidang_kabinet_paripurna,"Tidak boleh ada satu elemen, satu pihak yang menindas pihak lain.",tidak boleh ada satu elemen satu pihak yang menindas pihak lain,boleh satu elemen satu pihak menindas pihak,-11,negatif
Taklimat Presiden pada Sidang Kabinet Paripurna,https://www.setneg.go.id/baca/index/taklimat_presiden_pada_sidang_kabinet_paripurna,"Tidak boleh ada satu elemen yang memborong kekayaan bangsa, sehingga yang lain tidak bisa nikmati.",tidak boleh ada satu elemen yang memborong kekayaan bangsa sehingga yang lain tidak bisa nikmati,boleh satu elemen memborong kekayaan bangsa yang tidak nikmati,-4,negatif
Taklimat Presiden pada Sidang Kabinet Paripurna,https://www.setneg.go.id/baca/index/taklimat_presiden_pada_sidang_kabinet_paripurna,Ini arti daripada ekonomi berdasar atas asas kekeluargaan.,ini arti daripada ekonomi berdasar atas asas kekeluargaan,arti ekonomi berdasar atas asas kekeluargaan,1,positif
Taklimat Presiden pada Sidang Kabinet Paripurna,https://www.setneg.go.id/baca/index/taklimat_presiden_pada_sidang_kabinet_paripurna,"“Cabang-cabang produksi yang penting bagi negara dan yang menguasai hajat hidup orang banyak dikuasai oleh negara.” Jadi, ini bukan sesuatu yang perlu ditafsirkan.",cabang cabang produksi yang penting bagi negara dan yang menguasai hajat hidup orang banyak dikuasai oleh negara jadi ini bukan sesuatu yang perlu ditafsirkan,cabang cabang produksi penting negara yang menguasai hajat hidup orang banyak dikuasai negara jadi bukan yang perlu ditafsirkan,-29,negatif
Taklimat Presiden pada Sidang Kabinet Paripurna,https://www.setneg.go.id/baca/index/taklimat_presiden_pada_sidang_kabinet_paripurna,"“Bumi, air, dan kekayaan alam yang terkandung di dalamnya harus dipergunakan sebesar-besarnya untuk kemakmuran rakyat.” Harus digunakan, dikuasai oleh negara dan dipergunakan untuk sebesar-besarnya kemakmuran rakyat.",bumi air dan kekayaan alam yang terkandung di dalamnya harus dipergunakan sebesar besarnya untuk kemakmuran rakyat harus digunakan dikuasai oleh negara dan dipergunakan untuk sebesar besarnya kemakmuran rakyat,bumi air kekayaan alam terkandung dalamnya dipergunakan sebesar besarnya kemakmuran rakyat digunakan dikuasai negara dipergunakan sebesar besarnya kemakmuran rakyat,-6,negatif
Taklimat Presiden pada Sidang Kabinet Paripurna,https://www.setneg.go.id/baca/index/taklimat_presiden_pada_sidang_kabinet_paripurna,"Saudara-saudara,Juga, kita juga melihat Pasal 34.",saudara saudara juga kita juga melihat pasal,saudara saudara kita melihat pasal,-1,negatif
Taklimat Presiden pada Sidang Kabinet Paripurna,https://www.setneg.go.id/baca/index/taklimat_presiden_pada_sidang_kabinet_paripurna,Ini perintah Undang-Undang.,ini perintah undang undang,perintah undang undang,4,positif
Taklimat Presiden pada Sidang Kabinet Paripurna,https://www.setneg.go.id/baca/index/taklimat_presiden_pada_sidang_kabinet_paripurna,"“Fakir miskin dan anak-anak yang terlantar dipelihara oleh negara.” Ini sedang kita jalankan, Pasal 33 untuk mengamankan sumber daya ekonomi supaya kita dapat uang.",fakir miskin dan anak anak yang terlantar dipelihara oleh negara ini sedang kita jalankan pasal untuk mengamankan sumber daya ekonomi supaya kita dapat uang,fakir miskin anak anak terlantar dipelihara negara sedang jalankan pasal mengamankan sumber daya ekonomi kita uang,-20,negatif
Taklimat Presiden pada Sidang Kabinet Paripurna,https://www.setneg.go.id/baca/index/taklimat_presiden_pada_sidang_kabinet_paripurna,"Dari Pasal 33, kita menjalankan Pasal 34.",dari pasal kita menjalankan pasal,pasal menjalankan pasal,-8,negatif
Taklimat Presiden pada Sidang Kabinet Paripurna,https://www.setneg.go.id/baca/index/taklimat_presiden_pada_sidang_kabinet_paripurna,"Jadi, itulah, kita tidak boleh membiarkan anak-anak orang miskin terus miskin.",jadi itulah kita tidak boleh membiarkan anak anak orang miskin terus miskin,jadi kita boleh membiarkan anak anak orang miskin terus miskin,-19,negatif
Taklimat Presiden pada Sidang Kabinet Paripurna,https://www.setneg.go.id/baca/index/taklimat_presiden_pada_sidang_kabinet_paripurna,Kita tidak boleh membiarkan anak-anak tidak ada harapan sekolah.,kita tidak boleh membiarkan anak anak tidak ada harapan sekolah,membiarkan anak anak tidak ada harapan sekolah,-14,negatif
Taklimat Presiden pada Sidang Kabinet Paripurna,https://www.setneg.go.id/baca/index/taklimat_presiden_pada_sidang_kabinet_paripurna,Ini sudah kita jalankan.,ini sudah kita jalankan,sudah jalankan,-2,negatif
Taklimat Presiden pada Sidang Kabinet Paripurna,https://www.setneg.go.id/baca/index/taklimat_presiden_pada_sidang_kabinet_paripurna,"“Negara mengembangkan sistem jaminan sosial bagi seluruh rakyat dan memberdayakan masyarakat yang lemah."" Memberdayakan masyarakat yang lemah dan tidak mampu, sesuai dengan martabat kemanusiaan.",negara mengembangkan sistem jaminan sosial bagi seluruh rakyat dan memberdayakan masyarakat yang lemah memberdayakan masyarakat yang lemah dan tidak mampu sesuai dengan martabat kemanusiaan,negara mengembangkan sistem jaminan sosial seluruh rakyat memberdayakan masyarakat lemah memberdayakan masyarakat lemah tidak mampu sesuai martabat kemanusiaan,-9,negatif
Taklimat Presiden pada Sidang Kabinet Paripurna,https://www.setneg.go.id/baca/index/taklimat_presiden_pada_sidang_kabinet_paripurna,“Negara bertanggung jawab atas penyediaan fasilitas pelayanan kesehatan dan fasilitas pelayanan umum yang layak.” Negara bertanggung jawab atas penyediaan fasilitas pelayanan kesehatan dan fasilitas umum yang layak.,negara bertanggung jawab atas penyediaan fasilitas pelayanan kesehatan dan fasilitas pelayanan umum yang layak negara bertanggung jawab atas penyediaan fasilitas pelayanan kesehatan dan fasilitas umum yang layak,negara bertanggung jawab atas penyediaan fasilitas pelayanan kesehatan fasilitas pelayanan umum layak negara bertanggung jawab atas penyediaan fasilitas pelayanan kesehatan fasilitas umum layak,-33,negatif
Taklimat Presiden pada Sidang Kabinet Paripurna,https://www.setneg.go.id/baca/index/taklimat_presiden_pada_sidang_kabinet_paripurna,"Saudara-saudara,Karena itulah kita menjalankan pemerintahan dengan bekerja dengan sangat keras.",saudara saudara karena itulah kita menjalankan pemerintahan dengan bekerja dengan sangat keras,saudara saudara itulah menjalankan pemerintahan bekerja sangat keras,-5,negatif
Taklimat Presiden pada Sidang Kabinet Paripurna,https://www.setneg.go.id/baca/index/taklimat_presiden_pada_sidang_kabinet_paripurna,Saya terima kasih kepada seluruh anggota kabinet.,saya terima kasih kepada seluruh anggota kabinet,terima kasih seluruh anggota kabinet,-5,negatif
Taklimat Presiden pada Sidang Kabinet Paripurna,https://www.setneg.go.id/baca/index/taklimat_presiden_pada_sidang_kabinet_paripurna,"Sebagian dari Saudara-saudara bekerja tanpa diawasi, karena saya konsentrasi kepada hal-hal penting dalam dua tahun ini.",sebagian dari saudara saudara bekerja tanpa diawasi karena saya konsentrasi kepada hal hal penting dalam dua tahun ini,sebagian saudara saudara bekerja diawasi saya konsentrasi hal penting dua tahun,-10,negatif
Taklimat Presiden pada Sidang Kabinet Paripurna,https://www.setneg.go.id/baca/index/taklimat_presiden_pada_sidang_kabinet_paripurna,"Tapi, saya lihat Saudara-saudara berinisiatif.",tapi saya lihat saudara saudara berinisiatif,saya lihat saudara saudara berinisiatif,0,netral
Taklimat Presiden pada Sidang Kabinet Paripurna,https://www.setneg.go.id/baca/index/taklimat_presiden_pada_sidang_kabinet_paripurna,Saudara-saudara masing-masing bekerja dan bersama kita telah mencapai prestasi-prestasi yang menurut saya cukup membanggakan.,saudara saudara masing masing bekerja dan bersama kita telah mencapai prestasi prestasi yang menurut saya cukup membanggakan,saudara saudara masing masing bekerja bersama telah mencapai prestasi prestasi menurut cukup membanggakan,2,positif
Taklimat Presiden pada Sidang Kabinet Paripurna,https://www.setneg.go.id/baca/index/taklimat_presiden_pada_sidang_kabinet_paripurna,Mungkin sedikit pemerintahan di dunia mencapai apa yang kita capai.,mungkin sedikit pemerintahan di dunia mencapai apa yang kita capai,mungkin sedikit pemerintahan dunia mencapai apa kita capai,-15,negatif
Taklimat Presiden pada Sidang Kabinet Paripurna,https://www.setneg.go.id/baca/index/taklimat_presiden_pada_sidang_kabinet_paripurna,Masalahnya masih lebih banyak.,masalahnya masih lebih banyak,masalahnya lebih banyak,-2,negatif
Taklimat Presiden pada Sidang Kabinet Paripurna,https://www.setneg.go.id/baca/index/taklimat_presiden_pada_sidang_kabinet_paripurna,Cita-cita kita lebih besar.,cita cita kita lebih besar,cita cita lebih besar,-1,negatif
Taklimat Presiden pada Sidang Kabinet Paripurna,https://www.setneg.go.id/baca/index/taklimat_presiden_pada_sidang_kabinet_paripurna,Pekerjaan kita masih banyak.,pekerjaan kita masih banyak,pekerjaan masih banyak,0,netral
Taklimat Presiden pada Sidang Kabinet Paripurna,https://www.setneg.go.id/baca/index/taklimat_presiden_pada_sidang_kabinet_paripurna,"Perjalanan, perjuangan kita masih jauh.",perjalanan perjuangan kita masih jauh,perjalanan perjuangan masih jauh,-4,negatif
Taklimat Presiden pada Sidang Kabinet Paripurna,https://www.setneg.go.id/baca/index/taklimat_presiden_pada_sidang_kabinet_paripurna,"Tapi, kita sudah melihat sekarang apa yang kita sudah capai.",tapi kita sudah melihat sekarang apa yang kita sudah capai,kita melihat sekarang apa kita capai,-5,negatif
Taklimat Presiden pada Sidang Kabinet Paripurna,https://www.setneg.go.id/baca/index/taklimat_presiden_pada_sidang_kabinet_paripurna,"Bulan ini akan kolaps, bulan ini akan kolaps, bulan ini akan kolaps.",bulan ini akan kolaps bulan ini akan kolaps bulan ini akan kolaps,bulan akan kolaps bulan akan kolaps bulan akan kolaps,-18,negatif
Taklimat Presiden pada Sidang Kabinet Paripurna,https://www.setneg.go.id/baca/index/taklimat_presiden_pada_sidang_kabinet_paripurna,"Ternyata, semakin hari makin kuat.",ternyata semakin hari makin kuat,ternyata semakin hari makin kuat,1,positif
Taklimat Presiden pada Sidang Kabinet Paripurna,https://www.setneg.go.id/baca/index/taklimat_presiden_pada_sidang_kabinet_paripurna,"Makin hari, makin kuat.",makin hari makin kuat,makin hari makin kuat,1,positif
Taklimat Presiden pada Sidang Kabinet Paripurna,https://www.setneg.go.id/baca/index/taklimat_presiden_pada_sidang_kabinet_paripurna,Dunia sedang perang.,dunia sedang perang,dunia sedang perang,-5,negatif
Taklimat Presiden pada Sidang Kabinet Paripurna,https://www.setneg.go.id/baca/index/taklimat_presiden_pada_sidang_kabinet_paripurna,Banyak negara termasuk risau dan panik masalah pangan.,banyak negara termasuk risau dan panik masalah pangan,banyak negara termasuk risau panik masalah pangan,-14,negatif
Taklimat Presiden pada Sidang Kabinet Paripurna,https://www.setneg.go.id/baca/index/taklimat_presiden_pada_sidang_kabinet_paripurna,Kita sudah duluan swasembada pangan.,kita sudah duluan swasembada pangan,sudah duluan swasembada pangan,-4,negatif
Taklimat Presiden pada Sidang Kabinet Paripurna,https://www.setneg.go.id/baca/index/taklimat_presiden_pada_sidang_kabinet_paripurna,"Masalah energi pun, kita menghadapi kesulitan, tapi kita lebih siap dari yang lain.",masalah energi pun kita menghadapi kesulitan tapi kita lebih siap dari yang lain,masalah energi kita menghadapi kesulitan kita lebih siap yang,-9,negatif
Taklimat Presiden pada Sidang Kabinet Paripurna,https://www.setneg.go.id/baca/index/taklimat_presiden_pada_sidang_kabinet_paripurna,"Ini bukan untuk membuat kita lengah, ini bukan untuk membuat kita cepat puas.",ini bukan untuk membuat kita lengah ini bukan untuk membuat kita cepat puas,bukan membuat lengah bukan membuat cepat puas,-8,negatif
Taklimat Presiden pada Sidang Kabinet Paripurna,https://www.setneg.go.id/baca/index/taklimat_presiden_pada_sidang_kabinet_paripurna,Tidak.,tidak,,0,netral
Taklimat Presiden pada Sidang Kabinet Paripurna,https://www.setneg.go.id/baca/index/taklimat_presiden_pada_sidang_kabinet_paripurna,"Tapi, Saudara-saudara, capaian Kabinet Merah Putih yang 110, 112 masalah itu saya minta dibagikan ke Saudara-saudara sekalian.",tapi saudara saudara capaian kabinet merah putih yang masalah itu saya minta dibagikan ke saudara saudara sekalian,saudara saudara capaian kabinet merah putih masalah saya minta dibagikan saudara saudara sekalian,-16,negatif
Taklimat Presiden pada Sidang Kabinet Paripurna,https://www.setneg.go.id/baca/index/taklimat_presiden_pada_sidang_kabinet_paripurna,"Mudah-mudahan ada, ya.",mudah mudahan ada ya,mudah mudahan ya,4,positif
Taklimat Presiden pada Sidang Kabinet Paripurna,https://www.setneg.go.id/baca/index/taklimat_presiden_pada_sidang_kabinet_paripurna,Bukunya sudah dibagikan?,bukunya sudah dibagikan,bukunya dibagikan,0,netral
Taklimat Presiden pada Sidang Kabinet Paripurna,https://www.setneg.go.id/baca/index/taklimat_presiden_pada_sidang_kabinet_paripurna,Sudah dibagikan?,sudah dibagikan,dibagikan,0,netral
Taklimat Presiden pada Sidang Kabinet Paripurna,https://www.setneg.go.id/baca/index/taklimat_presiden_pada_sidang_kabinet_paripurna,"Ya, dibagikan bukan disiapkan.",ya dibagikan bukan disiapkan,dibagikan bukan disiapkan,-3,negatif
Taklimat Presiden pada Sidang Kabinet Paripurna,https://www.setneg.go.id/baca/index/taklimat_presiden_pada_sidang_kabinet_paripurna,Saya minta dibagikan.,saya minta dibagikan,minta dibagikan,-3,negatif
Taklimat Presiden pada Sidang Kabinet Paripurna,https://www.setneg.go.id/baca/index/taklimat_presiden_pada_sidang_kabinet_paripurna,Jadi ada di depan para Menteri dan Wakil Menteri.,jadi ada di depan para menteri dan wakil menteri,jadi di depan menteri wakil menteri,-2,negatif
Taklimat Presiden pada Sidang Kabinet Paripurna,https://www.setneg.go.id/baca/index/taklimat_presiden_pada_sidang_kabinet_paripurna,"Bagikan sekarang, kalau ada.",bagikan sekarang kalau ada,bagikan sekarang kalau,-1,negatif
Taklimat Presiden pada Sidang Kabinet Paripurna,https://www.setneg.go.id/baca/index/taklimat_presiden_pada_sidang_kabinet_paripurna,"Saudara-saudara,Prestasi kita cukup besar.",saudara saudara prestasi kita cukup besar,saudara saudara prestasi cukup besar,-7,negatif
Taklimat Presiden pada Sidang Kabinet Paripurna,https://www.setneg.go.id/baca/index/taklimat_presiden_pada_sidang_kabinet_paripurna,Prestasi kita nanti sejarah akan mencatat.,prestasi kita nanti sejarah akan mencatat,prestasi nanti sejarah mencatat,-2,negatif
Taklimat Presiden pada Sidang Kabinet Paripurna,https://www.setneg.go.id/baca/index/taklimat_presiden_pada_sidang_kabinet_paripurna,"Tadi saya sudah sebut, kita sudah swasembada pangan delapan komoditas pangan.",tadi saya sudah sebut kita sudah swasembada pangan delapan komoditas pangan,tadi sudah sebut sudah swasembada pangan delapan komoditas pangan,-4,negatif
Taklimat Presiden pada Sidang Kabinet Paripurna,https://www.setneg.go.id/baca/index/taklimat_presiden_pada_sidang_kabinet_paripurna,Cadangan beras kita tertinggi selama sejarah NKRI.,cadangan beras kita tertinggi selama sejarah nkri,cadangan beras tertinggi selama sejarah nkri,5,positif
Taklimat Presiden pada Sidang Kabinet Paripurna,https://www.setneg.go.id/baca/index/taklimat_presiden_pada_sidang_kabinet_paripurna,Nilai tukar petani kita tertinggi selama sejarah NKRI.,nilai tukar petani kita tertinggi selama sejarah nkri,nilai tukar petani tertinggi selama sejarah nkri,5,positif
Taklimat Presiden pada Sidang Kabinet Paripurna,https://www.setneg.go.id/baca/index/taklimat_presiden_pada_sidang_kabinet_paripurna,Kita sudah mencetak atau menghasilkan B50.,kita sudah mencetak atau menghasilkan b,sudah mencetak menghasilkan b,-7,negatif
Taklimat Presiden pada Sidang Kabinet Paripurna,https://www.setneg.go.id/baca/index/taklimat_presiden_pada_sidang_kabinet_paripurna,"Solar dari kelapa sawit, 50 persen.",solar dari kelapa sawit persen,solar kelapa sawit persen,2,positif
Taklimat Presiden pada Sidang Kabinet Paripurna,https://www.setneg.go.id/baca/index/taklimat_presiden_pada_sidang_kabinet_paripurna,Kita tidak impor lagi solar.,kita tidak impor lagi solar,tidak impor solar,-5,negatif
Taklimat Presiden pada Sidang Kabinet Paripurna,https://www.setneg.go.id/baca/index/taklimat_presiden_pada_sidang_kabinet_paripurna,Yang waktu itu banyak juga perlawanan.,yang waktu itu banyak juga perlawanan,waktu banyak perlawanan,-8,negatif
Taklimat Presiden pada Sidang Kabinet Paripurna,https://www.setneg.go.id/baca/index/taklimat_presiden_pada_sidang_kabinet_paripurna,Ada yang bilang pabrik-pabrik mesin tidak akan dukung kita dan sebagainya.,ada yang bilang pabrik pabrik mesin tidak akan dukung kita dan sebagainya,yang bilang pabrik pabrik mesin akan dukung dan sebagainya,-1,negatif
Taklimat Presiden pada Sidang Kabinet Paripurna,https://www.setneg.go.id/baca/index/taklimat_presiden_pada_sidang_kabinet_paripurna,Menakut-nakuti kita.,menakut nakuti kita,menakut nakuti,0,netral
Taklimat Presiden pada Sidang Kabinet Paripurna,https://www.setneg.go.id/baca/index/taklimat_presiden_pada_sidang_kabinet_paripurna,"Kita bangsa Indonesia yang 287 juta ini, pemimpinnya selalu ditakut-takuti, supaya kita memimpin dengan ketakutan.",kita bangsa indonesia yang juta ini pemimpinnya selalu ditakut takuti supaya kita memimpin dengan ketakutan,bangsa indonesia juta pemimpinnya selalu ditakut takuti kita memimpin ketakutan,-2,negatif
Taklimat Presiden pada Sidang Kabinet Paripurna,https://www.setneg.go.id/baca/index/taklimat_presiden_pada_sidang_kabinet_paripurna,"Takut dengan pasar, takut dengan ini, takut denganrating agency, takut dengan itu.",takut dengan pasar takut dengan ini takut denganrating agency takut dengan itu,takut pasar takut ini takut denganrating agency takut itu,-18,negatif
Taklimat Presiden pada Sidang Kabinet Paripurna,https://www.setneg.go.id/baca/index/taklimat_presiden_pada_sidang_kabinet_paripurna,"Kita percaya kepada kekuatan kita sendiri, kita percaya kepada hal-hal yang asasi, yangbasic.Basicbukan menurut selera kita.Basicmenurut pakar-pakar dunia.Basicmenurut PBB.Sustainable Development Goals (SDGs),Saudara-saudara.",kita percaya kepada kekuatan kita sendiri kita percaya kepada hal hal yang asasi yangbasic basicbukan menurut selera kita basicmenurut pakar pakar dunia basicmenurut pbb sustainable development goals sdgs saudara saudara,percaya kekuatan sendiri percaya hal yang asasi yangbasic basicbukan selera basicmenurut pakar pakar dunia basicmenurut pbb sustainable development goals sdgs saudara saudara,-5,negatif
Taklimat Presiden pada Sidang Kabinet Paripurna,https://www.setneg.go.id/baca/index/taklimat_presiden_pada_sidang_kabinet_paripurna,"PBB sudah meramalkan bahaya kelaparan.Food, energy, water.Bahaya kelaparan.",pbb sudah meramalkan bahaya kelaparan food energy water bahaya kelaparan,pbb meramalkan bahaya kelaparan food energy water bahaya kelaparan,-12,negatif
Taklimat Presiden pada Sidang Kabinet Paripurna,https://www.setneg.go.id/baca/index/taklimat_presiden_pada_sidang_kabinet_paripurna,Mereka canangkan SDG pertama untuk semua bangsa di dunia.,mereka canangkan sdg pertama untuk semua bangsa di dunia,canangkan sdg pertama semua bangsa dunia,-5,negatif
Taklimat Presiden pada Sidang Kabinet Paripurna,https://www.setneg.go.id/baca/index/taklimat_presiden_pada_sidang_kabinet_paripurna,SDG pertama adalahNo Poverty.,sdg pertama adalahno poverty,sdg pertama adalahno poverty,0,netral
Taklimat Presiden pada Sidang Kabinet Paripurna,https://www.setneg.go.id/baca/index/taklimat_presiden_pada_sidang_kabinet_paripurna,Tidak ada kemiskinan.,tidak ada kemiskinan,ada kemiskinan,-3,negatif
Taklimat Presiden pada Sidang Kabinet Paripurna,https://www.setneg.go.id/baca/index/taklimat_presiden_pada_sidang_kabinet_paripurna,"Kalau kita mau bantu rakyat kita yang miskin, dibilang pemborosan.",kalau kita mau bantu rakyat kita yang miskin dibilang pemborosan,kalau mau bantu rakyat yang miskin dibilang pemborosan,-16,negatif
Taklimat Presiden pada Sidang Kabinet Paripurna,https://www.setneg.go.id/baca/index/taklimat_presiden_pada_sidang_kabinet_paripurna,"Kalau kecurangan, penyelundupan, diam.",kalau kecurangan penyelundupan diam,kalau kecurangan penyelundupan diam,-4,negatif
Taklimat Presiden pada Sidang Kabinet Paripurna,https://www.setneg.go.id/baca/index/taklimat_presiden_pada_sidang_kabinet_paripurna,"Orang besar kasih kredit terus, triliunan.",orang besar kasih kredit terus triliunan,orang besar kasih kredit terus triliunan,-3,negatif
Taklimat Presiden pada Sidang Kabinet Paripurna,https://www.setneg.go.id/baca/index/taklimat_presiden_pada_sidang_kabinet_paripurna,Orang kecil enggak boleh terima apa-apa.,orang kecil enggak boleh terima apa apa,orang kecil enggak terima apa apa,-7,negatif
Taklimat Presiden pada Sidang Kabinet Paripurna,https://www.setneg.go.id/baca/index/taklimat_presiden_pada_sidang_kabinet_paripurna,Zero Hunger.,zero hunger,zero hunger,-3,negatif
Taklimat Presiden pada Sidang Kabinet Paripurna,https://www.setneg.go.id/baca/index/taklimat_presiden_pada_sidang_kabinet_paripurna,"Zero Hunger, tidak boleh ada orang Indonesia yang lapar.",zero hunger tidak boleh ada orang indonesia yang lapar,zero hunger boleh orang indonesia lapar,-6,negatif
Taklimat Presiden pada Sidang Kabinet Paripurna,https://www.setneg.go.id/baca/index/taklimat_presiden_pada_sidang_kabinet_paripurna,"Saya minta, belajar.",saya minta belajar,minta belajar,0,netral
Taklimat Presiden pada Sidang Kabinet Paripurna,https://www.setneg.go.id/baca/index/taklimat_presiden_pada_sidang_kabinet_paripurna,Kita belajar dari negara-negara lain.,kita belajar dari negara negara lain,belajar negara negara,3,positif
Taklimat Presiden pada Sidang Kabinet Paripurna,https://www.setneg.go.id/baca/index/taklimat_presiden_pada_sidang_kabinet_paripurna,Jangan malu belajar.,jangan malu belajar,jangan malu belajar,-4,negatif
Taklimat Presiden pada Sidang Kabinet Paripurna,https://www.setneg.go.id/baca/index/taklimat_presiden_pada_sidang_kabinet_paripurna,"Kirim tim ke India, kirim tim ke Brasil, kirim tim ke Tiongkok, kirim tim ke negara-negara Vietnam, belajar bagaimana mereka hilangkan kelaparan.",kirim tim ke india kirim tim ke brasil kirim tim ke tiongkok kirim tim ke negara negara vietnam belajar bagaimana mereka hilangkan kelaparan,kirim tim india kirim tim brasil kirim tim tiongkok kirim tim negara negara vietnam belajar bagaimana hilangkan kelaparan,-5,negatif
Taklimat Presiden pada Sidang Kabinet Paripurna,https://www.setneg.go.id/baca/index/taklimat_presiden_pada_sidang_kabinet_paripurna,Tidak boleh anggota G20 Indonesia ada rakyat yang lapar.,tidak boleh anggota g indonesia ada rakyat yang lapar,boleh anggota g indonesia rakyat lapar,-6,negatif
Taklimat Presiden pada Sidang Kabinet Paripurna,https://www.setneg.go.id/baca/index/taklimat_presiden_pada_sidang_kabinet_paripurna,"SDG ketiga,Good Health and Wellbeing.Nomor empat,Quality Education.Lima,Gender Equality.Enam,Clean Water.Tujuh,Affordable and Clean Energy.[Delapan],Decent Work and Economic Growth.[Sembilan],Industry, Innovation, Infrastructure.[Sepuluh],Reduced Inequalities.",sdg ketiga good health and wellbeing nomor empat quality education lima gender equality enam clean water tujuh affordable and clean energy delapan decent work and economic growth sembilan industry innovation infrastructure sepuluh reduced inequalities,sdg ketiga good health and wellbeing nomor empat quality education lima gender equality enam clean water tujuh affordable and clean energy delapan decent work and economic growth sembilan industry innovation infrastructure sepuluh reduced inequalities,5,positif
Taklimat Presiden pada Sidang Kabinet Paripurna,https://www.setneg.go.id/baca/index/taklimat_presiden_pada_sidang_kabinet_paripurna,"Saudara-saudara,Ini yang kita sedang kerjakan.",saudara saudara ini yang kita sedang kerjakan,saudara saudara yang sedang kerjakan,-5,negatif
Taklimat Presiden pada Sidang Kabinet Paripurna,https://www.setneg.go.id/baca/index/taklimat_presiden_pada_sidang_kabinet_paripurna,"Ini yang sedang kita kerjakan, Saudara-saudara, ya.",ini yang sedang kita kerjakan saudara saudara ya,yang sedang kerjakan saudara saudara,-5,negatif
Taklimat Presiden pada Sidang Kabinet Paripurna,https://www.setneg.go.id/baca/index/taklimat_presiden_pada_sidang_kabinet_paripurna,Jadi jangan ragu-ragu.,jadi jangan ragu ragu,jadi jangan ragu ragu,-11,negatif
Taklimat Presiden pada Sidang Kabinet Paripurna,https://www.setneg.go.id/baca/index/taklimat_presiden_pada_sidang_kabinet_paripurna,"Kita berada di jalan yang benar, kita berada di jalan yang rasional.",kita berada di jalan yang benar kita berada di jalan yang rasional,berada jalan benar berada jalan rasional,4,positif
Taklimat Presiden pada Sidang Kabinet Paripurna,https://www.setneg.go.id/baca/index/taklimat_presiden_pada_sidang_kabinet_paripurna,"Yang tidak rasional adalah tadi,illegal mining, illegalkebun,illegal logging, penyelundupan,under-invoicing,transferpricing.",yang tidak rasional adalah tadi illegal mining illegalkebun illegal logging penyelundupan under invoicing transferpricing,tidak rasional tadi illegal mining illegalkebun illegal logging penyelundupan under invoicing transferpricing,-5,negatif
Taklimat Presiden pada Sidang Kabinet Paripurna,https://www.setneg.go.id/baca/index/taklimat_presiden_pada_sidang_kabinet_paripurna,Itu adalahfraud.,itu adalahfraud,adalahfraud,0,netral
Taklimat Presiden pada Sidang Kabinet Paripurna,https://www.setneg.go.id/baca/index/taklimat_presiden_pada_sidang_kabinet_paripurna,Itu adalah pidana.,itu adalah pidana,adalah pidana,0,netral
Taklimat Presiden pada Sidang Kabinet Paripurna,https://www.setneg.go.id/baca/index/taklimat_presiden_pada_sidang_kabinet_paripurna,"Itu adalah, itu yang tidak rasional.",itu adalah itu yang tidak rasional,adalah yang rasional,-5,negatif
Taklimat Presiden pada Sidang Kabinet Paripurna,https://www.setneg.go.id/baca/index/taklimat_presiden_pada_sidang_kabinet_paripurna,Jangan dibalik.,jangan dibalik,jangan dibalik,-6,negatif
Taklimat Presiden pada Sidang Kabinet Paripurna,https://www.setneg.go.id/baca/index/taklimat_presiden_pada_sidang_kabinet_paripurna,"Yang sudah diramalkan zaman edan, yang benar disalahkan, ya, kan.",yang sudah diramalkan zaman edan yang benar disalahkan ya kan,sudah diramalkan zaman edan benar disalahkan kan,-9,negatif
Taklimat Presiden pada Sidang Kabinet Paripurna,https://www.setneg.go.id/baca/index/taklimat_presiden_pada_sidang_kabinet_paripurna,Yang salah dibenarkan.,yang salah dibenarkan,salah dibenarkan,-4,negatif
Taklimat Presiden pada Sidang Kabinet Paripurna,https://www.setneg.go.id/baca/index/taklimat_presiden_pada_sidang_kabinet_paripurna,Ini tidak.,ini tidak,tidak,-5,negatif
Taklimat Presiden pada Sidang Kabinet Paripurna,https://www.setneg.go.id/baca/index/taklimat_presiden_pada_sidang_kabinet_paripurna,Kita yakin kita di atas jalan yang benar.,kita yakin kita di atas jalan yang benar,yakin di atas jalan benar,-5,negatif
Taklimat Presiden pada Sidang Kabinet Paripurna,https://www.setneg.go.id/baca/index/taklimat_presiden_pada_sidang_kabinet_paripurna,"Jadi, Saudara-saudara, salah satu prestasi kita yang nanti akan dikenang oleh sejarah, saya percaya, untuk pertama kali dalam sejarah bangsa Indonesia, kita telah berhasil membangun satu dana kedaulatan yang kita sebut Danantara.",jadi saudara saudara salah satu prestasi kita yang nanti akan dikenang oleh sejarah saya percaya untuk pertama kali dalam sejarah bangsa indonesia kita telah berhasil membangun satu dana kedaulatan yang kita sebut danantara,jadi saudara saudara salah satu prestasi akan dikenang sejarah percaya pertama kali sejarah bangsa indonesia telah berhasil membangun satu dana kedaulatan yang kita sebut danantara,-4,negatif
Taklimat Presiden pada Sidang Kabinet Paripurna,https://www.setneg.go.id/baca/index/taklimat_presiden_pada_sidang_kabinet_paripurna,Dana kedaulatan.,dana kedaulatan,dana kedaulatan,4,positif
Taklimat Presiden pada Sidang Kabinet Paripurna,https://www.setneg.go.id/baca/index/taklimat_presiden_pada_sidang_kabinet_paripurna,Danantara singkatan Daya Anagata Nusantara.,danantara singkatan daya anagata nusantara,danantara singkatan daya anagata nusantara,0,netral
Taklimat Presiden pada Sidang Kabinet Paripurna,https://www.setneg.go.id/baca/index/taklimat_presiden_pada_sidang_kabinet_paripurna,"Daya, energi.",daya energi,daya energi,3,positif
Taklimat Presiden pada Sidang Kabinet Paripurna,https://www.setneg.go.id/baca/index/taklimat_presiden_pada_sidang_kabinet_paripurna,"Anagata, masa depan.",anagata masa depan,anagata masa depan,0,netral
Taklimat Presiden pada Sidang Kabinet Paripurna,https://www.setneg.go.id/baca/index/taklimat_presiden_pada_sidang_kabinet_paripurna,"Nusantara, tanah air kita.",nusantara tanah air kita,nusantara tanah air,-1,negatif
Taklimat Presiden pada Sidang Kabinet Paripurna,https://www.setneg.go.id/baca/index/taklimat_presiden_pada_sidang_kabinet_paripurna,"Jadi, Danantara adalah suatu dana kedaulatan di mana tabungan-tabungan, kekayaan aset-aset negara disatukan, dikonsolidasi, di-managedengan rapi dan ini menjadi cadangan.",jadi danantara adalah suatu dana kedaulatan di mana tabungan tabungan kekayaan aset aset negara disatukan dikonsolidasi di managedengan rapi dan ini menjadi cadangan,jadi danantara suatu dana kedaulatan mana tabungan tabungan kekayaan aset aset negara disatukan dikonsolidasi managedengan rapi ini menjadi cadangan,-2,negatif
Taklimat Presiden pada Sidang Kabinet Paripurna,https://www.setneg.go.id/baca/index/taklimat_presiden_pada_sidang_kabinet_paripurna,"Ini menjadi energi untuk masa depan Indonesia, untuk anak, cucu, dan cicit kita.",ini menjadi energi untuk masa depan indonesia untuk anak cucu dan cicit kita,menjadi energi masa depan indonesia anak cucu cicit,0,netral
Taklimat Presiden pada Sidang Kabinet Paripurna,https://www.setneg.go.id/baca/index/taklimat_presiden_pada_sidang_kabinet_paripurna,"Dan, alhamdulillah, kita untuk pertama kali dalam sejarah kita punya dana kedaulatan ini, danantara ini yang nilai asetnya bernilai lebih dari seribu miliar dolar.",dan alhamdulillah kita untuk pertama kali dalam sejarah kita punya dana kedaulatan ini danantara ini yang nilai asetnya bernilai lebih dari seribu miliar dolar,alhamdulillah untuk pertama kali sejarah punya dana kedaulatan danantara yang nilai asetnya bernilai lebih seribu miliar dolar,15,positif
Taklimat Presiden pada Sidang Kabinet Paripurna,https://www.setneg.go.id/baca/index/taklimat_presiden_pada_sidang_kabinet_paripurna,"Yang selama ini sering tidak bisa kita pantau, sering kita tidak mengerti kekayaan kita di mana.",yang selama ini sering tidak bisa kita pantau sering kita tidak mengerti kekayaan kita di mana,selama sering bisa pantau sering tidak mengerti kekayaan di mana,3,positif
Taklimat Presiden pada Sidang Kabinet Paripurna,https://www.setneg.go.id/baca/index/taklimat_presiden_pada_sidang_kabinet_paripurna,"Saudara-saudara,Saya masuk kabinet sebelum ini, kabinetnya Presiden Joko Widodo.",saudara saudara saya masuk kabinet sebelum ini kabinetnya presiden joko widodo,saudara saudara masuk kabinet ini kabinetnya presiden joko widodo,-3,negatif
Taklimat Presiden pada Sidang Kabinet Paripurna,https://www.setneg.go.id/baca/index/taklimat_presiden_pada_sidang_kabinet_paripurna,"Saya mengikuti, tapi saya belum menguasai angka-angka.",saya mengikuti tapi saya belum menguasai angka angka,mengikuti saya menguasai angka angka,0,netral
Taklimat Presiden pada Sidang Kabinet Paripurna,https://www.setneg.go.id/baca/index/taklimat_presiden_pada_sidang_kabinet_paripurna,"Saya sendiri anggota kabinet, saya mengira bahwa jumlah BUMN itu berkisar di antara 300 sampai 350.",saya sendiri anggota kabinet saya mengira bahwa jumlah bumn itu berkisar di antara sampai,sendiri anggota kabinet mengira jumlah bumn berkisar antara,-12,negatif
Taklimat Presiden pada Sidang Kabinet Paripurna,https://www.setneg.go.id/baca/index/taklimat_presiden_pada_sidang_kabinet_paripurna,Saya kaget.,saya kaget,kaget,-3,negatif
Taklimat Presiden pada Sidang Kabinet Paripurna,https://www.setneg.go.id/baca/index/taklimat_presiden_pada_sidang_kabinet_paripurna,"Waktu saya jadi Presiden saya diberi laporan, BUMN itu jumlahnya 1.077.",waktu saya jadi presiden saya diberi laporan bumn itu jumlahnya,waktu jadi presiden diberi laporan bumn jumlahnya,-4,negatif
Taklimat Presiden pada Sidang Kabinet Paripurna,https://www.setneg.go.id/baca/index/taklimat_presiden_pada_sidang_kabinet_paripurna,"Dan, ini harus kita cek lagi.",dan ini harus kita cek lagi,ini kita cek,-4,negatif
Taklimat Presiden pada Sidang Kabinet Paripurna,https://www.setneg.go.id/baca/index/taklimat_presiden_pada_sidang_kabinet_paripurna,"Ada BUMN yang bikin anak perusahaan, dia bikin lagi cucu perusahaan, dia bikin lagi cicit perusahaan.",ada bumn yang bikin anak perusahaan dia bikin lagi cucu perusahaan dia bikin lagi cicit perusahaan,bumn bikin anak perusahaan bikin cucu perusahaan bikin cicit perusahaan,6,positif
Taklimat Presiden pada Sidang Kabinet Paripurna,https://www.setneg.go.id/baca/index/taklimat_presiden_pada_sidang_kabinet_paripurna,"Dan, saya terima kasih.",dan saya terima kasih,saya terima kasih,-2,negatif
Taklimat Presiden pada Sidang Kabinet Paripurna,https://www.setneg.go.id/baca/index/taklimat_presiden_pada_sidang_kabinet_paripurna,"Saya bangga pimpinan daripada Danantara dalam tahun pertama, 18 bulan pertama, sudah berhasil mengurangi jumlah tersebut.",saya bangga pimpinan daripada danantara dalam tahun pertama bulan pertama sudah berhasil mengurangi jumlah tersebut,bangga pimpinan danantara tahun pertama bulan pertama berhasil mengurangi jumlah tersebut,5,positif
Taklimat Presiden pada Sidang Kabinet Paripurna,https://www.setneg.go.id/baca/index/taklimat_presiden_pada_sidang_kabinet_paripurna,"Dari 1.077, di akhir bulan ini, di akhir 31 Juli, mereka sudah menutup, mengonsolidasikan, memerger, sehingga dari 1.077 berkurang 250 BUMN.",dari di akhir bulan ini di akhir juli mereka sudah menutup mengonsolidasikan memerger sehingga dari berkurang bumn,di akhir bulan di akhir juli sudah menutup mengonsolidasikan memerger dari berkurang bumn,-12,negatif
Taklimat Presiden pada Sidang Kabinet Paripurna,https://www.setneg.go.id/baca/index/taklimat_presiden_pada_sidang_kabinet_paripurna,"Sudah berkurang 250, nah ini boleh tepuk tangan, dong.",sudah berkurang nah ini boleh tepuk tangan dong,berkurang nah boleh tepuk tangan dong,0,netral
Taklimat Presiden pada Sidang Kabinet Paripurna,https://www.setneg.go.id/baca/index/taklimat_presiden_pada_sidang_kabinet_paripurna,Tepuk tangan.,tepuk tangan,tepuk tangan,1,positif
Taklimat Presiden pada Sidang Kabinet Paripurna,https://www.setneg.go.id/baca/index/taklimat_presiden_pada_sidang_kabinet_paripurna,Saya kira.,saya kira,kira,-2,negatif
Taklimat Presiden pada Sidang Kabinet Paripurna,https://www.setneg.go.id/baca/index/taklimat_presiden_pada_sidang_kabinet_paripurna,"Maaf, ya.",maaf ya,maaf,-3,negatif
Taklimat Presiden pada Sidang Kabinet Paripurna,https://www.setneg.go.id/baca/index/taklimat_presiden_pada_sidang_kabinet_paripurna,"Mungkin ketua DEN, Pak Luhut, bisa dicek di dunia, mana ada negara yang menutupstate owned enterprise250 dalam satu tahun.",mungkin ketua den pak luhut bisa dicek di dunia mana ada negara yang menutupstate owned enterprise dalam satu tahun,mungkin ketua den pak luhut dicek dunia mana negara menutupstate owned enterprise satu tahun,-4,negatif
Taklimat Presiden pada Sidang Kabinet Paripurna,https://www.setneg.go.id/baca/index/taklimat_presiden_pada_sidang_kabinet_paripurna,"Dan, mereka menyanggupi.",dan mereka menyanggupi,mereka menyanggupi,-5,negatif
Taklimat Presiden pada Sidang Kabinet Paripurna,https://www.setneg.go.id/baca/index/taklimat_presiden_pada_sidang_kabinet_paripurna,"Laporan ke saya, “Pak, Desember 31 tahun 2021, jumlah BUMN kita, dari 1.077 akan maksimal 350.” Berarti, di akhir 2026 mungkin 700 BUMN yang akan kita tutup, kita merger, kita konsolidasi.",laporan ke saya pak desember tahun jumlah bumn kita dari akan maksimal berarti di akhir mungkin bumn yang akan kita tutup kita merger kita konsolidasi,laporan saya pak desember tahun jumlah bumn dari maksimal berarti akhir mungkin bumn akan tutup merger konsolidasi,-4,negatif
Taklimat Presiden pada Sidang Kabinet Paripurna,https://www.setneg.go.id/baca/index/taklimat_presiden_pada_sidang_kabinet_paripurna,Berkurang dari 1.077 akan menjadi maksimal 350.,berkurang dari akan menjadi maksimal,berkurang akan menjadi maksimal,0,netral
Taklimat Presiden pada Sidang Kabinet Paripurna,https://www.setneg.go.id/baca/index/taklimat_presiden_pada_sidang_kabinet_paripurna,"Dan mereka laporan, dengan ditutupnya 250, 250 BUMN,overhead, biaya rutin yang bisa diselamatkan adalah 50 triliun, 50 triliun.",dan mereka laporan dengan ditutupnya bumn overhead biaya rutin yang bisa diselamatkan adalah triliun triliun,mereka laporan ditutupnya bumn overhead biaya rutin bisa diselamatkan triliun triliun,-5,negatif
Taklimat Presiden pada Sidang Kabinet Paripurna,https://www.setneg.go.id/baca/index/taklimat_presiden_pada_sidang_kabinet_paripurna,"Gaji direksi, gaji komisaris, sewa gedung, bayar listrik, bayar transport, bayar ini, rapat kerja, 50 triliun.",gaji direksi gaji komisaris sewa gedung bayar listrik bayar transport bayar ini rapat kerja triliun,gaji direksi gaji komisaris sewa gedung bayar listrik bayar transport bayar rapat kerja triliun,-13,negatif
Taklimat Presiden pada Sidang Kabinet Paripurna,https://www.setneg.go.id/baca/index/taklimat_presiden_pada_sidang_kabinet_paripurna,"Desember 31, saya kira ini mungkin angka penghematan bisa naik.",desember saya kira ini mungkin angka penghematan bisa naik,desember kira mungkin angka penghematan naik,-2,negatif
Taklimat Presiden pada Sidang Kabinet Paripurna,https://www.setneg.go.id/baca/index/taklimat_presiden_pada_sidang_kabinet_paripurna,"Bisa-bisa, bisa mendekati 70-80 triliun.",bisa bisa bisa mendekati triliun,bisa mendekati triliun,0,netral
Taklimat Presiden pada Sidang Kabinet Paripurna,https://www.setneg.go.id/baca/index/taklimat_presiden_pada_sidang_kabinet_paripurna,Saya terima kasih dari pimpinan Danantara.,saya terima kasih dari pimpinan danantara,terima kasih pimpinan danantara,1,positif
Taklimat Presiden pada Sidang Kabinet Paripurna,https://www.setneg.go.id/baca/index/taklimat_presiden_pada_sidang_kabinet_paripurna,"Kemudian, untuk menghadapi fenomena tadi.",kemudian untuk menghadapi fenomena tadi,kemudian menghadapi fenomena tadi,0,netral
Taklimat Presiden pada Sidang Kabinet Paripurna,https://www.setneg.go.id/baca/index/taklimat_presiden_pada_sidang_kabinet_paripurna,Ini prestasi yang lain.,ini prestasi yang lain,prestasi lain,-4,negatif
Taklimat Presiden pada Sidang Kabinet Paripurna,https://www.setneg.go.id/baca/index/taklimat_presiden_pada_sidang_kabinet_paripurna,"Saya kira, Proyek Abadi, Gas Abadi Masela, 28 tahun mangkrak.",saya kira proyek abadi gas abadi masela tahun mangkrak,kira proyek abadi gas abadi masela tahun mangkrak,2,positif
Taklimat Presiden pada Sidang Kabinet Paripurna,https://www.setneg.go.id/baca/index/taklimat_presiden_pada_sidang_kabinet_paripurna,Saya berangkat ke Tokyo.,saya berangkat ke tokyo,berangkat tokyo,-4,negatif
Taklimat Presiden pada Sidang Kabinet Paripurna,https://www.setneg.go.id/baca/index/taklimat_presiden_pada_sidang_kabinet_paripurna,Saya ketemu pimpinannya perusahaan-perusahaan Jepang itu.,saya ketemu pimpinannya perusahaan perusahaan jepang itu,ketemu pimpinannya perusahaan perusahaan jepang,7,positif
Taklimat Presiden pada Sidang Kabinet Paripurna,https://www.setneg.go.id/baca/index/taklimat_presiden_pada_sidang_kabinet_paripurna,"INPEX, ya.",inpex ya,inpex,0,netral
Taklimat Presiden pada Sidang Kabinet Paripurna,https://www.setneg.go.id/baca/index/taklimat_presiden_pada_sidang_kabinet_paripurna,INPEX.,inpex,inpex,0,netral
Taklimat Presiden pada Sidang Kabinet Paripurna,https://www.setneg.go.id/baca/index/taklimat_presiden_pada_sidang_kabinet_paripurna,"Saya sampaikan dengan baik dan sopan, “Saudara masih berminat enggak?",saya sampaikan dengan baik dan sopan saudara masih berminat enggak,sampaikan baik sopan saudara berminat enggak,-1,negatif
Taklimat Presiden pada Sidang Kabinet Paripurna,https://www.setneg.go.id/baca/index/taklimat_presiden_pada_sidang_kabinet_paripurna,"Kalau Saudara tidak berminat, saya akan alokasi, saya akan tunjuk perusahaan lain.” Sopan, tapi tegas.",kalau saudara tidak berminat saya akan alokasi saya akan tunjuk perusahaan lain sopan tapi tegas,kalau saudara berminat akan alokasi akan tunjuk perusahaan sopan tegas,2,positif
Taklimat Presiden pada Sidang Kabinet Paripurna,https://www.setneg.go.id/baca/index/taklimat_presiden_pada_sidang_kabinet_paripurna,"Ya sebagai bangsa Indonesia yang ramah enggak mungkin kita kasih ultimatum, kan.",ya sebagai bangsa indonesia yang ramah enggak mungkin kita kasih ultimatum kan,sebagai bangsa indonesia ramah enggak mungkin kasih ultimatum kan,-8,negatif
Taklimat Presiden pada Sidang Kabinet Paripurna,https://www.setneg.go.id/baca/index/taklimat_presiden_pada_sidang_kabinet_paripurna,"Bukan ultimatum itu, imbauan.",bukan ultimatum itu imbauan,bukan ultimatum imbauan,-3,negatif
Taklimat Presiden pada Sidang Kabinet Paripurna,https://www.setneg.go.id/baca/index/taklimat_presiden_pada_sidang_kabinet_paripurna,"Benar itu, saya, “Yang Mulia, apakah Jepang masih berminat?",benar itu saya yang mulia apakah jepang masih berminat,benar saya mulia jepang berminat,-7,negatif
Taklimat Presiden pada Sidang Kabinet Paripurna,https://www.setneg.go.id/baca/index/taklimat_presiden_pada_sidang_kabinet_paripurna,"Masalahnya, bangsa Indonesia sangat butuh energi, sangat butuh devisa.”
Habis itu, pulang-pulang, ya, kalau Menteri ESDM boleh saya tekan-tekan, ya.",masalahnya bangsa indonesia sangat butuh energi sangat butuh devisa habis itu pulang pulang ya kalau menteri esdm boleh saya tekan tekan ya,masalahnya bangsa indonesia sangat butuh energi sangat butuh devisa habis pulang pulang kalau menteri esdm saya tekan tekan,-30,negatif
Taklimat Presiden pada Sidang Kabinet Paripurna,https://www.setneg.go.id/baca/index/taklimat_presiden_pada_sidang_kabinet_paripurna,Enggak apa-apa.,enggak apa apa,enggak apa apa,-6,negatif
Taklimat Presiden pada Sidang Kabinet Paripurna,https://www.setneg.go.id/baca/index/taklimat_presiden_pada_sidang_kabinet_paripurna,"Saya bilang, “Menteri ESDM, enam bulan tidak ada kegiatan, cabut.” Sekarang kita tidak toleransi.",saya bilang menteri esdm enam bulan tidak ada kegiatan cabut sekarang kita tidak toleransi,bilang menteri esdm enam bulan ada kegiatan cabut sekarang tidak toleransi,-11,negatif
Taklimat Presiden pada Sidang Kabinet Paripurna,https://www.setneg.go.id/baca/index/taklimat_presiden_pada_sidang_kabinet_paripurna,"HGU, HGB, SIUP, izin.",hgu hgb siup izin,hgu hgb siup izin,-4,negatif
Taklimat Presiden pada Sidang Kabinet Paripurna,https://www.setneg.go.id/baca/index/taklimat_presiden_pada_sidang_kabinet_paripurna,Kita beri.,kita beri,beri,-2,negatif
Taklimat Presiden pada Sidang Kabinet Paripurna,https://www.setneg.go.id/baca/index/taklimat_presiden_pada_sidang_kabinet_paripurna,"Dua tahun tidak kegiatan, dua tahun tidak ada kegiatan, cabut.",dua tahun tidak kegiatan dua tahun tidak ada kegiatan cabut,tahun kegiatan tahun ada kegiatan cabut,-2,negatif
Taklimat Presiden pada Sidang Kabinet Paripurna,https://www.setneg.go.id/baca/index/taklimat_presiden_pada_sidang_kabinet_paripurna,"Untuk mengatasi segala praktik,under-invoicing, etc, etc,laporan palsu, saya kumpulkan KKSK, ya, Menteri Keuangan, Bank Indonesia, dengan OJK, dan tim ekonomi kita, kita telah kumpul di Istana Merdeka.",untuk mengatasi segala praktik under invoicing etc etc laporan palsu saya kumpulkan kksk ya menteri keuangan bank indonesia dengan ojk dan tim ekonomi kita kita telah kumpul di istana merdeka,mengatasi segala praktik under invoicing etc etc laporan palsu kumpulkan kksk menteri keuangan bank indonesia ojk tim ekonomi kita kumpul istana merdeka,-9,negatif
Taklimat Presiden pada Sidang Kabinet Paripurna,https://www.setneg.go.id/baca/index/taklimat_presiden_pada_sidang_kabinet_paripurna,Ketua DEN hadir dengan beberapa penasihat-penasihat bidang ekonomi.,ketua den hadir dengan beberapa penasihat penasihat bidang ekonomi,ketua den hadir beberapa penasihat penasihat bidang ekonomi,-3,negatif
Taklimat Presiden pada Sidang Kabinet Paripurna,https://www.setneg.go.id/baca/index/taklimat_presiden_pada_sidang_kabinet_paripurna,"Waktu itu saya gambarkan, saya minta pendapat mereka semua, apa kita mau teruskan ini?",waktu itu saya gambarkan saya minta pendapat mereka semua apa kita mau teruskan ini,waktu gambarkan saya minta pendapat semua apa mau teruskan,-13,negatif
Taklimat Presiden pada Sidang Kabinet Paripurna,https://www.setneg.go.id/baca/index/taklimat_presiden_pada_sidang_kabinet_paripurna,"Aliran uang ratusan miliar Dolar ke luar negeri, kekayaan kita, dari sumber daya kita, mau kita teruskan?",aliran uang ratusan miliar dolar ke luar negeri kekayaan kita dari sumber daya kita mau kita teruskan,aliran uang ratusan miliar dolar luar negeri kekayaan dari sumber daya mau teruskan,-2,negatif
Taklimat Presiden pada Sidang Kabinet Paripurna,https://www.setneg.go.id/baca/index/taklimat_presiden_pada_sidang_kabinet_paripurna,"Mereka semua bilang, “Tidak bisa, Pak.",mereka semua bilang tidak bisa pak,semua bilang bisa pak,-3,negatif
Taklimat Presiden pada Sidang Kabinet Paripurna,https://www.setneg.go.id/baca/index/taklimat_presiden_pada_sidang_kabinet_paripurna,"Jangan kita teruskan.”
Bagaimana caranya kita tidak teruskan?",jangan kita teruskan bagaimana caranya kita tidak teruskan,jangan teruskan bagaimana caranya tidak teruskan,-8,negatif
Taklimat Presiden pada Sidang Kabinet Paripurna,https://www.setneg.go.id/baca/index/taklimat_presiden_pada_sidang_kabinet_paripurna,Akhirnya diusulkan lah sistem ekspor satu pintu untuk komoditas-komoditas milik bangsa dan negara.,akhirnya diusulkan lah sistem ekspor satu pintu untuk komoditas komoditas milik bangsa dan negara,akhirnya diusulkan lah sistem ekspor satu pintu komoditas komoditas milik bangsa negara,-4,negatif
Taklimat Presiden pada Sidang Kabinet Paripurna,https://www.setneg.go.id/baca/index/taklimat_presiden_pada_sidang_kabinet_paripurna,"Dan, saya ingatkan, semua komoditas adalah milik bangsa Indonesia.",dan saya ingatkan semua komoditas adalah milik bangsa indonesia,saya ingatkan semua komoditas milik bangsa indonesia,-5,negatif
Taklimat Presiden pada Sidang Kabinet Paripurna,https://www.setneg.go.id/baca/index/taklimat_presiden_pada_sidang_kabinet_paripurna,"Bumi, air, dan semua kekayaan yang terkandung di dalamnya itu milik bangsa Indonesia.",bumi air dan semua kekayaan yang terkandung di dalamnya itu milik bangsa indonesia,bumi air semua kekayaan terkandung dalamnya milik bangsa indonesia,-1,negatif
Taklimat Presiden pada Sidang Kabinet Paripurna,https://www.setneg.go.id/baca/index/taklimat_presiden_pada_sidang_kabinet_paripurna,"Nikel, karet, semuanya, kelapa sawit, batu bara, emas.",nikel karet semuanya kelapa sawit batu bara emas,nikel karet semuanya kelapa sawit batu bara emas,-8,negatif
Taklimat Presiden pada Sidang Kabinet Paripurna,https://www.setneg.go.id/baca/index/taklimat_presiden_pada_sidang_kabinet_paripurna,"Sehingga, kita terapkan ekspor satu pintu, dan kita dirikan PT DSI, Danantara Sumberdaya Indonesia.",sehingga kita terapkan ekspor satu pintu dan kita dirikan pt dsi danantara sumberdaya indonesia,kita terapkan ekspor satu pintu kita dirikan pt dsi danantara sumberdaya indonesia,-1,negatif
Taklimat Presiden pada Sidang Kabinet Paripurna,https://www.setneg.go.id/baca/index/taklimat_presiden_pada_sidang_kabinet_paripurna,"Iya, kan?",iya kan,iya kan,0,netral
Taklimat Presiden pada Sidang Kabinet Paripurna,https://www.setneg.go.id/baca/index/taklimat_presiden_pada_sidang_kabinet_paripurna,Danantara Sumberdaya Indonesia.,danantara sumberdaya indonesia,danantara sumberdaya indonesia,0,netral
Taklimat Presiden pada Sidang Kabinet Paripurna,https://www.setneg.go.id/baca/index/taklimat_presiden_pada_sidang_kabinet_paripurna,"Di depan DPR waktu itu, kita umumkan 20 Mei 2026, 20 Mei, hari yang signifikan, hari kebangkitan, ya, Hari Kebangkitan Nasional kita.",di depan dpr waktu itu kita umumkan mei mei hari yang signifikan hari kebangkitan ya hari kebangkitan nasional kita,depan dpr waktu umumkan mei mei hari signifikan hari kebangkitan hari kebangkitan nasional kita,-10,negatif
Taklimat Presiden pada Sidang Kabinet Paripurna,https://www.setneg.go.id/baca/index/taklimat_presiden_pada_sidang_kabinet_paripurna,"Kita dirikan PT DSI mulai beroperasi penuh pada 1 Juli, sebagai instrumen negara untuk memperkuat tata kelola dan konsolidasi ekspor komoditas strategis.",kita dirikan pt dsi mulai beroperasi penuh pada juli sebagai instrumen negara untuk memperkuat tata kelola dan konsolidasi ekspor komoditas strategis,dirikan pt dsi mulai beroperasi penuh juli instrumen negara memperkuat tata kelola konsolidasi ekspor komoditas strategis,1,positif
Taklimat Presiden pada Sidang Kabinet Paripurna,https://www.setneg.go.id/baca/index/taklimat_presiden_pada_sidang_kabinet_paripurna,"Saudara-saudara,Kita bangun sistem ekspor satu pintu agar negara mengetahui berapa yang diekspor, kepada siapa yang dijual, berapa harga sebenarnya, berapa devisa yang seharusnya kembali ke Indonesia.",saudara saudara kita bangun sistem ekspor satu pintu agar negara mengetahui berapa yang diekspor kepada siapa yang dijual berapa harga sebenarnya berapa devisa yang seharusnya kembali ke indonesia,saudara saudara bangun sistem ekspor satu pintu negara mengetahui berapa diekspor siapa dijual berapa harga sebenarnya berapa devisa seharusnya ke indonesia,0,netral
Taklimat Presiden pada Sidang Kabinet Paripurna,https://www.setneg.go.id/baca/index/taklimat_presiden_pada_sidang_kabinet_paripurna,Itu tujuannya.,itu tujuannya,tujuannya,0,netral
Taklimat Presiden pada Sidang Kabinet Paripurna,https://www.setneg.go.id/baca/index/taklimat_presiden_pada_sidang_kabinet_paripurna,"Ya, biasa, pertama banyak yang nyinyir, yang ini, dan sebagainya.",ya biasa pertama banyak yang nyinyir yang ini dan sebagainya,biasa pertama banyak nyinyir ini sebagainya,-11,negatif
Taklimat Presiden pada Sidang Kabinet Paripurna,https://www.setneg.go.id/baca/index/taklimat_presiden_pada_sidang_kabinet_paripurna,"Tapi ternyata, ternyata dunia luar mengakui bahwa ini adalah langkah Indonesia yang benar, Saudara-saudara.",tapi ternyata ternyata dunia luar mengakui bahwa ini adalah langkah indonesia yang benar saudara saudara,ternyata ternyata dunia luar mengakui ini langkah indonesia benar saudara saudara,-2,negatif
Taklimat Presiden pada Sidang Kabinet Paripurna,https://www.setneg.go.id/baca/index/taklimat_presiden_pada_sidang_kabinet_paripurna,"Ada kekuatan-kekuatan, kelompok-kelompok tertentu yang selalu ingin Indonesia kolaps.",ada kekuatan kekuatan kelompok kelompok tertentu yang selalu ingin indonesia kolaps,kekuatan kekuatan kelompok kelompok tertentu selalu indonesia kolaps,-9,negatif
Taklimat Presiden pada Sidang Kabinet Paripurna,https://www.setneg.go.id/baca/index/taklimat_presiden_pada_sidang_kabinet_paripurna,Saya tidak mengerti.,saya tidak mengerti,tidak mengerti,-7,negatif
Taklimat Presiden pada Sidang Kabinet Paripurna,https://www.setneg.go.id/baca/index/taklimat_presiden_pada_sidang_kabinet_paripurna,"Dia itu anak bangsa mana, saya tidak, tidak paham.",dia itu anak bangsa mana saya tidak tidak paham,itu anak bangsa mana tidak paham,-10,negatif
Taklimat Presiden pada Sidang Kabinet Paripurna,https://www.setneg.go.id/baca/index/taklimat_presiden_pada_sidang_kabinet_paripurna,"Saya tidak paham benar-benar, ya, kan.",saya tidak paham benar benar ya kan,tidak paham benar benar kan,-13,negatif
Taklimat Presiden pada Sidang Kabinet Paripurna,https://www.setneg.go.id/baca/index/taklimat_presiden_pada_sidang_kabinet_paripurna,"Selalu meramalkan kolaps, yang enggak bagus, gitu, lo.",selalu meramalkan kolaps yang enggak bagus gitu lo,selalu meramalkan kolaps enggak bagus gitu lo,-11,negatif
Taklimat Presiden pada Sidang Kabinet Paripurna,https://www.setneg.go.id/baca/index/taklimat_presiden_pada_sidang_kabinet_paripurna,"Ya, kan.",ya kan,kan,0,netral
Taklimat Presiden pada Sidang Kabinet Paripurna,https://www.setneg.go.id/baca/index/taklimat_presiden_pada_sidang_kabinet_paripurna,"Jadi, sebetulnya itu bukan ramalan, menurut saya itu doa dia.",jadi sebetulnya itu bukan ramalan menurut saya itu doa dia,jadi bukan ramalan saya itu doa,-14,negatif
Taklimat Presiden pada Sidang Kabinet Paripurna,https://www.setneg.go.id/baca/index/taklimat_presiden_pada_sidang_kabinet_paripurna,"Doa dia bahwa Indonesia kolaps, doa dia bahwa Indonesia terus miskin.",doa dia bahwa indonesia kolaps doa dia bahwa indonesia terus miskin,doa bahwa indonesia kolaps doa bahwa indonesia terus miskin,-18,negatif
Taklimat Presiden pada Sidang Kabinet Paripurna,https://www.setneg.go.id/baca/index/taklimat_presiden_pada_sidang_kabinet_paripurna,"Sehingga, saya benar-benar meragukan, di mana patriotisme dia, di mana cinta tanah air dia?",sehingga saya benar benar meragukan di mana patriotisme dia di mana cinta tanah air dia,saya benar benar meragukan mana patriotisme di mana cinta tanah air,-16,negatif
Taklimat Presiden pada Sidang Kabinet Paripurna,https://www.setneg.go.id/baca/index/taklimat_presiden_pada_sidang_kabinet_paripurna,"Saudara-saudara,Dengan ekspor sumber daya alam satu pintu, ya, kita mengadakan tahap transisi, dan kita harapkan nanti 1 September 2026, implementasi penuh.",saudara saudara dengan ekspor sumber daya alam satu pintu ya kita mengadakan tahap transisi dan kita harapkan nanti september implementasi penuh,saudara saudara ekspor sumber daya alam satu pintu kita mengadakan tahap transisi kita harapkan september implementasi penuh,-6,negatif
Taklimat Presiden pada Sidang Kabinet Paripurna,https://www.setneg.go.id/baca/index/taklimat_presiden_pada_sidang_kabinet_paripurna,"Kemudian, proses ini semua akan membuat kita benar-benar paham benar ke mana uang kita.",kemudian proses ini semua akan membuat kita benar benar paham benar ke mana uang kita,kemudian proses semua membuat benar benar paham benar mana uang,-13,negatif
Taklimat Presiden pada Sidang Kabinet Paripurna,https://www.setneg.go.id/baca/index/taklimat_presiden_pada_sidang_kabinet_paripurna,"Sebagai contoh, kelapa sawit selama ini banyak dijual dari Indonesia, resmi kontrak harganya Rp17.000, CPO, ya.",sebagai contoh kelapa sawit selama ini banyak dijual dari indonesia resmi kontrak harganya rp cpo ya,contoh kelapa sawit selama banyak dijual indonesia resmi kontrak harganya rp cpo,-1,negatif
Taklimat Presiden pada Sidang Kabinet Paripurna,https://www.setneg.go.id/baca/index/taklimat_presiden_pada_sidang_kabinet_paripurna,"Rp17.000, ya.",rp ya,rp,0,netral
Taklimat Presiden pada Sidang Kabinet Paripurna,https://www.setneg.go.id/baca/index/taklimat_presiden_pada_sidang_kabinet_paripurna,"Ya, benar Menteri Pertanian?",ya benar menteri pertanian,benar menteri pertanian,-4,negatif
Taklimat Presiden pada Sidang Kabinet Paripurna,https://www.setneg.go.id/baca/index/taklimat_presiden_pada_sidang_kabinet_paripurna,Rp15.000 per kilo.,rp per kilo,rp per kilo,0,netral
Taklimat Presiden pada Sidang Kabinet Paripurna,https://www.setneg.go.id/baca/index/taklimat_presiden_pada_sidang_kabinet_paripurna,"Padahal harga, harga di internasional, harga di Eropa, di Rotterdam itu Rp27.000, kita Rp14.000-Rp15.000, harga sebenarnya Rp27.000.",padahal harga harga di internasional harga di eropa di rotterdam itu rp kita rp rp harga sebenarnya rp,padahal harga harga internasional harga eropa rotterdam rp rp rp harga sebenarnya rp,16,positif
Taklimat Presiden pada Sidang Kabinet Paripurna,https://www.setneg.go.id/baca/index/taklimat_presiden_pada_sidang_kabinet_paripurna,Siapa yang menikmati [selisih] Rp13.000?,siapa yang menikmati selisih rp,siapa menikmati selisih rp,-9,negatif
Taklimat Presiden pada Sidang Kabinet Paripurna,https://www.setneg.go.id/baca/index/taklimat_presiden_pada_sidang_kabinet_paripurna,Hampir 50 persen.,hampir persen,hampir persen,2,positif
Taklimat Presiden pada Sidang Kabinet Paripurna,https://www.setneg.go.id/baca/index/taklimat_presiden_pada_sidang_kabinet_paripurna,"Jadi, permainan seperti inilah yang menusuk hati kita, ya.",jadi permainan seperti inilah yang menusuk hati kita ya,jadi permainan inilah menusuk hati ya,-4,negatif
Taklimat Presiden pada Sidang Kabinet Paripurna,https://www.setneg.go.id/baca/index/taklimat_presiden_pada_sidang_kabinet_paripurna,"Jadi perusahaan dari Indonesia diekspor, begitu di sini dia jual Rp14.000, dalam perjalanan ke Eropa, konon kabarnya berubah-ubah lagideal-nya, kontraknya, sehingga di sana Rp27.000.",jadi perusahaan dari indonesia diekspor begitu di sini dia jual rp dalam perjalanan ke eropa konon kabarnya berubah ubah lagideal nya kontraknya sehingga di sana rp,jadi perusahaan indonesia diekspor di sini jual rp perjalanan eropa konon kabarnya berubah ubah lagideal nya kontraknya di sana rp,2,positif
Taklimat Presiden pada Sidang Kabinet Paripurna,https://www.setneg.go.id/baca/index/taklimat_presiden_pada_sidang_kabinet_paripurna,Jadi kita hilang 50 persen kekayaan kita.,jadi kita hilang persen kekayaan kita,jadi hilang persen kekayaan,-2,negatif
Taklimat Presiden pada Sidang Kabinet Paripurna,https://www.setneg.go.id/baca/index/taklimat_presiden_pada_sidang_kabinet_paripurna,Satu kali perjalanan kita hilang 50 persen kekayaan kita.,satu kali perjalanan kita hilang persen kekayaan kita,satu kali perjalanan hilang persen kekayaan,-1,negatif
Taklimat Presiden pada Sidang Kabinet Paripurna,https://www.setneg.go.id/baca/index/taklimat_presiden_pada_sidang_kabinet_paripurna,"Jadi, kita sekarang tegakkan dan saya terima kasih, saya dapat laporan dari Saudara Rosan, CEO dari Danantara, bahwa baru satu bulan dua minggu bekerja, PT DSI beroperasi, PT DSI sudah mengelola devisa sebesar lebih 10,5 miliar dolar.",jadi kita sekarang tegakkan dan saya terima kasih saya dapat laporan dari saudara rosan ceo dari danantara bahwa baru satu bulan dua minggu bekerja pt dsi beroperasi pt dsi sudah mengelola devisa sebesar lebih miliar dolar,jadi sekarang tegakkan terima kasih saya dapat laporan saudara rosan ceo danantara baru satu bulan minggu bekerja pt dsi beroperasi pt dsi mengelola devisa sebesar lebih miliar dolar,-16,negatif
Taklimat Presiden pada Sidang Kabinet Paripurna,https://www.setneg.go.id/baca/index/taklimat_presiden_pada_sidang_kabinet_paripurna,"Dalam satu bulan dua minggu, Saudara-saudara.",dalam satu bulan dua minggu saudara saudara,satu bulan minggu saudara saudara,-2,negatif
Taklimat Presiden pada Sidang Kabinet Paripurna,https://www.setneg.go.id/baca/index/taklimat_presiden_pada_sidang_kabinet_paripurna,"Dan, ternyata dari, dari angka yang masuk, sebelum ada PT DSI,gap[atau] perbedaan antara harga di jual Indonesia dan harga dijual internasional itu kurang lebih beda minimal 30 persen, mendekati 40-45 persen.",dan ternyata dari dari angka yang masuk sebelum ada pt dsi gap atau perbedaan antara harga di jual indonesia dan harga dijual internasional itu kurang lebih beda minimal persen mendekati persen,ternyata dari angka masuk ada pt dsi gap perbedaan harga jual indonesia harga dijual internasional kurang lebih beda minimal persen mendekati persen,-7,negatif
Taklimat Presiden pada Sidang Kabinet Paripurna,https://www.setneg.go.id/baca/index/taklimat_presiden_pada_sidang_kabinet_paripurna,"Begitu ada PT DSI, sudah hampir menyatu, saya lihat grafiknya.",begitu ada pt dsi sudah hampir menyatu saya lihat grafiknya,ada pt dsi hampir menyatu lihat grafiknya,-4,negatif
Taklimat Presiden pada Sidang Kabinet Paripurna,https://www.setneg.go.id/baca/index/taklimat_presiden_pada_sidang_kabinet_paripurna,"Jadi, karena kita tegas.",jadi karena kita tegas,jadi kita tegas,-2,negatif
Taklimat Presiden pada Sidang Kabinet Paripurna,https://www.setneg.go.id/baca/index/taklimat_presiden_pada_sidang_kabinet_paripurna,"Meneruskan praktik ini, ini praktik penipuan.",meneruskan praktik ini ini praktik penipuan,meneruskan praktik ini praktik penipuan,0,netral
Taklimat Presiden pada Sidang Kabinet Paripurna,https://www.setneg.go.id/baca/index/taklimat_presiden_pada_sidang_kabinet_paripurna,"Meneruskan, semua izin kita cabut.",meneruskan semua izin kita cabut,meneruskan semua izin cabut,-12,negatif
Taklimat Presiden pada Sidang Kabinet Paripurna,https://www.setneg.go.id/baca/index/taklimat_presiden_pada_sidang_kabinet_paripurna,Saya tidak pandang bulu.,saya tidak pandang bulu,tidak pandang bulu,-4,negatif
Taklimat Presiden pada Sidang Kabinet Paripurna,https://www.setneg.go.id/baca/index/taklimat_presiden_pada_sidang_kabinet_paripurna,"Kita cabut semua izin, mereka yang tidak mau patuh kepada hukum di Negara Kesatuan Republik Indonesia.",kita cabut semua izin mereka yang tidak mau patuh kepada hukum di negara kesatuan republik indonesia,cabut semua izin yang mau patuh hukum negara kesatuan republik indonesia,-17,negatif
Taklimat Presiden pada Sidang Kabinet Paripurna,https://www.setneg.go.id/baca/index/taklimat_presiden_pada_sidang_kabinet_paripurna,"Saudara-saudara,Tentunya kita tidak boleh cepat puas, ya.",saudara saudara tentunya kita tidak boleh cepat puas ya,saudara saudara tentunya tidak cepat puas,-5,negatif
Taklimat Presiden pada Sidang Kabinet Paripurna,https://www.setneg.go.id/baca/index/taklimat_presiden_pada_sidang_kabinet_paripurna,"Tapi, kita sudah melihat langkah-langkah kita sekarang, bahwa tadinya kita ditakuti-takuti, adarating agency,global rating agency.",tapi kita sudah melihat langkah langkah kita sekarang bahwa tadinya kita ditakuti takuti adarating agency global rating agency,melihat langkah langkah sekarang tadinya kita ditakuti takuti adarating agency global rating agency,11,positif
Taklimat Presiden pada Sidang Kabinet Paripurna,https://www.setneg.go.id/baca/index/taklimat_presiden_pada_sidang_kabinet_paripurna,Nanti akan kasih rapor jelek Indonesia.,nanti akan kasih rapor jelek indonesia,akan kasih rapor jelek indonesia,-6,negatif
Taklimat Presiden pada Sidang Kabinet Paripurna,https://www.setneg.go.id/baca/index/taklimat_presiden_pada_sidang_kabinet_paripurna,"Kita akan diturunkan, supaya nanti enggak ada yang mauinvestdi Indonesia.",kita akan diturunkan supaya nanti enggak ada yang mauinvestdi indonesia,akan diturunkan nanti enggak yang mauinvestdi indonesia,-7,negatif
Taklimat Presiden pada Sidang Kabinet Paripurna,https://www.setneg.go.id/baca/index/taklimat_presiden_pada_sidang_kabinet_paripurna,"Saudara-saudara, bukan kita takut, tapi ternyata Standard & Poor’s (S&P), mereka sendiri sudah umumkan, bahwa mereka menilai, bahwa pembentukan PT DSI adalah tepat.",saudara saudara bukan kita takut tapi ternyata standard poor s s p mereka sendiri sudah umumkan bahwa mereka menilai bahwa pembentukan pt dsi adalah tepat,saudara saudara bukan takut ternyata standard poor s s p sendiri umumkan mereka menilai pembentukan pt dsi tepat,-18,negatif
Taklimat Presiden pada Sidang Kabinet Paripurna,https://www.setneg.go.id/baca/index/taklimat_presiden_pada_sidang_kabinet_paripurna,"Mereka yang mengatakan bahwa itu langkah tepat bagi bangsa Indonesia, Saudara-saudara,  dan itu bisa meningkatkan penghasilan kita,revenuekita.",mereka yang mengatakan bahwa itu langkah tepat bagi bangsa indonesia saudara saudara dan itu bisa meningkatkan penghasilan kita revenuekita,yang mengatakan itu langkah tepat bangsa indonesia saudara saudara itu meningkatkan penghasilan revenuekita,-2,negatif
Taklimat Presiden pada Sidang Kabinet Paripurna,https://www.setneg.go.id/baca/index/taklimat_presiden_pada_sidang_kabinet_paripurna,"Kemudian, mereka tetap tidak menurunkanoutlook, kita tetapoutlook stable.",kemudian mereka tetap tidak menurunkanoutlook kita tetapoutlook stable,kemudian tetap menurunkanoutlook tetapoutlook stable,3,positif
Taklimat Presiden pada Sidang Kabinet Paripurna,https://www.setneg.go.id/baca/index/taklimat_presiden_pada_sidang_kabinet_paripurna,"Kita tetap punyarating investment grade, emerging market, bukan kita selalu harus puas denganratingbangsa lain.",kita tetap punyarating investment grade emerging market bukan kita selalu harus puas denganratingbangsa lain,tetap punyarating investment grade emerging market bukan selalu puas denganratingbangsa,3,positif
Taklimat Presiden pada Sidang Kabinet Paripurna,https://www.setneg.go.id/baca/index/taklimat_presiden_pada_sidang_kabinet_paripurna,"Sekali lagi, Saudara-saudara, percaya kepada kekuatan kita sendiri.",sekali lagi saudara saudara percaya kepada kekuatan kita sendiri,sekali saudara saudara percaya kekuatan sendiri,1,positif
Taklimat Presiden pada Sidang Kabinet Paripurna,https://www.setneg.go.id/baca/index/taklimat_presiden_pada_sidang_kabinet_paripurna,"Kita hidup di dunia global, tapi kita harus percaya kepada kekuatan kita sendiri, kita percaya kepada fundamental kita sendiri, ya.",kita hidup di dunia global tapi kita harus percaya kepada kekuatan kita sendiri kita percaya kepada fundamental kita sendiri ya,hidup dunia global percaya kekuatan sendiri percaya fundamental kita sendiri,-9,negatif
Taklimat Presiden pada Sidang Kabinet Paripurna,https://www.setneg.go.id/baca/index/taklimat_presiden_pada_sidang_kabinet_paripurna,"Apapun terjadi, kita sekarang pangan aman, energi cukup kuat, air kita berlimpah-limpah, tinggalmanagement-nya, ada daerah yang kurang.",apapun terjadi kita sekarang pangan aman energi cukup kuat air kita berlimpah limpah tinggalmanagement nya ada daerah yang kurang,apapun terjadi sekarang pangan aman energi cukup kuat air berlimpah limpah tinggalmanagement nya daerah kurang,-4,negatif
Taklimat Presiden pada Sidang Kabinet Paripurna,https://www.setneg.go.id/baca/index/taklimat_presiden_pada_sidang_kabinet_paripurna,"Jadi, fundamental kita kuat, lahan kita cukup.",jadi fundamental kita kuat lahan kita cukup,jadi fundamental kuat lahan cukup,-14,negatif
Taklimat Presiden pada Sidang Kabinet Paripurna,https://www.setneg.go.id/baca/index/taklimat_presiden_pada_sidang_kabinet_paripurna,"Kita sudah buktikan rawa kita ubah jadi sawah, rawa yang tidak bermanfaat kita ubah jadi produktif, Saudara-saudara.",kita sudah buktikan rawa kita ubah jadi sawah rawa yang tidak bermanfaat kita ubah jadi produktif saudara saudara,sudah buktikan rawa ubah jadi sawah rawa tidak bermanfaat ubah jadi produktif saudara saudara,4,positif
Taklimat Presiden pada Sidang Kabinet Paripurna,https://www.setneg.go.id/baca/index/taklimat_presiden_pada_sidang_kabinet_paripurna,Kita sudah mulai dipandang dan kita akan buktikan.,kita sudah mulai dipandang dan kita akan buktikan,sudah mulai dipandang kita buktikan,-1,negatif
Taklimat Presiden pada Sidang Kabinet Paripurna,https://www.setneg.go.id/baca/index/taklimat_presiden_pada_sidang_kabinet_paripurna,"Saya yakin dan percaya kita akan jadi lumbung pangan dunia, saya percaya itu.",saya yakin dan percaya kita akan jadi lumbung pangan dunia saya percaya itu,yakin percaya akan jadi lumbung pangan dunia percaya,3,positif
Taklimat Presiden pada Sidang Kabinet Paripurna,https://www.setneg.go.id/baca/index/taklimat_presiden_pada_sidang_kabinet_paripurna,"Saya tidak tahu di zaman siapa nanti, tapi saya percaya itu, Saudara-saudara.",saya tidak tahu di zaman siapa nanti tapi saya percaya itu saudara saudara,tidak tahu zaman siapa tapi percaya saudara saudara,-9,negatif
Taklimat Presiden pada Sidang Kabinet Paripurna,https://www.setneg.go.id/baca/index/taklimat_presiden_pada_sidang_kabinet_paripurna,"Semua orang sudah meramalkan, kok, kalau kita akan jadi negara kelima, keempat, semua.",semua orang sudah meramalkan kok kalau kita akan jadi negara kelima keempat semua,semua orang meramalkan kok kalau akan jadi negara kelima keempat semua,-11,negatif
Taklimat Presiden pada Sidang Kabinet Paripurna,https://www.setneg.go.id/baca/index/taklimat_presiden_pada_sidang_kabinet_paripurna,"Hanya kita sendiri kadang-kadang, bukan rendah hati, mengarah ke rendah diri, ya, kan.",hanya kita sendiri kadang kadang bukan rendah hati mengarah ke rendah diri ya kan,kita sendiri kadang kadang bukan rendah hati mengarah rendah diri kan,-17,negatif
Taklimat Presiden pada Sidang Kabinet Paripurna,https://www.setneg.go.id/baca/index/taklimat_presiden_pada_sidang_kabinet_paripurna,"Saudara-saudara,Kita yakin bahwa kita berada di arah yang benar, tapi kita juga waspada.",saudara saudara kita yakin bahwa kita berada di arah yang benar tapi kita juga waspada,saudara saudara yakin kita berada arah benar kita waspada,-4,negatif
Taklimat Presiden pada Sidang Kabinet Paripurna,https://www.setneg.go.id/baca/index/taklimat_presiden_pada_sidang_kabinet_paripurna,"Kita koreksi diri, kita tahu bahwa efisiensi kita masih kurang, regulasi kita terlalu banyak, peraturan kita terlalu banyak.",kita koreksi diri kita tahu bahwa efisiensi kita masih kurang regulasi kita terlalu banyak peraturan kita terlalu banyak,koreksi diri tahu efisiensi masih kurang regulasi terlalu banyak peraturan terlalu banyak,-20,negatif
Taklimat Presiden pada Sidang Kabinet Paripurna,https://www.setneg.go.id/baca/index/taklimat_presiden_pada_sidang_kabinet_paripurna,"Saya tegaskan di sini, kita harus sederhanakan pemerintahan.",saya tegaskan di sini kita harus sederhanakan pemerintahan,tegaskan sini harus sederhanakan pemerintahan,-5,negatif
Taklimat Presiden pada Sidang Kabinet Paripurna,https://www.setneg.go.id/baca/index/taklimat_presiden_pada_sidang_kabinet_paripurna,"Kita akan mulai melaksanakan, atau sudah merintis ke arah digitalisasi pemerintahan dengan GovTech dan program-program lainnya.",kita akan mulai melaksanakan atau sudah merintis ke arah digitalisasi pemerintahan dengan govtech dan program program lainnya,akan mulai melaksanakan sudah merintis arah digitalisasi pemerintahan govtech program program lainnya,-8,negatif
Taklimat Presiden pada Sidang Kabinet Paripurna,https://www.setneg.go.id/baca/index/taklimat_presiden_pada_sidang_kabinet_paripurna,"Saya berharap nantisingle national identity cardbisa dieksekusi, bisa diimplementasi dengan sebaik-baiknya.",saya berharap nantisingle national identity cardbisa dieksekusi bisa diimplementasi dengan sebaik baiknya,berharap nantisingle national identity cardbisa dieksekusi diimplementasi sebaik baiknya,-2,negatif
Taklimat Presiden pada Sidang Kabinet Paripurna,https://www.setneg.go.id/baca/index/taklimat_presiden_pada_sidang_kabinet_paripurna,"Kita terus sederhanakan peraturan-peraturan menteri dan sebagainya, harus juga sinkron dengan napas penyederhanaan deregulasi dan efisiensi.",kita terus sederhanakan peraturan peraturan menteri dan sebagainya harus juga sinkron dengan napas penyederhanaan deregulasi dan efisiensi,terus sederhanakan peraturan peraturan menteri sebagainya juga sinkron napas penyederhanaan deregulasi efisiensi,1,positif
Taklimat Presiden pada Sidang Kabinet Paripurna,https://www.setneg.go.id/baca/index/taklimat_presiden_pada_sidang_kabinet_paripurna,"Saudara-saudara,Kita, juga salah satu prestasi kita adalah kita sekarang memiliki sistem perlindungan sosial, menurut saya, salah satu terkuat di dunia, salah satu.",saudara saudara kita juga salah satu prestasi kita adalah kita sekarang memiliki sistem perlindungan sosial menurut saya salah satu terkuat di dunia salah satu,saudara saudara juga salah satu prestasi adalah sekarang memiliki sistem perlindungan sosial saya salah satu terkuat dunia salah satu,-20,negatif
Taklimat Presiden pada Sidang Kabinet Paripurna,https://www.setneg.go.id/baca/index/taklimat_presiden_pada_sidang_kabinet_paripurna,"Kalau kita ikuti semua program-program ini, dan program-program ini adalah hasil dari pemerintah-pemerintah sebelum kita.",kalau kita ikuti semua program program ini dan program program ini adalah hasil dari pemerintah pemerintah sebelum kita,kalau ikuti semua program program dan program program adalah hasil pemerintah pemerintah kita,-1,negatif
Taklimat Presiden pada Sidang Kabinet Paripurna,https://www.setneg.go.id/baca/index/taklimat_presiden_pada_sidang_kabinet_paripurna,"Saya selalu mengakui, tidak ada pembangunan bangsa, tidak ada transformasi bangsa yang sepotong-sepotong.",saya selalu mengakui tidak ada pembangunan bangsa tidak ada transformasi bangsa yang sepotong sepotong,selalu mengakui ada pembangunan bangsa ada transformasi bangsa sepotong sepotong,-6,negatif
Taklimat Presiden pada Sidang Kabinet Paripurna,https://www.setneg.go.id/baca/index/taklimat_presiden_pada_sidang_kabinet_paripurna,Ini adalahlong march.,ini adalahlong march,adalahlong march,0,netral
Taklimat Presiden pada Sidang Kabinet Paripurna,https://www.setneg.go.id/baca/index/taklimat_presiden_pada_sidang_kabinet_paripurna,"Semua yang kita miliki dari Bung Karno, dari Pak Harto, dari Pak Habibie, dari Gus Dur, dari Megawati, dari Presiden SBY, dari Pak Jokowi, semua yang kita miliki sekarang hasil dari kerja keras mereka, hasil dari kerja keras pemerintah mereka.",semua yang kita miliki dari bung karno dari pak harto dari pak habibie dari gus dur dari megawati dari presiden sby dari pak jokowi semua yang kita miliki sekarang hasil dari kerja keras mereka hasil dari kerja keras pemerintah mereka,semua kita miliki bung karno pak harto pak habibie gus dur megawati presiden sby pak jokowi semua kita miliki sekarang hasil kerja keras hasil kerja keras pemerintah,7,positif
Taklimat Presiden pada Sidang Kabinet Paripurna,https://www.setneg.go.id/baca/index/taklimat_presiden_pada_sidang_kabinet_paripurna,"Tugas kita, apa yang sudah dicapai, kita lestarikan, kita bangun, kita perbaiki.",tugas kita apa yang sudah dicapai kita lestarikan kita bangun kita perbaiki,tugas apa sudah dicapai lestarikan bangun perbaiki,-6,negatif
Taklimat Presiden pada Sidang Kabinet Paripurna,https://www.setneg.go.id/baca/index/taklimat_presiden_pada_sidang_kabinet_paripurna,"Kalau ada kesulitan dan kekurangan, dan kesalahan bangsa, bukan orang, bukan rezim, tapi bangsa.",kalau ada kesulitan dan kekurangan dan kesalahan bangsa bukan orang bukan rezim tapi bangsa,kalau kesulitan kekurangan kesalahan bangsa bukan orang bukan rezim bangsa,-20,negatif
Taklimat Presiden pada Sidang Kabinet Paripurna,https://www.setneg.go.id/baca/index/taklimat_presiden_pada_sidang_kabinet_paripurna,"Kekeliruan, kadang-kadang kekeliruan kita sebagai bangsa.",kekeliruan kadang kadang kekeliruan kita sebagai bangsa,kekeliruan kadang kadang kekeliruan sebagai bangsa,-7,negatif
Taklimat Presiden pada Sidang Kabinet Paripurna,https://www.setneg.go.id/baca/index/taklimat_presiden_pada_sidang_kabinet_paripurna,"Dulu berbondong-bondong, semua pakar, semua intelektual, hampir 99 persen, semua berbondong-bondong mengelu-elukan neolib, kapitalisme.",dulu berbondong bondong semua pakar semua intelektual hampir persen semua berbondong bondong mengelu elukan neolib kapitalisme,dulu berbondong bondong semua pakar semua intelektual hampir persen semua berbondong bondong mengelu elukan neolib kapitalisme,-13,negatif
Taklimat Presiden pada Sidang Kabinet Paripurna,https://www.setneg.go.id/baca/index/taklimat_presiden_pada_sidang_kabinet_paripurna,"Ya tidak salah mungkin Presiden Soeharto dikelilingi penasihat-penasihat yang menyarankan, ya, kan.",ya tidak salah mungkin presiden soeharto dikelilingi penasihat penasihat yang menyarankan ya kan,tidak salah mungkin presiden soeharto dikelilingi penasihat penasihat menyarankan kan,-7,negatif
Taklimat Presiden pada Sidang Kabinet Paripurna,https://www.setneg.go.id/baca/index/taklimat_presiden_pada_sidang_kabinet_paripurna,Kemudian habis itu Pak Habibie dan selanjut-selanjutnya.,kemudian habis itu pak habibie dan selanjut selanjutnya,kemudian habis pak habibie selanjut selanjutnya,-3,negatif
Taklimat Presiden pada Sidang Kabinet Paripurna,https://www.setneg.go.id/baca/index/taklimat_presiden_pada_sidang_kabinet_paripurna,Ya enggak ada masalah.,ya enggak ada masalah,enggak masalah,-4,negatif
Taklimat Presiden pada Sidang Kabinet Paripurna,https://www.setneg.go.id/baca/index/taklimat_presiden_pada_sidang_kabinet_paripurna,"Tapi kita sekarang melihat pengalamannya itu, kita lihat di Amerika saja sudah ditinggalkan, kok, di Eropa saja sudah meninggalkan neolib.",tapi kita sekarang melihat pengalamannya itu kita lihat di amerika saja sudah ditinggalkan kok di eropa saja sudah meninggalkan neolib,kita sekarang melihat pengalamannya kita lihat amerika sudah ditinggalkan kok eropa sudah meninggalkan neolib,-2,negatif
Taklimat Presiden pada Sidang Kabinet Paripurna,https://www.setneg.go.id/baca/index/taklimat_presiden_pada_sidang_kabinet_paripurna,Masa kita mau teruskan?,masa kita mau teruskan,masa mau teruskan,-1,negatif
Taklimat Presiden pada Sidang Kabinet Paripurna,https://www.setneg.go.id/baca/index/taklimat_presiden_pada_sidang_kabinet_paripurna,"Jadi ini saya tegaskan, ternyata kita punya sistem perlindungan sosial, negara kesejahteraan,welfare state, salah satu terkuat di dunia.",jadi ini saya tegaskan ternyata kita punya sistem perlindungan sosial negara kesejahteraan welfare state salah satu terkuat di dunia,jadi saya tegaskan ternyata punya sistem perlindungan sosial negara kesejahteraan welfare state salah satu terkuat dunia,-9,negatif
Taklimat Presiden pada Sidang Kabinet Paripurna,https://www.setneg.go.id/baca/index/taklimat_presiden_pada_sidang_kabinet_paripurna,"Kalau kita lihat program satu-satu, dan sebagian program-program ini dilaksanakan oleh presiden-presiden sebelum kita, pemerintah sebelum kita.",kalau kita lihat program satu satu dan sebagian program program ini dilaksanakan oleh presiden presiden sebelum kita pemerintah sebelum kita,kalau lihat program satu satu sebagian program program dilaksanakan presiden presiden kita pemerintah kita,6,positif
Taklimat Presiden pada Sidang Kabinet Paripurna,https://www.setneg.go.id/baca/index/taklimat_presiden_pada_sidang_kabinet_paripurna,"Jadi itu yang saya mengajak, jangan kita, apa, ya, punya budaya enggak tahu dari mana.",jadi itu yang saya mengajak jangan kita apa ya punya budaya enggak tahu dari mana,jadi yang mengajak jangan apa punya budaya enggak tahu mana,-14,negatif
Taklimat Presiden pada Sidang Kabinet Paripurna,https://www.setneg.go.id/baca/index/taklimat_presiden_pada_sidang_kabinet_paripurna,"Itu ada selalu mencari kekurangan dan kesalahan, habis itu mencaci maki pemimpin.",itu ada selalu mencari kekurangan dan kesalahan habis itu mencaci maki pemimpin,ada selalu mencari kekurangan kesalahan habis mencaci maki pemimpin,-27,negatif
Taklimat Presiden pada Sidang Kabinet Paripurna,https://www.setneg.go.id/baca/index/taklimat_presiden_pada_sidang_kabinet_paripurna,"Walaupun pemimpin sudah, sudah sepuh, pemimpin sudah enggak ada, pemimpin sudah turun, dan sebagainya, masih [dicaci maki], ini bukan budaya yang baik.",walaupun pemimpin sudah sudah sepuh pemimpin sudah enggak ada pemimpin sudah turun dan sebagainya masih dicaci maki ini bukan budaya yang baik,walaupun pemimpin sepuh pemimpin enggak pemimpin sudah turun sebagainya dicaci maki bukan budaya baik,-17,negatif
Taklimat Presiden pada Sidang Kabinet Paripurna,https://www.setneg.go.id/baca/index/taklimat_presiden_pada_sidang_kabinet_paripurna,"Saudara-saudara,Kalau kita lihat, upaya untuk mengurangi dan menghadapi orang miskin sangat besar.",saudara saudara kalau kita lihat upaya untuk mengurangi dan menghadapi orang miskin sangat besar,saudara saudara kalau lihat upaya mengurangi menghadapi orang miskin sangat besar,-14,negatif
Taklimat Presiden pada Sidang Kabinet Paripurna,https://www.setneg.go.id/baca/index/taklimat_presiden_pada_sidang_kabinet_paripurna,"Kita punya program Keluarga Harapan, 10.000 keluarga desil 1, 2, 3, dan 4.",kita punya program keluarga harapan keluarga desil dan,punya program keluarga harapan keluarga desil,-3,negatif
Taklimat Presiden pada Sidang Kabinet Paripurna,https://www.setneg.go.id/baca/index/taklimat_presiden_pada_sidang_kabinet_paripurna,"Eh, 10 juta?",eh juta,eh juta,2,positif
Taklimat Presiden pada Sidang Kabinet Paripurna,https://www.setneg.go.id/baca/index/taklimat_presiden_pada_sidang_kabinet_paripurna,10 juta keluarga.,juta keluarga,juta keluarga,-1,negatif
Taklimat Presiden pada Sidang Kabinet Paripurna,https://www.setneg.go.id/baca/index/taklimat_presiden_pada_sidang_kabinet_paripurna,Berarti kurang lebih 40 juta rakyat Indonesia menerima antara Rp75.000 sampai Rp250.000 per bulan.,berarti kurang lebih juta rakyat indonesia menerima antara rp sampai rp per bulan,berarti kurang lebih juta rakyat indonesia menerima rp rp per bulan,3,positif
Taklimat Presiden pada Sidang Kabinet Paripurna,https://www.setneg.go.id/baca/index/taklimat_presiden_pada_sidang_kabinet_paripurna,"Sekolah Rakyat, anak-anak dari desil yang paling miskin, total yang diterima itu Rp4 juta per bulan.",sekolah rakyat anak anak dari desil yang paling miskin total yang diterima itu rp juta per bulan,sekolah rakyat anak anak desil paling miskin total diterima rp juta per bulan,-5,negatif
Taklimat Presiden pada Sidang Kabinet Paripurna,https://www.setneg.go.id/baca/index/taklimat_presiden_pada_sidang_kabinet_paripurna,"Kartu Indonesia Pintar, ya, 1,2 juta mahasiswa dibantu biaya hidup Rp800.000 sampai Rp1,4 juta per bulan, bebas UKT, Uang Kuliah Tunggal, dibantu, langsung dibayar ke PT.",kartu indonesia pintar ya juta mahasiswa dibantu biaya hidup rp sampai rp juta per bulan bebas ukt uang kuliah tunggal dibantu langsung dibayar ke pt,kartu indonesia pintar juta mahasiswa dibantu biaya hidup rp rp juta per bulan bebas ukt uang kuliah tunggal dibantu langsung dibayar pt,3,positif
Taklimat Presiden pada Sidang Kabinet Paripurna,https://www.setneg.go.id/baca/index/taklimat_presiden_pada_sidang_kabinet_paripurna,"Program Indonesia Pintar, 22.100.000 siswa, 22.100.000 dari desil 1, 2, 3, 4 yang paling bawah.",program indonesia pintar siswa dari desil yang paling bawah,program indonesia pintar siswa desil paling bawah,3,positif
Taklimat Presiden pada Sidang Kabinet Paripurna,https://www.setneg.go.id/baca/index/taklimat_presiden_pada_sidang_kabinet_paripurna,Jadi keberpihakan kita kepada orang miskin luar biasa.,jadi keberpihakan kita kepada orang miskin luar biasa,jadi keberpihakan kepada orang miskin luar biasa,-11,negatif
Taklimat Presiden pada Sidang Kabinet Paripurna,https://www.setneg.go.id/baca/index/taklimat_presiden_pada_sidang_kabinet_paripurna,"Kartu Sembako, Rp200.000 per bulan, yang menerima adalah 18.250.000 keluarga, 18.250.000 keluarga kalau dikali empat ini berapa ini?",kartu sembako rp per bulan yang menerima adalah keluarga keluarga kalau dikali empat ini berapa ini,kartu sembako rp per bulan menerima keluarga keluarga kalau dikali empat berapa,-5,negatif
Taklimat Presiden pada Sidang Kabinet Paripurna,https://www.setneg.go.id/baca/index/taklimat_presiden_pada_sidang_kabinet_paripurna,"Kembali, mendekati 40 juta.",kembali mendekati juta,mendekati juta,2,positif
Taklimat Presiden pada Sidang Kabinet Paripurna,https://www.setneg.go.id/baca/index/taklimat_presiden_pada_sidang_kabinet_paripurna,"Bansos ATENSI, 83.000 orang menerima bansos.",bansos atensi orang menerima bansos,bansos atensi orang menerima bansos,5,positif
Taklimat Presiden pada Sidang Kabinet Paripurna,https://www.setneg.go.id/baca/index/taklimat_presiden_pada_sidang_kabinet_paripurna,"Jaminan Kesehatan Nasional, Jaminan Kesehatan Nasional 96.800.000 orang, nyaris 100 juta, 20 kali lebih besar dari Singapura, 3,5 kali lebih besar dari Malaysia, kita beri jaminan.",jaminan kesehatan nasional jaminan kesehatan nasional orang nyaris juta kali lebih besar dari singapura kali lebih besar dari malaysia kita beri jaminan,jaminan kesehatan nasional jaminan kesehatan nasional orang nyaris juta kali lebih besar singapura kali lebih besar malaysia beri jaminan,-2,negatif
Taklimat Presiden pada Sidang Kabinet Paripurna,https://www.setneg.go.id/baca/index/taklimat_presiden_pada_sidang_kabinet_paripurna,"Bantuan Pemberdayaan Sosial Ekonomi, Bantuan Stimulan Perumahan Swadaya, Rp20 juta per rumah, 400.000 penerima manfaat.",bantuan pemberdayaan sosial ekonomi bantuan stimulan perumahan swadaya rp juta per rumah penerima manfaat,bantuan pemberdayaan sosial ekonomi bantuan stimulan perumahan swadaya rp juta per rumah penerima manfaat,16,positif
Taklimat Presiden pada Sidang Kabinet Paripurna,https://www.setneg.go.id/baca/index/taklimat_presiden_pada_sidang_kabinet_paripurna,"Nanti saya minta Menteri Perumahan, Menteri Sosial dikaji kembali.",nanti saya minta menteri perumahan menteri sosial dikaji kembali,saya minta menteri perumahan menteri sosial dikaji,-2,negatif
Taklimat Presiden pada Sidang Kabinet Paripurna,https://www.setneg.go.id/baca/index/taklimat_presiden_pada_sidang_kabinet_paripurna,"Apakah ditambah penerima manfaat, sehingga indeksnya bisa dikurangi, ya.",apakah ditambah penerima manfaat sehingga indeksnya bisa dikurangi ya,ditambah penerima manfaat indeksnya dikurangi,7,positif
Taklimat Presiden pada Sidang Kabinet Paripurna,https://www.setneg.go.id/baca/index/taklimat_presiden_pada_sidang_kabinet_paripurna,"Mungkin dengan kita tidak kasih uang tapi kasih bahan, ya.",mungkin dengan kita tidak kasih uang tapi kasih bahan ya,mungkin kita kasih uang kasih bahan,-6,negatif
Taklimat Presiden pada Sidang Kabinet Paripurna,https://www.setneg.go.id/baca/index/taklimat_presiden_pada_sidang_kabinet_paripurna,"Kasih semen, kasih genting, kasih kayu, atau kasih baja ringan dan sebagainya, supaya lebih banyak bisa menerima.",kasih semen kasih genting kasih kayu atau kasih baja ringan dan sebagainya supaya lebih banyak bisa menerima,kasih semen kasih genting kasih kayu kasih baja ringan sebagainya lebih banyak menerima,-4,negatif
Taklimat Presiden pada Sidang Kabinet Paripurna,https://www.setneg.go.id/baca/index/taklimat_presiden_pada_sidang_kabinet_paripurna,Fasilitas Likuiditas Pemberdayaan Perumahan (FLPP) Rp727.000 per bulan untuk 1.877.747 rumah tangga.,fasilitas likuiditas pemberdayaan perumahan flpp rp per bulan untuk rumah tangga,fasilitas likuiditas pemberdayaan perumahan flpp rp per bulan rumah tangga,-2,negatif
Taklimat Presiden pada Sidang Kabinet Paripurna,https://www.setneg.go.id/baca/index/taklimat_presiden_pada_sidang_kabinet_paripurna,"Bantuan Bencana, Saudara-saudara, ya, cukup besar bantuan bencana kita adalah Rp30 triliun per tahun.",bantuan bencana saudara saudara ya cukup besar bantuan bencana kita adalah rp triliun per tahun,bantuan bencana saudara saudara cukup besar bantuan bencana adalah rp triliun per tahun,-17,negatif
Taklimat Presiden pada Sidang Kabinet Paripurna,https://www.setneg.go.id/baca/index/taklimat_presiden_pada_sidang_kabinet_paripurna,"Subsidi LPG, Rp66.400.000 rumah tangga menerima subsidi LPG, Rp66.400.000 rumah tangga.",subsidi lpg rp rumah tangga menerima subsidi lpg rp rumah tangga,subsidi lpg rp rumah tangga menerima subsidi lpg rp rumah tangga,9,positif
Taklimat Presiden pada Sidang Kabinet Paripurna,https://www.setneg.go.id/baca/index/taklimat_presiden_pada_sidang_kabinet_paripurna,"Dua kali Malaysia, dua belas kali Singapura.",dua kali malaysia dua belas kali singapura,kali malaysia belas kali singapura,-3,negatif
Taklimat Presiden pada Sidang Kabinet Paripurna,https://www.setneg.go.id/baca/index/taklimat_presiden_pada_sidang_kabinet_paripurna,"Boleh juga, ya, pemerintah Republik Indonesia, Saudara-saudara.",boleh juga ya pemerintah republik indonesia saudara saudara,juga pemerintah republik indonesia saudara saudara,0,netral
Taklimat Presiden pada Sidang Kabinet Paripurna,https://www.setneg.go.id/baca/index/taklimat_presiden_pada_sidang_kabinet_paripurna,"Saudara bangga jadi menteri, bangga jadi pemerintah Indonesia, ya.",saudara bangga jadi menteri bangga jadi pemerintah indonesia ya,saudara bangga jadi menteri bangga jadi pemerintah indonesia,2,positif
Taklimat Presiden pada Sidang Kabinet Paripurna,https://www.setneg.go.id/baca/index/taklimat_presiden_pada_sidang_kabinet_paripurna,"Saudara-saudara,Tanpa kita sadari sebetulnya,what we have achieved.",saudara saudara tanpa kita sadari sebetulnya what we have achieved,saudara saudara kita sadari what we have achieved,0,netral
Taklimat Presiden pada Sidang Kabinet Paripurna,https://www.setneg.go.id/baca/index/taklimat_presiden_pada_sidang_kabinet_paripurna,"Dan selalu saya katakan, Saudara-saudara, marilah kita sadar ini prestasi kita bersama dari zaman Bung Karno sampai sekarang.",dan selalu saya katakan saudara saudara marilah kita sadar ini prestasi kita bersama dari zaman bung karno sampai sekarang,selalu katakan saudara saudara marilah sadar prestasi bersama zaman bung karno sekarang,1,positif
Taklimat Presiden pada Sidang Kabinet Paripurna,https://www.setneg.go.id/baca/index/taklimat_presiden_pada_sidang_kabinet_paripurna,"Subsidi dan Kompensasi Solar, ada 484.000 rumah tangga.",subsidi dan kompensasi solar ada rumah tangga,subsidi kompensasi solar rumah tangga,3,positif
Taklimat Presiden pada Sidang Kabinet Paripurna,https://www.setneg.go.id/baca/index/taklimat_presiden_pada_sidang_kabinet_paripurna,"Kompensasi Pertalite, nah, ini, Rp89.000 per bulan, 33 juta orang, eh, 33 juta rumah tangga, hampir 34 [juta], 33.787.364 rumah tangga.",kompensasi pertalite nah ini rp per bulan juta orang eh juta rumah tangga hampir juta rumah tangga,kompensasi pertalite nah rp per bulan juta orang eh juta rumah tangga hampir juta rumah tangga,11,positif
Taklimat Presiden pada Sidang Kabinet Paripurna,https://www.setneg.go.id/baca/index/taklimat_presiden_pada_sidang_kabinet_paripurna,"Subsidi dan Kompensasi Listrik, Rp130.000 sampai Rp150.000 per bulan, 87 juta rumah tangga, 87 juta rumah tangga, hampir seluruh rakyat Indonesia itu.",subsidi dan kompensasi listrik rp sampai rp per bulan juta rumah tangga juta rumah tangga hampir seluruh rakyat indonesia itu,subsidi kompensasi listrik rp rp per bulan juta rumah tangga juta rumah tangga hampir seluruh rakyat indonesia,9,positif
Taklimat Presiden pada Sidang Kabinet Paripurna,https://www.setneg.go.id/baca/index/taklimat_presiden_pada_sidang_kabinet_paripurna,"Diskon Tarif Kereta Api, 1,3 juta penumpang.",diskon tarif kereta api juta penumpang,diskon tarif kereta api juta penumpang,-5,negatif
Taklimat Presiden pada Sidang Kabinet Paripurna,https://www.setneg.go.id/baca/index/taklimat_presiden_pada_sidang_kabinet_paripurna,"Diskon Angkutan Laut, hampir 500 ribu [penerima].",diskon angkutan laut hampir ribu penerima,diskon angkutan laut hampir ribu penerima,4,positif
Taklimat Presiden pada Sidang Kabinet Paripurna,https://www.setneg.go.id/baca/index/taklimat_presiden_pada_sidang_kabinet_paripurna,"Bantuan Pangan, 10 kilogram beras, 2 liter minyak goreng untuk tiga bulan, 33.24 juta keluarga di desil 1, 2, 3, 4.",bantuan pangan kilogram beras liter minyak goreng untuk tiga bulan juta keluarga di desil,bantuan pangan kilogram beras liter minyak goreng tiga bulan juta keluarga desil,-4,negatif
Taklimat Presiden pada Sidang Kabinet Paripurna,https://www.setneg.go.id/baca/index/taklimat_presiden_pada_sidang_kabinet_paripurna,Tunjukkan negara mana seperti kita.,tunjukkan negara mana seperti kita,tunjukkan negara mana kita,0,netral
Taklimat Presiden pada Sidang Kabinet Paripurna,https://www.setneg.go.id/baca/index/taklimat_presiden_pada_sidang_kabinet_paripurna,"Pasti ada yang lebih hebat, pasti.",pasti ada yang lebih hebat pasti,ada lebih hebat,-2,negatif
Taklimat Presiden pada Sidang Kabinet Paripurna,https://www.setneg.go.id/baca/index/taklimat_presiden_pada_sidang_kabinet_paripurna,"Tapi untuk bangsa Indonesia,not bad, lah, ya.",tapi untuk bangsa indonesia not bad lah ya,untuk bangsa indonesia not bad lah,-4,negatif
Taklimat Presiden pada Sidang Kabinet Paripurna,https://www.setneg.go.id/baca/index/taklimat_presiden_pada_sidang_kabinet_paripurna,Jangan anggap enteng kita terus.We are strong.,jangan anggap enteng kita terus we are strong,jangan anggap enteng terus we are strong,-5,negatif
Taklimat Presiden pada Sidang Kabinet Paripurna,https://www.setneg.go.id/baca/index/taklimat_presiden_pada_sidang_kabinet_paripurna,"We are strong, we are rich, and we will be richer.Kita akan lebih kaya, Saudara-saudara sekalian.",we are strong we are rich and we will be richer kita akan lebih kaya saudara saudara sekalian,we are strong we are rich and we will be richer akan lebih kaya saudara saudara sekalian,-1,negatif
Taklimat Presiden pada Sidang Kabinet Paripurna,https://www.setneg.go.id/baca/index/taklimat_presiden_pada_sidang_kabinet_paripurna,"Karena, kita tidak mau jadi lugu lagi.",karena kita tidak mau jadi lugu lagi,kita mau jadi lugu,-5,negatif
Taklimat Presiden pada Sidang Kabinet Paripurna,https://www.setneg.go.id/baca/index/taklimat_presiden_pada_sidang_kabinet_paripurna,"Kita terlalu lugu, lugu, terlalu naif, ya, terlalu baik.",kita terlalu lugu lugu terlalu naif ya terlalu baik,terlalu lugu lugu terlalu naif terlalu baik,-14,negatif
Taklimat Presiden pada Sidang Kabinet Paripurna,https://www.setneg.go.id/baca/index/taklimat_presiden_pada_sidang_kabinet_paripurna,"Wartawan masih ada, ya?",wartawan masih ada ya,wartawan ada,-3,negatif
Taklimat Presiden pada Sidang Kabinet Paripurna,https://www.setneg.go.id/baca/index/taklimat_presiden_pada_sidang_kabinet_paripurna,Masih ada?,masih ada,ada,-3,negatif
Taklimat Presiden pada Sidang Kabinet Paripurna,https://www.setneg.go.id/baca/index/taklimat_presiden_pada_sidang_kabinet_paripurna,"Makan Bergizi Gratis (MBG), ya, 74.560.000 siswa, ibu hamil/menyusui, balita, dan lanjut usia, Saudara-saudara.",makan bergizi gratis mbg ya siswa ibu hamil menyusui balita dan lanjut usia saudara saudara,makan bergizi gratis mbg siswa ibu hamil menyusui balita lanjut usia saudara saudara,-4,negatif
Taklimat Presiden pada Sidang Kabinet Paripurna,https://www.setneg.go.id/baca/index/taklimat_presiden_pada_sidang_kabinet_paripurna,"Cek Kesehatan Gratis, 130.800.000 orang.",cek kesehatan gratis orang,cek kesehatan gratis orang,0,netral
Taklimat Presiden pada Sidang Kabinet Paripurna,https://www.setneg.go.id/baca/index/taklimat_presiden_pada_sidang_kabinet_paripurna,"Pertama kali, kalau ini pertama kali cek kesehatan gratis itu, ya.",pertama kali kalau ini pertama kali cek kesehatan gratis itu ya,pertama kali kalau pertama kali cek kesehatan gratis ya,3,positif
Taklimat Presiden pada Sidang Kabinet Paripurna,https://www.setneg.go.id/baca/index/taklimat_presiden_pada_sidang_kabinet_paripurna,"Kita cek, tahu kondisi, tahu masalah, tahu apa yang harus kita kerjakan sekarang.",kita cek tahu kondisi tahu masalah tahu apa yang harus kita kerjakan sekarang,cek tahu kondisi tahu masalah tahu apa harus kerjakan sekarang,-28,negatif
Taklimat Presiden pada Sidang Kabinet Paripurna,https://www.setneg.go.id/baca/index/taklimat_presiden_pada_sidang_kabinet_paripurna,"Ternyata rakyat kita banyak sekali yang sakit gigi, giginya rusak.",ternyata rakyat kita banyak sekali yang sakit gigi giginya rusak,ternyata rakyat banyak sekali sakit gigi giginya rusak,-13,negatif
Taklimat Presiden pada Sidang Kabinet Paripurna,https://www.setneg.go.id/baca/index/taklimat_presiden_pada_sidang_kabinet_paripurna,"Artinya, dokter gigi kurang.",artinya dokter gigi kurang,artinya dokter gigi kurang,-3,negatif
Taklimat Presiden pada Sidang Kabinet Paripurna,https://www.setneg.go.id/baca/index/taklimat_presiden_pada_sidang_kabinet_paripurna,"Tapi, kalau kita enggak tahu bagaimana?",tapi kalau kita enggak tahu bagaimana,kalau enggak tahu bagaimana,-5,negatif
Taklimat Presiden pada Sidang Kabinet Paripurna,https://www.setneg.go.id/baca/index/taklimat_presiden_pada_sidang_kabinet_paripurna,"Program Afirmatif, 150.000 sarjana S1,fresh graduatemagang enam bulan.",program afirmatif sarjana s fresh graduatemagang enam bulan,program afirmatif sarjana s fresh graduatemagang enam bulan,-3,negatif
Taklimat Presiden pada Sidang Kabinet Paripurna,https://www.setneg.go.id/baca/index/taklimat_presiden_pada_sidang_kabinet_paripurna,"Dan saya dapat laporan, ya, Menteri Tenaga Kerja, kurang lebih 60 persen yang langsung dapat pekerjaan di tempat dia magang.",dan saya dapat laporan ya menteri tenaga kerja kurang lebih persen yang langsung dapat pekerjaan di tempat dia magang,saya laporan menteri tenaga kerja kurang lebih persen langsung pekerjaan tempat magang,0,netral
Taklimat Presiden pada Sidang Kabinet Paripurna,https://www.setneg.go.id/baca/index/taklimat_presiden_pada_sidang_kabinet_paripurna,"Sekolah Unggul Garuda, Rp9.500.000 per bulan.",sekolah unggul garuda rp per bulan,sekolah unggul garuda rp per bulan,2,positif
Taklimat Presiden pada Sidang Kabinet Paripurna,https://www.setneg.go.id/baca/index/taklimat_presiden_pada_sidang_kabinet_paripurna,"Ini adalah anak-anak yang terpintar walaupun dari keluarga tidak mampu, masuk ke Sekolah Unggul Garuda.",ini adalah anak anak yang terpintar walaupun dari keluarga tidak mampu masuk ke sekolah unggul garuda,adalah anak anak terpintar walaupun keluarga mampu masuk sekolah unggul garuda,-13,negatif
Taklimat Presiden pada Sidang Kabinet Paripurna,https://www.setneg.go.id/baca/index/taklimat_presiden_pada_sidang_kabinet_paripurna,Niatnya adalah mereka ini akan nanti masuk ke program-program yang paling berkualitas di seluruh dunia.,niatnya adalah mereka ini akan nanti masuk ke program program yang paling berkualitas di seluruh dunia,niatnya mereka akan masuk program program paling berkualitas seluruh dunia,-1,negatif
Taklimat Presiden pada Sidang Kabinet Paripurna,https://www.setneg.go.id/baca/index/taklimat_presiden_pada_sidang_kabinet_paripurna,Rencana kita baru empat Sekolah Unggulan Garuda yang terbangun.,rencana kita baru empat sekolah unggulan garuda yang terbangun,rencana baru empat sekolah unggulan garuda terbangun,7,positif
Taklimat Presiden pada Sidang Kabinet Paripurna,https://www.setneg.go.id/baca/index/taklimat_presiden_pada_sidang_kabinet_paripurna,Prof.,prof,prof,0,netral
Taklimat Presiden pada Sidang Kabinet Paripurna,https://www.setneg.go.id/baca/index/taklimat_presiden_pada_sidang_kabinet_paripurna,"Brian, berapa rencananya?",brian berapa rencananya,brian berapa rencananya,0,netral
Taklimat Presiden pada Sidang Kabinet Paripurna,https://www.setneg.go.id/baca/index/taklimat_presiden_pada_sidang_kabinet_paripurna,Total SMA Garuda?,total sma garuda,total sma garuda,0,netral
Taklimat Presiden pada Sidang Kabinet Paripurna,https://www.setneg.go.id/baca/index/taklimat_presiden_pada_sidang_kabinet_paripurna,"Beasiswa LPDP, 23.289 mahasiswa untuk dalam negeri dan luar negeri, beasiswa S1 Garuda, Beasiswa S1 Unhan, Beasiswa Sekolah Taruna Nusantara.",beasiswa lpdp mahasiswa untuk dalam negeri dan luar negeri beasiswa s garuda beasiswa s unhan beasiswa sekolah taruna nusantara,beasiswa lpdp mahasiswa dalam negeri luar negeri beasiswa s garuda beasiswa s unhan beasiswa sekolah taruna nusantara,6,positif
Taklimat Presiden pada Sidang Kabinet Paripurna,https://www.setneg.go.id/baca/index/taklimat_presiden_pada_sidang_kabinet_paripurna,"Subsidi Pupuk, subsidi pupuk Rp334.166 per bulan, penerimaan manfaat 14.205.757 petani dan pembudi daya ikan menerima subsidi pupuk.",subsidi pupuk subsidi pupuk rp per bulan penerimaan manfaat petani dan pembudi daya ikan menerima subsidi pupuk,subsidi pupuk subsidi pupuk rp per bulan penerimaan manfaat petani pembudi daya ikan menerima subsidi pupuk,7,positif
Taklimat Presiden pada Sidang Kabinet Paripurna,https://www.setneg.go.id/baca/index/taklimat_presiden_pada_sidang_kabinet_paripurna,"Subsidi Bunga KUR Rp500.000 per bulan, 6.084.205 debitur yang menerima.",subsidi bunga kur rp per bulan debitur yang menerima,subsidi bunga kur rp per bulan debitur menerima,-1,negatif
Taklimat Presiden pada Sidang Kabinet Paripurna,https://www.setneg.go.id/baca/index/taklimat_presiden_pada_sidang_kabinet_paripurna,"Sertifikat [Halal] Gratis, 1.350.000 UMK.",sertifikat halal gratis umk,sertifikat halal gratis umk,4,positif
Taklimat Presiden pada Sidang Kabinet Paripurna,https://www.setneg.go.id/baca/index/taklimat_presiden_pada_sidang_kabinet_paripurna,"Saudara-saudara, ini adalah program saya sebutkan rinci supaya kita mengerti apa yang sudah kita lakukan.",saudara saudara ini adalah program saya sebutkan rinci supaya kita mengerti apa yang sudah kita lakukan,saudara saudara adalah program sebutkan rinci mengerti apa sudah kita lakukan,-7,negatif
Taklimat Presiden pada Sidang Kabinet Paripurna,https://www.setneg.go.id/baca/index/taklimat_presiden_pada_sidang_kabinet_paripurna,"Saudara-saudara,Kita paham dan mengerti bahwa masa depan kita akan ditentukan oleh kualitas manusia kita, kualitas anak-anak kita, kualitas fisik, kesehatan, karena itu gizi sangat penting, tapi juga kualitas pendidikan.",saudara saudara kita paham dan mengerti bahwa masa depan kita akan ditentukan oleh kualitas manusia kita kualitas anak anak kita kualitas fisik kesehatan karena itu gizi sangat penting tapi juga kualitas pendidikan,saudara saudara paham mengerti masa depan akan ditentukan kualitas manusia kualitas anak anak kualitas fisik kesehatan itu gizi sangat penting juga kualitas pendidikan,0,netral
Taklimat Presiden pada Sidang Kabinet Paripurna,https://www.setneg.go.id/baca/index/taklimat_presiden_pada_sidang_kabinet_paripurna,Kita paham bahwa pendidikan kita banyak ketertinggalan.,kita paham bahwa pendidikan kita banyak ketertinggalan,paham pendidikan banyak ketertinggalan,-3,negatif
Taklimat Presiden pada Sidang Kabinet Paripurna,https://www.setneg.go.id/baca/index/taklimat_presiden_pada_sidang_kabinet_paripurna,"Negara kita sangat besar, luas.",negara kita sangat besar luas,negara sangat besar luas,-4,negatif
Taklimat Presiden pada Sidang Kabinet Paripurna,https://www.setneg.go.id/baca/index/taklimat_presiden_pada_sidang_kabinet_paripurna,"Kita memiliki lebih dari 288.000 sekolah, banyak di tempat terpencil.",kita memiliki lebih dari sekolah banyak di tempat terpencil,memiliki lebih sekolah banyak tempat terpencil,-7,negatif
Taklimat Presiden pada Sidang Kabinet Paripurna,https://www.setneg.go.id/baca/index/taklimat_presiden_pada_sidang_kabinet_paripurna,Salah satu upaya kita adalah digitalisasi pendidikan.,salah satu upaya kita adalah digitalisasi pendidikan,salah satu upaya adalah digitalisasi pendidikan,-9,negatif
Taklimat Presiden pada Sidang Kabinet Paripurna,https://www.setneg.go.id/baca/index/taklimat_presiden_pada_sidang_kabinet_paripurna,"Kita sudah membagiinteractive flat panel,layar pintar di seluruh sekolah Indonesia.",kita sudah membagiinteractive flat panel layar pintar di seluruh sekolah indonesia,sudah membagiinteractive flat panel layar pintar seluruh sekolah indonesia,1,positif
Taklimat Presiden pada Sidang Kabinet Paripurna,https://www.setneg.go.id/baca/index/taklimat_presiden_pada_sidang_kabinet_paripurna,"Satu per sekolah, tahun lalu sudah kita bagikan.",satu per sekolah tahun lalu sudah kita bagikan,satu per sekolah tahun lalu kita bagikan,5,positif
Taklimat Presiden pada Sidang Kabinet Paripurna,https://www.setneg.go.id/baca/index/taklimat_presiden_pada_sidang_kabinet_paripurna,"Tahun ini kita akan tambah, tiga kelas per sekolah.",tahun ini kita akan tambah tiga kelas per sekolah,tahun kita tambah tiga kelas per sekolah,3,positif
Taklimat Presiden pada Sidang Kabinet Paripurna,https://www.setneg.go.id/baca/index/taklimat_presiden_pada_sidang_kabinet_paripurna,"Saya harapkan di akhir 2026 akan sudah tersampaikan, terkirim kurang lebih tambahan 700.000 panel pintar atausmart digital paneldi seluruh sekolah Indonesia akhir Desember 2026 atau semester pertama 2027.",saya harapkan di akhir akan sudah tersampaikan terkirim kurang lebih tambahan panel pintar atausmart digital paneldi seluruh sekolah indonesia akhir desember atau semester pertama,harapkan akhir sudah tersampaikan terkirim kurang lebih tambahan panel pintar atausmart digital paneldi seluruh sekolah indonesia akhir desember semester pertama,4,positif
Taklimat Presiden pada Sidang Kabinet Paripurna,https://www.setneg.go.id/baca/index/taklimat_presiden_pada_sidang_kabinet_paripurna,Apa artinya ini?,apa artinya ini,apa artinya,-3,negatif
Taklimat Presiden pada Sidang Kabinet Paripurna,https://www.setneg.go.id/baca/index/taklimat_presiden_pada_sidang_kabinet_paripurna,"Artinya, bahwa anak-anak kita dan guru-guru kita di seluruh Indonesia punya akses untuk materi pembelajaran terbaik.",artinya bahwa anak anak kita dan guru guru kita di seluruh indonesia punya akses untuk materi pembelajaran terbaik,artinya anak anak dan guru guru di seluruh indonesia punya akses materi pembelajaran terbaik,10,positif
Taklimat Presiden pada Sidang Kabinet Paripurna,https://www.setneg.go.id/baca/index/taklimat_presiden_pada_sidang_kabinet_paripurna,"Baru saja kita dapat berita bagus dari PBB, ya,International Telecommunication Unionmemberi penghargaan tertinggi kepada kita, Indonesia, dari 122 negara, ya, dalam kategorie-governmentdan kategori digitalisasi pendidikan, bahwa kita punyaappsyang dilaksanakan oleh Menteri Dikdasmen, ya, Kementerian Dikdasmen, Rumah Pendidikan, portal interintegrasi denganinteractive flat panelyang kita bagikan, telah digunakan oleh lebih dari 6,9 juta pengguna, menyediakan 4.843 sumber belajar gratis, dan membantu ratusan ribu guru di daerah tertinggal, terdepan, dan terluar.",baru saja kita dapat berita bagus dari pbb ya international telecommunication unionmemberi penghargaan tertinggi kepada kita indonesia dari negara ya dalam kategorie governmentdan kategori digitalisasi pendidikan bahwa kita punyaappsyang dilaksanakan oleh menteri dikdasmen ya kementerian dikdasmen rumah pendidikan portal interintegrasi denganinteractive flat panelyang kita bagikan telah digunakan oleh lebih dari juta pengguna menyediakan sumber belajar gratis dan membantu ratusan ribu guru di daerah tertinggal terdepan dan terluar,baru berita bagus pbb international telecommunication unionmemberi penghargaan tertinggi kita indonesia negara dalam kategorie governmentdan kategori digitalisasi pendidikan kita punyaappsyang dilaksanakan menteri dikdasmen kementerian dikdasmen rumah pendidikan portal interintegrasi denganinteractive flat panelyang kita bagikan digunakan lebih juta pengguna menyediakan sumber belajar gratis membantu ratusan ribu guru daerah tertinggal terdepan terluar,14,positif
Taklimat Presiden pada Sidang Kabinet Paripurna,https://www.setneg.go.id/baca/index/taklimat_presiden_pada_sidang_kabinet_paripurna,Penghargaan dari PBB ini membuktikan digitalisasi pendidikan kita diakui dunia.,penghargaan dari pbb ini membuktikan digitalisasi pendidikan kita diakui dunia,penghargaan pbb membuktikan digitalisasi pendidikan diakui dunia,-2,negatif
Taklimat Presiden pada Sidang Kabinet Paripurna,https://www.setneg.go.id/baca/index/taklimat_presiden_pada_sidang_kabinet_paripurna,Kita melompat.,kita melompat,melompat,0,netral
Taklimat Presiden pada Sidang Kabinet Paripurna,https://www.setneg.go.id/baca/index/taklimat_presiden_pada_sidang_kabinet_paripurna,"Kita melompat, Saudara-saudara.",kita melompat saudara saudara,melompat saudara saudara,0,netral
Taklimat Presiden pada Sidang Kabinet Paripurna,https://www.setneg.go.id/baca/index/taklimat_presiden_pada_sidang_kabinet_paripurna,"Kita tidak cepat puas, perjalanan masih jauh.",kita tidak cepat puas perjalanan masih jauh,tidak cepat puas perjalanan jauh,-9,negatif
Taklimat Presiden pada Sidang Kabinet Paripurna,https://www.setneg.go.id/baca/index/taklimat_presiden_pada_sidang_kabinet_paripurna,"Tapi, kita ingin memperbaiki semua sekolah kita.",tapi kita ingin memperbaiki semua sekolah kita,memperbaiki semua sekolah kita,0,netral
Taklimat Presiden pada Sidang Kabinet Paripurna,https://www.setneg.go.id/baca/index/taklimat_presiden_pada_sidang_kabinet_paripurna,"Tahun ini kita akan selesai 77 ribu sekolah renovasi, tahun depan target kita 100 ribu, tahun 2028 100 ribu.",tahun ini kita akan selesai ribu sekolah renovasi tahun depan target kita ribu tahun ribu,tahun selesai ribu sekolah renovasi tahun depan target kita ribu tahun ribu,3,positif
Taklimat Presiden pada Sidang Kabinet Paripurna,https://www.setneg.go.id/baca/index/taklimat_presiden_pada_sidang_kabinet_paripurna,"Kita berharap di 2029, seluruh sekolah Indonesia sudah direnovasi.",kita berharap di seluruh sekolah indonesia sudah direnovasi,berharap seluruh sekolah indonesia direnovasi,0,netral
Taklimat Presiden pada Sidang Kabinet Paripurna,https://www.setneg.go.id/baca/index/taklimat_presiden_pada_sidang_kabinet_paripurna,Seluruh sekolah di Indonesia sudah direnovasi.,seluruh sekolah di indonesia sudah direnovasi,seluruh sekolah indonesia direnovasi,3,positif
Taklimat Presiden pada Sidang Kabinet Paripurna,https://www.setneg.go.id/baca/index/taklimat_presiden_pada_sidang_kabinet_paripurna,"Dan, uangnya, uangnya kita akan kirim langsung ke kepala sekolah, diawasi oleh komite orang tua, komite guru, dan sebagainya.",dan uangnya uangnya kita akan kirim langsung ke kepala sekolah diawasi oleh komite orang tua komite guru dan sebagainya,uangnya uangnya akan kirim langsung kepala sekolah diawasi komite orang tua komite guru sebagainya,7,positif
Taklimat Presiden pada Sidang Kabinet Paripurna,https://www.setneg.go.id/baca/index/taklimat_presiden_pada_sidang_kabinet_paripurna,"Dan, ternyata hasilnya sangat baik.",dan ternyata hasilnya sangat baik,ternyata hasilnya sangat baik,-6,negatif
Taklimat Presiden pada Sidang Kabinet Paripurna,https://www.setneg.go.id/baca/index/taklimat_presiden_pada_sidang_kabinet_paripurna,"Kalau tidak salah, ya, Menteri Mendikdasmen, ada di sini?",kalau tidak salah ya menteri mendikdasmen ada di sini,kalau salah menteri mendikdasmen di sini,-5,negatif
Taklimat Presiden pada Sidang Kabinet Paripurna,https://www.setneg.go.id/baca/index/taklimat_presiden_pada_sidang_kabinet_paripurna,Ya.,ya,,0,netral
Taklimat Presiden pada Sidang Kabinet Paripurna,https://www.setneg.go.id/baca/index/taklimat_presiden_pada_sidang_kabinet_paripurna,Umpan balik yang Saudara terima cukup bagus?,umpan balik yang saudara terima cukup bagus,umpan balik saudara terima cukup bagus,-13,negatif
Taklimat Presiden pada Sidang Kabinet Paripurna,https://www.setneg.go.id/baca/index/taklimat_presiden_pada_sidang_kabinet_paripurna,Baik.,baik,baik,-1,negatif
Taklimat Presiden pada Sidang Kabinet Paripurna,https://www.setneg.go.id/baca/index/taklimat_presiden_pada_sidang_kabinet_paripurna,Terima kasih.,terima kasih,terima kasih,1,positif
Taklimat Presiden pada Sidang Kabinet Paripurna,https://www.setneg.go.id/baca/index/taklimat_presiden_pada_sidang_kabinet_paripurna,"Saudara-saudara,Digitalisasi pemerintahan mutlak harus kita lakukan.",saudara saudara digitalisasi pemerintahan mutlak harus kita lakukan,saudara saudara digitalisasi pemerintahan mutlak kita lakukan,-3,negatif
Taklimat Presiden pada Sidang Kabinet Paripurna,https://www.setneg.go.id/baca/index/taklimat_presiden_pada_sidang_kabinet_paripurna,Kita tidak boleh mempunyai puluhan aplikasi yang tidak saling berbicara.,kita tidak boleh mempunyai puluhan aplikasi yang tidak saling berbicara,tidak mempunyai puluhan aplikasi tidak saling berbicara,-13,negatif
Taklimat Presiden pada Sidang Kabinet Paripurna,https://www.setneg.go.id/baca/index/taklimat_presiden_pada_sidang_kabinet_paripurna,Kita tidak boleh meminta rakyat berkali-kali memasukkan data yang sama.,kita tidak boleh meminta rakyat berkali kali memasukkan data yang sama,tidak meminta rakyat berkali kali memasukkan data sama,-4,negatif
Taklimat Presiden pada Sidang Kabinet Paripurna,https://www.setneg.go.id/baca/index/taklimat_presiden_pada_sidang_kabinet_paripurna,Kita tidak boleh membiarkan rakyat mengeluarkan uang hanya untuk membuktikan bahwa dirinya miskin.,kita tidak boleh membiarkan rakyat mengeluarkan uang hanya untuk membuktikan bahwa dirinya miskin,tidak membiarkan rakyat mengeluarkan uang untuk membuktikan dirinya miskin,-17,negatif
Taklimat Presiden pada Sidang Kabinet Paripurna,https://www.setneg.go.id/baca/index/taklimat_presiden_pada_sidang_kabinet_paripurna,"Saat ini dari laporan Dewan Ekonomi Nasional, digitalisasi program bantuan sosial telah dijalankan di 43 kabupaten dan kota pada 26 provinsi.",saat ini dari laporan dewan ekonomi nasional digitalisasi program bantuan sosial telah dijalankan di kabupaten dan kota pada provinsi,ini laporan dewan ekonomi nasional digitalisasi program bantuan sosial dijalankan kabupaten kota provinsi,-5,negatif
Taklimat Presiden pada Sidang Kabinet Paripurna,https://www.setneg.go.id/baca/index/taklimat_presiden_pada_sidang_kabinet_paripurna,"Sudah sekitar 1 juta keluarga terdaftar dari target 12,5 juta keluarga.",sudah sekitar juta keluarga terdaftar dari target juta keluarga,sekitar juta keluarga terdaftar target juta keluarga,-1,negatif
Taklimat Presiden pada Sidang Kabinet Paripurna,https://www.setneg.go.id/baca/index/taklimat_presiden_pada_sidang_kabinet_paripurna,"Sebelumnya untuk mengurus berbagai dokumen dan mendaftar bantuan, sebuah keluarga dapat mengeluarkan biaya sekitar Rp150.000.",sebelumnya untuk mengurus berbagai dokumen dan mendaftar bantuan sebuah keluarga dapat mengeluarkan biaya sekitar rp,sebelumnya mengurus berbagai dokumen mendaftar bantuan sebuah keluarga mengeluarkan biaya rp,0,netral
Taklimat Presiden pada Sidang Kabinet Paripurna,https://www.setneg.go.id/baca/index/taklimat_presiden_pada_sidang_kabinet_paripurna,"Sekarang, proses itu dapat dilakukan secara gratis.",sekarang proses itu dapat dilakukan secara gratis,sekarang proses dapat dilakukan gratis,3,positif
Taklimat Presiden pada Sidang Kabinet Paripurna,https://www.setneg.go.id/baca/index/taklimat_presiden_pada_sidang_kabinet_paripurna,Ini manfaat langsung dari digitalisasi.,ini manfaat langsung dari digitalisasi,manfaat langsung digitalisasi,8,positif
Taklimat Presiden pada Sidang Kabinet Paripurna,https://www.setneg.go.id/baca/index/taklimat_presiden_pada_sidang_kabinet_paripurna,Tapi tentunya kita harus melangkah lebih jauh.,tapi tentunya kita harus melangkah lebih jauh,tentunya harus melangkah lebih jauh,-8,negatif
Taklimat Presiden pada Sidang Kabinet Paripurna,https://www.setneg.go.id/baca/index/taklimat_presiden_pada_sidang_kabinet_paripurna,"Data sosial, data kependudukan, data pendidikan, data kesehatan, data pekerjaan, data perumahan, data penerima bantuan harus terintegrasi dengan perlindungan keamanan yang kuat.",data sosial data kependudukan data pendidikan data kesehatan data pekerjaan data perumahan data penerima bantuan harus terintegrasi dengan perlindungan keamanan yang kuat,data sosial data kependudukan data pendidikan data kesehatan data pekerjaan data perumahan data penerima bantuan terintegrasi perlindungan keamanan kuat,-15,negatif
Taklimat Presiden pada Sidang Kabinet Paripurna,https://www.setneg.go.id/baca/index/taklimat_presiden_pada_sidang_kabinet_paripurna,Jangan sampai ada orang mampu menerima bantuan karena datanya tidak diperbaharui.,jangan sampai ada orang mampu menerima bantuan karena datanya tidak diperbaharui,jangan ada orang mampu menerima bantuan datanya diperbaharui,-7,negatif
Taklimat Presiden pada Sidang Kabinet Paripurna,https://www.setneg.go.id/baca/index/taklimat_presiden_pada_sidang_kabinet_paripurna,Jangan sampai ada keluarga miskin tidak menerima bantuan hanya karena tidak mengenal pejabat atau tidak memahami birokrasi.,jangan sampai ada keluarga miskin tidak menerima bantuan hanya karena tidak mengenal pejabat atau tidak memahami birokrasi,jangan ada keluarga miskin menerima bantuan karena mengenal pejabat tidak memahami birokrasi,-18,negatif
Taklimat Presiden pada Sidang Kabinet Paripurna,https://www.setneg.go.id/baca/index/taklimat_presiden_pada_sidang_kabinet_paripurna,"Kalau sistem kita akurat, target nol persen kemiskinan ekstrem menjadi jauh lebih mungkin kita capai.",kalau sistem kita akurat target nol persen kemiskinan ekstrem menjadi jauh lebih mungkin kita capai,kalau sistem akurat target nol persen kemiskinan ekstrem menjadi jauh lebih mungkin capai,-19,negatif
Taklimat Presiden pada Sidang Kabinet Paripurna,https://www.setneg.go.id/baca/index/taklimat_presiden_pada_sidang_kabinet_paripurna,Kita juga telah menghadirkan mal pelayanan publik di 313 kabupaten dan kota.,kita juga telah menghadirkan mal pelayanan publik di kabupaten dan kota,juga menghadirkan mal pelayanan publik kabupaten kota,2,positif
Taklimat Presiden pada Sidang Kabinet Paripurna,https://www.setneg.go.id/baca/index/taklimat_presiden_pada_sidang_kabinet_paripurna,"Dalam satu tempat, masyarakat dapat mengakses sampai dengan 150 jenis pelayanan.",dalam satu tempat masyarakat dapat mengakses sampai dengan jenis pelayanan,satu tempat masyarakat mengakses dengan jenis pelayanan,-1,negatif
Taklimat Presiden pada Sidang Kabinet Paripurna,https://www.setneg.go.id/baca/index/taklimat_presiden_pada_sidang_kabinet_paripurna,Ini kemajuan.,ini kemajuan,kemajuan,0,netral
Taklimat Presiden pada Sidang Kabinet Paripurna,https://www.setneg.go.id/baca/index/taklimat_presiden_pada_sidang_kabinet_paripurna,"Tapi, seluruh pelayanan yang memungkinkan harus tersedia secara digital.",tapi seluruh pelayanan yang memungkinkan harus tersedia secara digital,seluruh pelayanan memungkinkan tersedia digital,7,positif
Taklimat Presiden pada Sidang Kabinet Paripurna,https://www.setneg.go.id/baca/index/taklimat_presiden_pada_sidang_kabinet_paripurna,Rakyat tidak perlu mengantre berjam-jam.,rakyat tidak perlu mengantre berjam jam,rakyat perlu mengantre berjam jam,2,positif
Taklimat Presiden pada Sidang Kabinet Paripurna,https://www.setneg.go.id/baca/index/taklimat_presiden_pada_sidang_kabinet_paripurna,Rakyat tidak perlu berpindah dari kantor ke kantor.,rakyat tidak perlu berpindah dari kantor ke kantor,rakyat perlu berpindah kantor kantor,2,positif
Taklimat Presiden pada Sidang Kabinet Paripurna,https://www.setneg.go.id/baca/index/taklimat_presiden_pada_sidang_kabinet_paripurna,Pemerintah harus datang kepada rakyat melalui teknologi.,pemerintah harus datang kepada rakyat melalui teknologi,pemerintah datang rakyat melalui teknologi,-1,negatif
Taklimat Presiden pada Sidang Kabinet Paripurna,https://www.setneg.go.id/baca/index/taklimat_presiden_pada_sidang_kabinet_paripurna,Saya ingin Indonesia memiliki pemerintahan digital kelas dunia.,saya ingin indonesia memiliki pemerintahan digital kelas dunia,ingin indonesia memiliki pemerintahan digital kelas dunia,-5,negatif
Taklimat Presiden pada Sidang Kabinet Paripurna,https://www.setneg.go.id/baca/index/taklimat_presiden_pada_sidang_kabinet_paripurna,"Saudara-saudara sekalian,Dalam buku yang sudah dibagi kepada Saudara-saudara, ya, telah dicatat 108 masalah kronis bangsa yang kita pecahkan melalui berbagai keputusan pada 18 bulan pertama pemerintahan.",saudara saudara sekalian dalam buku yang sudah dibagi kepada saudara saudara ya telah dicatat masalah kronis bangsa yang kita pecahkan melalui berbagai keputusan pada bulan pertama pemerintahan,saudara saudara sekalian buku sudah dibagi saudara saudara telah dicatat masalah kronis bangsa kita pecahkan melalui berbagai keputusan bulan pertama pemerintahan,-2,negatif
Taklimat Presiden pada Sidang Kabinet Paripurna,https://www.setneg.go.id/baca/index/taklimat_presiden_pada_sidang_kabinet_paripurna,"Sekarang pemerintahan kita telah berjalan 20 bulan, tentu sudah lebih banyak lagi persoalan yang kita selesaikan.",sekarang pemerintahan kita telah berjalan bulan tentu sudah lebih banyak lagi persoalan yang kita selesaikan,sekarang pemerintahan telah berjalan bulan sudah lebih banyak persoalan kita selesaikan,-8,negatif
Taklimat Presiden pada Sidang Kabinet Paripurna,https://www.setneg.go.id/baca/index/taklimat_presiden_pada_sidang_kabinet_paripurna,Kita telah mencapai prestasi-prestasi yang sudah saya singgung tadi.,kita telah mencapai prestasi prestasi yang sudah saya singgung tadi,telah mencapai prestasi prestasi sudah singgung tadi,-7,negatif
Taklimat Presiden pada Sidang Kabinet Paripurna,https://www.setneg.go.id/baca/index/taklimat_presiden_pada_sidang_kabinet_paripurna,"Saudara-saudara,Salah satu juga yang kita telah berhasil adalah mendirikan bank emas.",saudara saudara salah satu juga yang kita telah berhasil adalah mendirikan bank emas,saudara saudara salah satu yang telah berhasil mendirikan bank emas,-7,negatif
Taklimat Presiden pada Sidang Kabinet Paripurna,https://www.setneg.go.id/baca/index/taklimat_presiden_pada_sidang_kabinet_paripurna,"Untuk pertama kali dalam sejarah Republik Indonesia, Indonesia punya bank emas (bullion), yang sekarang sudah mengelola 153 ton emas, sudah mengelola.",untuk pertama kali dalam sejarah republik indonesia indonesia punya bank emas bullion yang sekarang sudah mengelola ton emas sudah mengelola,pertama kali sejarah republik indonesia indonesia punya bank emas bullion sekarang mengelola ton emas mengelola,3,positif
Taklimat Presiden pada Sidang Kabinet Paripurna,https://www.setneg.go.id/baca/index/taklimat_presiden_pada_sidang_kabinet_paripurna,"Dan 153 ton emas ini nilainya berapa, Pak Rosan?",dan ton emas ini nilainya berapa pak rosan,ton emas nilainya berapa pak rosan,0,netral
Taklimat Presiden pada Sidang Kabinet Paripurna,https://www.setneg.go.id/baca/index/taklimat_presiden_pada_sidang_kabinet_paripurna,20 miliar Dolar.,miliar dolar,miliar dolar,0,netral
Taklimat Presiden pada Sidang Kabinet Paripurna,https://www.setneg.go.id/baca/index/taklimat_presiden_pada_sidang_kabinet_paripurna,"Jadi, dalam satu tahun, bank yang kita dirikan satu tahun yang lalu, sekarang sudah mengelola emas senilai 20 miliar Dolar.",jadi dalam satu tahun bank yang kita dirikan satu tahun yang lalu sekarang sudah mengelola emas senilai miliar dolar,jadi satu tahun bank kita dirikan satu tahun lalu sekarang mengelola emas senilai miliar dolar,-1,negatif
Taklimat Presiden pada Sidang Kabinet Paripurna,https://www.setneg.go.id/baca/index/taklimat_presiden_pada_sidang_kabinet_paripurna,"Ini juga kekuatan ekonomi yang dilihat oleh dunia juga, dan saya percaya di tahun-tahun mendatang ini akan juga meningkat.",ini juga kekuatan ekonomi yang dilihat oleh dunia juga dan saya percaya di tahun tahun mendatang ini akan juga meningkat,kekuatan ekonomi dilihat dunia dan percaya tahun tahun mendatang akan juga meningkat,3,positif
Taklimat Presiden pada Sidang Kabinet Paripurna,https://www.setneg.go.id/baca/index/taklimat_presiden_pada_sidang_kabinet_paripurna,"Jadi, kita ternyata diam-diam, kita telah mencapai prestasi-prestasi yang berskala dunia.",jadi kita ternyata diam diam kita telah mencapai prestasi prestasi yang berskala dunia,jadi ternyata diam diam telah mencapai prestasi prestasi berskala dunia,-10,negatif
Taklimat Presiden pada Sidang Kabinet Paripurna,https://www.setneg.go.id/baca/index/taklimat_presiden_pada_sidang_kabinet_paripurna,"Saya kira boleh dicek bank mana, bank emas mana yang memiliki 153, yang mengelola 153 ton emas dalam satu tahun.",saya kira boleh dicek bank mana bank emas mana yang memiliki yang mengelola ton emas dalam satu tahun,kira dicek bank mana bank emas mana memiliki mengelola ton emas satu tahun,-3,negatif
Taklimat Presiden pada Sidang Kabinet Paripurna,https://www.setneg.go.id/baca/index/taklimat_presiden_pada_sidang_kabinet_paripurna,"Saudara-saudara,Gaji hakim yang telah 12 tahun tidak naik, kita telah naikkan.",saudara saudara gaji hakim yang telah tahun tidak naik kita telah naikkan,saudara saudara gaji hakim telah tahun naik telah naikkan,2,positif
Taklimat Presiden pada Sidang Kabinet Paripurna,https://www.setneg.go.id/baca/index/taklimat_presiden_pada_sidang_kabinet_paripurna,"Untuk beberapa jenjang, naiknya hampir 300 persen, 280 persen.",untuk beberapa jenjang naiknya hampir persen persen,beberapa jenjang naiknya hampir persen persen,4,positif
Taklimat Presiden pada Sidang Kabinet Paripurna,https://www.setneg.go.id/baca/index/taklimat_presiden_pada_sidang_kabinet_paripurna,"Sudah saya umumkan kemarin, Ketua Mahkamah Agung melapor ke saya, bahwa Ketua Mahkamah Agung Singapura cerita kepada dia, Ketua Mahkamah Agung Indonesia, bahwa gaji, apa, penerimaan Ketua Mahkamah Agung Indonesia sudah di atas Ketua Mahkamah Agung Singapura.",sudah saya umumkan kemarin ketua mahkamah agung melapor ke saya bahwa ketua mahkamah agung singapura cerita kepada dia ketua mahkamah agung indonesia bahwa gaji apa penerimaan ketua mahkamah agung indonesia sudah di atas ketua mahkamah agung singapura,saya umumkan kemarin ketua mahkamah agung melapor saya ketua mahkamah agung singapura cerita dia ketua mahkamah agung indonesia gaji apa penerimaan ketua mahkamah agung indonesia di atas ketua mahkamah agung singapura,-35,negatif
Taklimat Presiden pada Sidang Kabinet Paripurna,https://www.setneg.go.id/baca/index/taklimat_presiden_pada_sidang_kabinet_paripurna,"Dan juga, gaji rata-rata hakim Indonesia yang paling junior, sudah di atas gaji rata-rata hakim junior Malaysia.",dan juga gaji rata rata hakim indonesia yang paling junior sudah di atas gaji rata rata hakim junior malaysia,juga gaji rata rata hakim indonesia paling junior di atas gaji rata rata hakim junior malaysia,-28,negatif
Taklimat Presiden pada Sidang Kabinet Paripurna,https://www.setneg.go.id/baca/index/taklimat_presiden_pada_sidang_kabinet_paripurna,"Lumayan, kan.",lumayan kan,lumayan kan,-2,negatif
Taklimat Presiden pada Sidang Kabinet Paripurna,https://www.setneg.go.id/baca/index/taklimat_presiden_pada_sidang_kabinet_paripurna,Kita ingin hakim-hakim kita hidup baik.,kita ingin hakim hakim kita hidup baik,ingin hakim hakim hidup baik,-5,negatif
Taklimat Presiden pada Sidang Kabinet Paripurna,https://www.setneg.go.id/baca/index/taklimat_presiden_pada_sidang_kabinet_paripurna,"Saya juga perintahkan, ya, Menteri Perumahan, prioritaskan rumah-rumah untuk hakim di seluruh Indonesia.",saya juga perintahkan ya menteri perumahan prioritaskan rumah rumah untuk hakim di seluruh indonesia,juga perintahkan menteri perumahan prioritaskan rumah rumah hakim seluruh indonesia,6,positif
Taklimat Presiden pada Sidang Kabinet Paripurna,https://www.setneg.go.id/baca/index/taklimat_presiden_pada_sidang_kabinet_paripurna,"Hakim, panitera, dan petugas mahkamah saya kira tidak sampai sembilan ribu orang.",hakim panitera dan petugas mahkamah saya kira tidak sampai sembilan ribu orang,hakim panitera petugas mahkamah kira sampai sembilan ribu orang,-12,negatif
Taklimat Presiden pada Sidang Kabinet Paripurna,https://www.setneg.go.id/baca/index/taklimat_presiden_pada_sidang_kabinet_paripurna,"Jadi bisa diprioritaskan, ya, perumahan untuk mereka.",jadi bisa diprioritaskan ya perumahan untuk mereka,jadi diprioritaskan perumahan mereka,-2,negatif
Taklimat Presiden pada Sidang Kabinet Paripurna,https://www.setneg.go.id/baca/index/taklimat_presiden_pada_sidang_kabinet_paripurna,Kita tidak mau hakim kita hidupnya tidak bagus.,kita tidak mau hakim kita hidupnya tidak bagus,mau hakim hidupnya tidak bagus,-10,negatif
Taklimat Presiden pada Sidang Kabinet Paripurna,https://www.setneg.go.id/baca/index/taklimat_presiden_pada_sidang_kabinet_paripurna,Kita tidak mau hakim kita tidak punya harga diri.,kita tidak mau hakim kita tidak punya harga diri,tidak mau hakim tidak punya harga diri,-6,negatif
Taklimat Presiden pada Sidang Kabinet Paripurna,https://www.setneg.go.id/baca/index/taklimat_presiden_pada_sidang_kabinet_paripurna,Kita tidak mau hakim kita tidak punya kehormatan.,kita tidak mau hakim kita tidak punya kehormatan,tidak mau hakim tidak punya kehormatan,-3,negatif
Taklimat Presiden pada Sidang Kabinet Paripurna,https://www.setneg.go.id/baca/index/taklimat_presiden_pada_sidang_kabinet_paripurna,Kita tidak mau hakim kita bisa disogok.,kita tidak mau hakim kita bisa disogok,tidak mau hakim bisa disogok,-6,negatif
Taklimat Presiden pada Sidang Kabinet Paripurna,https://www.setneg.go.id/baca/index/taklimat_presiden_pada_sidang_kabinet_paripurna,"Saudara-saudara,Kredit macet UMKM yang selama belasan tahun telah menghambat para pengusaha kecil kita untuk meneruskan pekerjaan dan usaha mereka, kita telah selesaikan sejak November 2024.",saudara saudara kredit macet umkm yang selama belasan tahun telah menghambat para pengusaha kecil kita untuk meneruskan pekerjaan dan usaha mereka kita telah selesaikan sejak november,saudara saudara kredit macet umkm selama belasan tahun menghambat pengusaha kecil untuk meneruskan pekerjaan usaha kita selesaikan sejak november,-7,negatif
Taklimat Presiden pada Sidang Kabinet Paripurna,https://www.setneg.go.id/baca/index/taklimat_presiden_pada_sidang_kabinet_paripurna,Kita telah beri pengampunan ke mereka.,kita telah beri pengampunan ke mereka,telah beri pengampunan mereka,-2,negatif
Taklimat Presiden pada Sidang Kabinet Paripurna,https://www.setneg.go.id/baca/index/taklimat_presiden_pada_sidang_kabinet_paripurna,"Juga mulai dari sampai dengan Juli 2026, dari lima ribu jembatan desa yang sangat diminta oleh rakyat desa, lima ribu, kita sudah selesaikan seribu.",juga mulai dari sampai dengan juli dari lima ribu jembatan desa yang sangat diminta oleh rakyat desa lima ribu kita sudah selesaikan seribu,mulai sampai juli lima ribu jembatan desa sangat diminta rakyat desa lima ribu sudah selesaikan seribu,-14,negatif
Taklimat Presiden pada Sidang Kabinet Paripurna,https://www.setneg.go.id/baca/index/taklimat_presiden_pada_sidang_kabinet_paripurna,Seribu [jembatan] sudah dibangun dan sisanya bisa selesai dalam waktu dekat.,seribu jembatan sudah dibangun dan sisanya bisa selesai dalam waktu dekat,seribu jembatan dibangun sisanya selesai waktu dekat,-12,negatif
Taklimat Presiden pada Sidang Kabinet Paripurna,https://www.setneg.go.id/baca/index/taklimat_presiden_pada_sidang_kabinet_paripurna,"Akhir tahun 2026, kira-kira berapa, Kepala Staf Angkatan Darat sebagai Ketua Satgas?",akhir tahun kira kira berapa kepala staf angkatan darat sebagai ketua satgas,akhir tahun kira kira berapa kepala staf angkatan darat ketua satgas,-12,negatif
Taklimat Presiden pada Sidang Kabinet Paripurna,https://www.setneg.go.id/baca/index/taklimat_presiden_pada_sidang_kabinet_paripurna,Lima ribu akan selesai 2026.,lima ribu akan selesai,lima ribu selesai,-4,negatif
Taklimat Presiden pada Sidang Kabinet Paripurna,https://www.setneg.go.id/baca/index/taklimat_presiden_pada_sidang_kabinet_paripurna,Bagus.,bagus,bagus,-4,negatif
Taklimat Presiden pada Sidang Kabinet Paripurna,https://www.setneg.go.id/baca/index/taklimat_presiden_pada_sidang_kabinet_paripurna,Terima kasih.,terima kasih,terima kasih,1,positif
Taklimat Presiden pada Sidang Kabinet Paripurna,https://www.setneg.go.id/baca/index/taklimat_presiden_pada_sidang_kabinet_paripurna,"Saudara-saudara,Kita sudah membangun 100 Kampung Nelayan Merah Putih.",saudara saudara kita sudah membangun kampung nelayan merah putih,saudara saudara sudah membangun kampung nelayan merah putih,-9,negatif
Taklimat Presiden pada Sidang Kabinet Paripurna,https://www.setneg.go.id/baca/index/taklimat_presiden_pada_sidang_kabinet_paripurna,"Target kita akhir tahun, lebih dari seribu Kampung Nelayan Merah Putih harus beroperasi.",target kita akhir tahun lebih dari seribu kampung nelayan merah putih harus beroperasi,target akhir tahun lebih seribu kampung nelayan merah putih beroperasi,-10,negatif
Taklimat Presiden pada Sidang Kabinet Paripurna,https://www.setneg.go.id/baca/index/taklimat_presiden_pada_sidang_kabinet_paripurna,"Saudara-saudara,Kita sudah mulai beroperasi lebih dari seribu Koperasi Desa Merah Putih.",saudara saudara kita sudah mulai beroperasi lebih dari seribu koperasi desa merah putih,saudara saudara sudah mulai beroperasi lebih seribu koperasi desa merah putih,-11,negatif
Taklimat Presiden pada Sidang Kabinet Paripurna,https://www.setneg.go.id/baca/index/taklimat_presiden_pada_sidang_kabinet_paripurna,"Tentunya, baru satu setengah bulan beroperasi, banyak kekurangan.",tentunya baru satu setengah bulan beroperasi banyak kekurangan,tentunya baru satu setengah bulan beroperasi banyak kekurangan,-15,negatif
Taklimat Presiden pada Sidang Kabinet Paripurna,https://www.setneg.go.id/baca/index/taklimat_presiden_pada_sidang_kabinet_paripurna,"Ada yang listriknya belum baik, ada yang airnya belum baik, ada yang belum dapat internet, dan sebagainya.",ada yang listriknya belum baik ada yang airnya belum baik ada yang belum dapat internet dan sebagainya,yang listriknya baik yang airnya baik yang dapat internet sebagainya,-19,negatif
Taklimat Presiden pada Sidang Kabinet Paripurna,https://www.setneg.go.id/baca/index/taklimat_presiden_pada_sidang_kabinet_paripurna,"Tapi, dalam waktu dekat, saya mendapat laporan, akhir tahun ini kita bisa selesaikan 30 ribu Koperasi Desa dan Kelurahan Merah Putih, 30 ribu.",tapi dalam waktu dekat saya mendapat laporan akhir tahun ini kita bisa selesaikan ribu koperasi desa dan kelurahan merah putih ribu,dalam waktu dekat mendapat laporan akhir tahun kita selesaikan ribu koperasi desa kelurahan merah putih ribu,-10,negatif
Taklimat Presiden pada Sidang Kabinet Paripurna,https://www.setneg.go.id/baca/index/taklimat_presiden_pada_sidang_kabinet_paripurna,"Saya kira ini juga jarang ada negara yang berhasil membuat 30 ribu koperasi dalam satu setengah tahun, karena koperasi ini adalah koperasi operasional, bukan koperasi di atas kertas.",saya kira ini juga jarang ada negara yang berhasil membuat ribu koperasi dalam satu setengah tahun karena koperasi ini adalah koperasi operasional bukan koperasi di atas kertas,kira juga jarang negara berhasil membuat ribu koperasi satu setengah tahun koperasi adalah koperasi operasional bukan koperasi atas kertas,-9,negatif
Taklimat Presiden pada Sidang Kabinet Paripurna,https://www.setneg.go.id/baca/index/taklimat_presiden_pada_sidang_kabinet_paripurna,"Setiap koperasi punya gudang, setiap koperasi punya kamar pendingin, sehingga panen dari rakyat, petani di desa itu tidak akan hangus, tidak akan puso, bisa disimpan.",setiap koperasi punya gudang setiap koperasi punya kamar pendingin sehingga panen dari rakyat petani di desa itu tidak akan hangus tidak akan puso bisa disimpan,koperasi punya gudang koperasi punya kamar pendingin panen rakyat petani desa hangus tidak akan puso disimpan,-2,negatif
Taklimat Presiden pada Sidang Kabinet Paripurna,https://www.setneg.go.id/baca/index/taklimat_presiden_pada_sidang_kabinet_paripurna,"Tiap koperasi akan punya dua truk, sekarang mungkin baru satu dan akan datang secara bertahap.",tiap koperasi akan punya dua truk sekarang mungkin baru satu dan akan datang secara bertahap,tiap koperasi punya truk sekarang mungkin baru satu akan datang bertahap,-3,negatif
Taklimat Presiden pada Sidang Kabinet Paripurna,https://www.setneg.go.id/baca/index/taklimat_presiden_pada_sidang_kabinet_paripurna,"Tiap koperasi akan punya gerai-gerai, Tiap koperasi akan menjual obat generik murah.",tiap koperasi akan punya gerai gerai tiap koperasi akan menjual obat generik murah,tiap koperasi punya gerai gerai tiap koperasi menjual obat generik murah,-7,negatif
Taklimat Presiden pada Sidang Kabinet Paripurna,https://www.setneg.go.id/baca/index/taklimat_presiden_pada_sidang_kabinet_paripurna,Tiap koperasi akan punya bengkel untuk memperbaiki alsintan (alat dan mesin pertanian).,tiap koperasi akan punya bengkel untuk memperbaiki alsintan alat dan mesin pertanian,tiap koperasi punya bengkel memperbaiki alsintan alat mesin pertanian,3,positif
Taklimat Presiden pada Sidang Kabinet Paripurna,https://www.setneg.go.id/baca/index/taklimat_presiden_pada_sidang_kabinet_paripurna,Tiap koperasi akan menyalurkan semua barang-barang subsidi.,tiap koperasi akan menyalurkan semua barang barang subsidi,tiap koperasi menyalurkan semua barang barang subsidi,-3,negatif
Taklimat Presiden pada Sidang Kabinet Paripurna,https://www.setneg.go.id/baca/index/taklimat_presiden_pada_sidang_kabinet_paripurna,"Barang subsidi adalah milik rakyat, tidak boleh diperdagangkan.",barang subsidi adalah milik rakyat tidak boleh diperdagangkan,barang subsidi milik rakyat boleh diperdagangkan,3,positif
Taklimat Presiden pada Sidang Kabinet Paripurna,https://www.setneg.go.id/baca/index/taklimat_presiden_pada_sidang_kabinet_paripurna,"Saudara-saudara,Untuk pertama kali dalam sejarah Republik Indonesia, pemerintah akan punya, jalur akan punya suatu pegangan rantai pasok,supply chain, retail chaindari pusat sampai ke desa.",saudara saudara untuk pertama kali dalam sejarah republik indonesia pemerintah akan punya jalur akan punya suatu pegangan rantai pasok supply chain retail chaindari pusat sampai ke desa,saudara saudara pertama kali sejarah republik indonesia pemerintah punya jalur punya suatu pegangan rantai pasok supply chain retail chaindari pusat ke desa,2,positif
Taklimat Presiden pada Sidang Kabinet Paripurna,https://www.setneg.go.id/baca/index/taklimat_presiden_pada_sidang_kabinet_paripurna,Pertama kali dalam sejarah.,pertama kali dalam sejarah,pertama kali sejarah,0,netral
Taklimat Presiden pada Sidang Kabinet Paripurna,https://www.setneg.go.id/baca/index/taklimat_presiden_pada_sidang_kabinet_paripurna,"Kita sekarang tidak bisa kita di-blackmail, tidak bisa nanti ada barang langka, tidak bisa nanti ada menimbun barang di saat kritis.",kita sekarang tidak bisa kita di blackmail tidak bisa nanti ada barang langka tidak bisa nanti ada menimbun barang di saat kritis,sekarang bisa blackmail bisa ada barang langka bisa ada menimbun barang di saat kritis,-16,negatif
Taklimat Presiden pada Sidang Kabinet Paripurna,https://www.setneg.go.id/baca/index/taklimat_presiden_pada_sidang_kabinet_paripurna,"Mau Idulfitri, barang langka.",mau idulfitri barang langka,mau idulfitri barang langka,-6,negatif
Taklimat Presiden pada Sidang Kabinet Paripurna,https://www.setneg.go.id/baca/index/taklimat_presiden_pada_sidang_kabinet_paripurna,"Mau tahun baru, barang langka.",mau tahun baru barang langka,mau tahun baru barang langka,-6,negatif
Taklimat Presiden pada Sidang Kabinet Paripurna,https://www.setneg.go.id/baca/index/taklimat_presiden_pada_sidang_kabinet_paripurna,"Tidak bisa, karena kita akan mengerti di mana langka, di mana lebih.",tidak bisa karena kita akan mengerti di mana langka di mana lebih,bisa kita mengerti mana langka mana lebih,-6,negatif
Taklimat Presiden pada Sidang Kabinet Paripurna,https://www.setneg.go.id/baca/index/taklimat_presiden_pada_sidang_kabinet_paripurna,"Satu desa kelebihan telur, di desa lain kurang, kita akan paham dan mengerti.",satu desa kelebihan telur di desa lain kurang kita akan paham dan mengerti,satu desa kelebihan telur desa kurang akan paham mengerti,-9,negatif
Taklimat Presiden pada Sidang Kabinet Paripurna,https://www.setneg.go.id/baca/index/taklimat_presiden_pada_sidang_kabinet_paripurna,"Dan, kita akhirnya akan lebih baik dan lebih cepat untuk mengendalikan inflasi.",dan kita akhirnya akan lebih baik dan lebih cepat untuk mengendalikan inflasi,kita akhirnya lebih baik lebih cepat mengendalikan inflasi,-2,negatif
Taklimat Presiden pada Sidang Kabinet Paripurna,https://www.setneg.go.id/baca/index/taklimat_presiden_pada_sidang_kabinet_paripurna,"Saudara-saudara,Khusus untuk Koperasi Desa Merah Putih ini, saya ingin jelaskan sedikit.",saudara saudara khusus untuk koperasi desa merah putih ini saya ingin jelaskan sedikit,saudara saudara khusus koperasi desa merah putih saya jelaskan sedikit,-14,negatif
Taklimat Presiden pada Sidang Kabinet Paripurna,https://www.setneg.go.id/baca/index/taklimat_presiden_pada_sidang_kabinet_paripurna,Niatnya tadi adalah untuk menghilangkan rentenir.,niatnya tadi adalah untuk menghilangkan rentenir,niatnya tadi untuk menghilangkan rentenir,0,netral
Taklimat Presiden pada Sidang Kabinet Paripurna,https://www.setneg.go.id/baca/index/taklimat_presiden_pada_sidang_kabinet_paripurna,Rentenir itu hidupnya adalah dengan menghisap darahnya petani kita.,rentenir itu hidupnya adalah dengan menghisap darahnya petani kita,rentenir hidupnya dengan menghisap darahnya petani,-1,negatif
Taklimat Presiden pada Sidang Kabinet Paripurna,https://www.setneg.go.id/baca/index/taklimat_presiden_pada_sidang_kabinet_paripurna,"Dengan bunga satu persen sehari, tidak mungkin petani, produsen kita bangkit.",dengan bunga satu persen sehari tidak mungkin petani produsen kita bangkit,bunga satu persen sehari mungkin petani produsen bangkit,-7,negatif
Taklimat Presiden pada Sidang Kabinet Paripurna,https://www.setneg.go.id/baca/index/taklimat_presiden_pada_sidang_kabinet_paripurna,Tadinya tujuannya itu.,tadinya tujuannya itu,tadinya tujuannya,0,netral
Taklimat Presiden pada Sidang Kabinet Paripurna,https://www.setneg.go.id/baca/index/taklimat_presiden_pada_sidang_kabinet_paripurna,"Ternyata, kita menemukan bahwa nanti pasok ini bisa memicu, menghemat ratusan triliun Rupiah.",ternyata kita menemukan bahwa nanti pasok ini bisa memicu menghemat ratusan triliun rupiah,ternyata menemukan nanti pasok bisa memicu menghemat ratusan triliun rupiah,0,netral
Taklimat Presiden pada Sidang Kabinet Paripurna,https://www.setneg.go.id/baca/index/taklimat_presiden_pada_sidang_kabinet_paripurna,Saya minta dipasangslideitu.,saya minta dipasangslideitu,minta dipasangslideitu,-3,negatif
Taklimat Presiden pada Sidang Kabinet Paripurna,https://www.setneg.go.id/baca/index/taklimat_presiden_pada_sidang_kabinet_paripurna,"Ya, rantai pasok perdagangan bahan pokok.",ya rantai pasok perdagangan bahan pokok,rantai pasok perdagangan bahan pokok,-9,negatif
Taklimat Presiden pada Sidang Kabinet Paripurna,https://www.setneg.go.id/baca/index/taklimat_presiden_pada_sidang_kabinet_paripurna,"Kalau kita lihat selama ini, petani jual ke pedagang pengumpul, pedagang pengumpul ke distributor, distributor ke sub distributor, sub distributor ke pedagang grosir, pedagang grosir ke pedagang retail.",kalau kita lihat selama ini petani jual ke pedagang pengumpul pedagang pengumpul ke distributor distributor ke sub distributor sub distributor ke pedagang grosir pedagang grosir ke pedagang retail,kalau lihat selama petani jual pedagang pengumpul pedagang pengumpul distributor distributor sub distributor sub distributor pedagang grosir pedagang grosir pedagang retail,3,positif
Taklimat Presiden pada Sidang Kabinet Paripurna,https://www.setneg.go.id/baca/index/taklimat_presiden_pada_sidang_kabinet_paripurna,"Satu, dua, tiga, empat, lima.",satu dua tiga empat lima,satu tiga empat lima,-1,negatif
Taklimat Presiden pada Sidang Kabinet Paripurna,https://www.setneg.go.id/baca/index/taklimat_presiden_pada_sidang_kabinet_paripurna,Lima pihak baru ke konsumen.,lima pihak baru ke konsumen,lima pihak baru konsumen,-3,negatif
Taklimat Presiden pada Sidang Kabinet Paripurna,https://www.setneg.go.id/baca/index/taklimat_presiden_pada_sidang_kabinet_paripurna,"Ternyata setelah diriset oleh Menteri Pertanian, keuntungannya yang diambil oleh pihak penengah ini adalah 30-40 persen.",ternyata setelah diriset oleh menteri pertanian keuntungannya yang diambil oleh pihak penengah ini adalah persen,ternyata diriset menteri pertanian keuntungannya diambil pihak penengah adalah persen,-4,negatif
Taklimat Presiden pada Sidang Kabinet Paripurna,https://www.setneg.go.id/baca/index/taklimat_presiden_pada_sidang_kabinet_paripurna,"Jadi, diperhitungan 313 triliun.",jadi diperhitungan triliun,jadi diperhitungan triliun,-2,negatif
Taklimat Presiden pada Sidang Kabinet Paripurna,https://www.setneg.go.id/baca/index/taklimat_presiden_pada_sidang_kabinet_paripurna,"Jadi, yang dinikmati oleh petani hanya 30 persen, sepertiga, ya, yang dinikmati oleh konsumen 30 persen, yang 40 persen dinikmati olehmiddleman.",jadi yang dinikmati oleh petani hanya persen sepertiga ya yang dinikmati oleh konsumen persen yang persen dinikmati olehmiddleman,jadi dinikmati petani persen sepertiga dinikmati konsumen persen yang persen dinikmati olehmiddleman,-1,negatif
Taklimat Presiden pada Sidang Kabinet Paripurna,https://www.setneg.go.id/baca/index/taklimat_presiden_pada_sidang_kabinet_paripurna,"Ya, sulit untuk ada kemakmuran.",ya sulit untuk ada kemakmuran,sulit ada kemakmuran,-6,negatif
Taklimat Presiden pada Sidang Kabinet Paripurna,https://www.setneg.go.id/baca/index/taklimat_presiden_pada_sidang_kabinet_paripurna,"Dengan Koperasi Merah Putih (KDMP), marginnya kurang lebih 5-10 persen.",dengan koperasi merah putih kdmp marginnya kurang lebih persen,koperasi merah putih kdmp marginnya kurang lebih persen,-7,negatif
Taklimat Presiden pada Sidang Kabinet Paripurna,https://www.setneg.go.id/baca/index/taklimat_presiden_pada_sidang_kabinet_paripurna,"Saya kira koperasi ambil 5 persen sudah cukup, berarti sisanya bisa dinikmati petani dan konsumen.",saya kira koperasi ambil persen sudah cukup berarti sisanya bisa dinikmati petani dan konsumen,kira koperasi ambil persen cukup berarti sisanya dinikmati petani konsumen,-9,negatif
Taklimat Presiden pada Sidang Kabinet Paripurna,https://www.setneg.go.id/baca/index/taklimat_presiden_pada_sidang_kabinet_paripurna,Ini adalah keamanan ekonomi jangka panjang.,ini adalah keamanan ekonomi jangka panjang,adalah keamanan ekonomi jangka panjang,5,positif
Taklimat Presiden pada Sidang Kabinet Paripurna,https://www.setneg.go.id/baca/index/taklimat_presiden_pada_sidang_kabinet_paripurna,"Sehingga, Saudara-saudara, bisa kita bayangkan, kalau 250 triliun beredar di rakyat, itu ada istilah para ekonom ajarkan kepada saya, ya.",sehingga saudara saudara bisa kita bayangkan kalau triliun beredar di rakyat itu ada istilah para ekonom ajarkan kepada saya ya,saudara saudara kita bayangkan kalau triliun beredar rakyat ada istilah ekonom ajarkan saya,-5,negatif
Taklimat Presiden pada Sidang Kabinet Paripurna,https://www.setneg.go.id/baca/index/taklimat_presiden_pada_sidang_kabinet_paripurna,"Saya bukan ekonom, saya hanya dapat pelajaran dari ekonom-ekonom, itu ada namanyaphilosophy of money.",saya bukan ekonom saya hanya dapat pelajaran dari ekonom ekonom itu ada namanyaphilosophy of money,bukan ekonom hanya pelajaran ekonom ekonom ada namanyaphilosophy of money,-7,negatif
Taklimat Presiden pada Sidang Kabinet Paripurna,https://www.setneg.go.id/baca/index/taklimat_presiden_pada_sidang_kabinet_paripurna,"Jadi kalau satu Rupiah beredar di masyarakat, kegiatan ekonomi yang ditimbulkan bisa dua, tiga, sampai empat kali lipat.",jadi kalau satu rupiah beredar di masyarakat kegiatan ekonomi yang ditimbulkan bisa dua tiga sampai empat kali lipat,jadi kalau satu rupiah beredar masyarakat kegiatan ekonomi ditimbulkan dua tiga empat kali lipat,-2,negatif
Taklimat Presiden pada Sidang Kabinet Paripurna,https://www.setneg.go.id/baca/index/taklimat_presiden_pada_sidang_kabinet_paripurna,"Kalau minimal dua kali, berarti 600 triliun atau 500 triliun minimal akan beredar di rakyat kita di bawah.",kalau minimal dua kali berarti triliun atau triliun minimal akan beredar di rakyat kita di bawah,kalau minimal kali berarti triliun triliun minimal beredar rakyat di bawah,-4,negatif
Taklimat Presiden pada Sidang Kabinet Paripurna,https://www.setneg.go.id/baca/index/taklimat_presiden_pada_sidang_kabinet_paripurna,"Kalau sampai tiga kali, empat kali itu kita bisa bayangkan.",kalau sampai tiga kali empat kali itu kita bisa bayangkan,kalau tiga kali empat kali kita bayangkan,-1,negatif
Taklimat Presiden pada Sidang Kabinet Paripurna,https://www.setneg.go.id/baca/index/taklimat_presiden_pada_sidang_kabinet_paripurna,"Saudara-saudara,Jadi, ini saya kira sangat strategis, tentunya usaha besar ini pasti banyak kekurangan.",saudara saudara jadi ini saya kira sangat strategis tentunya usaha besar ini pasti banyak kekurangan,saudara saudara jadi saya kira sangat strategis tentunya usaha besar pasti banyak kekurangan,-21,negatif
Taklimat Presiden pada Sidang Kabinet Paripurna,https://www.setneg.go.id/baca/index/taklimat_presiden_pada_sidang_kabinet_paripurna,"Sama dengan MBG, ada kekurangan, ada penyelewengan, ada penyimpangan, tapi kita segera bertindak, kita segera memperbaiki, ya, kan.",sama dengan mbg ada kekurangan ada penyelewengan ada penyimpangan tapi kita segera bertindak kita segera memperbaiki ya kan,sama mbg kekurangan penyelewengan penyimpangan segera bertindak kita segera memperbaiki kan,-18,negatif
Taklimat Presiden pada Sidang Kabinet Paripurna,https://www.setneg.go.id/baca/index/taklimat_presiden_pada_sidang_kabinet_paripurna,"Kita sedih ada oknum-oknum, ada pribadi-pribadi yang ingin cari kekayaan dari sesuatu pekerjaan atau suatu usaha yang begitu besar, begitu mulia untuk rakyat.",kita sedih ada oknum oknum ada pribadi pribadi yang ingin cari kekayaan dari sesuatu pekerjaan atau suatu usaha yang begitu besar begitu mulia untuk rakyat,sedih oknum oknum pribadi pribadi ingin cari kekayaan sesuatu pekerjaan suatu usaha besar begitu mulia rakyat,-9,negatif
Taklimat Presiden pada Sidang Kabinet Paripurna,https://www.setneg.go.id/baca/index/taklimat_presiden_pada_sidang_kabinet_paripurna,"Tapi apa boleh buat, kalau itu memang penyakit harus kita hadapi.",tapi apa boleh buat kalau itu memang penyakit harus kita hadapi,apa buat kalau memang penyakit kita hadapi,-9,negatif
Taklimat Presiden pada Sidang Kabinet Paripurna,https://www.setneg.go.id/baca/index/taklimat_presiden_pada_sidang_kabinet_paripurna,"Dengan sedih kita tindak, ya, dan kita terus akan tindak.",dengan sedih kita tindak ya dan kita terus akan tindak,sedih tindak dan terus tindak,-5,negatif
Taklimat Presiden pada Sidang Kabinet Paripurna,https://www.setneg.go.id/baca/index/taklimat_presiden_pada_sidang_kabinet_paripurna,"Sekali lagi, berkali-kali saya bilang bahwa percayalah kita tidak akan, kita tidak akan pilih kasih, kita tidak akan tebang pilih, kita tidak akan tidak bertindak terhadap penyelewengan.",sekali lagi berkali kali saya bilang bahwa percayalah kita tidak akan kita tidak akan pilih kasih kita tidak akan tebang pilih kita tidak akan tidak bertindak terhadap penyelewengan,sekali berkali kali bilang percayalah tidak pilih kasih tidak tebang pilih kita tidak akan tidak bertindak penyelewengan,-34,negatif
Taklimat Presiden pada Sidang Kabinet Paripurna,https://www.setneg.go.id/baca/index/taklimat_presiden_pada_sidang_kabinet_paripurna,"Tentunya, kita butuh kearifan kadang-kadang, waktunya kapan, bilamana, di mana, bagaimana, ya, karena kita ingin menyehatkan badan Indonesia.",tentunya kita butuh kearifan kadang kadang waktunya kapan bilamana di mana bagaimana ya karena kita ingin menyehatkan badan indonesia,tentunya butuh kearifan kadang kadang waktunya kapan bilamana mana bagaimana karena ingin menyehatkan badan indonesia,-5,negatif
Taklimat Presiden pada Sidang Kabinet Paripurna,https://www.setneg.go.id/baca/index/taklimat_presiden_pada_sidang_kabinet_paripurna,"Kalau ada orang, umpamanya, kena kanker, jalan pintas bisa, potong saja tangannya, kita potong saja kakinya, kan, begitu.",kalau ada orang umpamanya kena kanker jalan pintas bisa potong saja tangannya kita potong saja kakinya kan begitu,kalau orang umpamanya kena kanker jalan pintas potong tangannya potong kakinya kan,-8,negatif
Taklimat Presiden pada Sidang Kabinet Paripurna,https://www.setneg.go.id/baca/index/taklimat_presiden_pada_sidang_kabinet_paripurna,"Tapi, mungkin dengan ketepatan, dengan terapi, dengan teknologi, dengan kita bisa tanpa terlalu merusak badan.",tapi mungkin dengan ketepatan dengan terapi dengan teknologi dengan kita bisa tanpa terlalu merusak badan,mungkin ketepatan terapi teknologi kita tanpa terlalu merusak badan,-7,negatif
Taklimat Presiden pada Sidang Kabinet Paripurna,https://www.setneg.go.id/baca/index/taklimat_presiden_pada_sidang_kabinet_paripurna,Sama.,sama,sama,3,positif
Taklimat Presiden pada Sidang Kabinet Paripurna,https://www.setneg.go.id/baca/index/taklimat_presiden_pada_sidang_kabinet_paripurna,Saya dapat pelajaran bahwa ekonomi satu negara sama dengan badan kita.,saya dapat pelajaran bahwa ekonomi satu negara sama dengan badan kita,dapat pelajaran ekonomi satu negara sama badan,-1,negatif
Taklimat Presiden pada Sidang Kabinet Paripurna,https://www.setneg.go.id/baca/index/taklimat_presiden_pada_sidang_kabinet_paripurna,"Kalau kita memelihara badan kita dengan baik, ekonomi badan kita akan sehat.",kalau kita memelihara badan kita dengan baik ekonomi badan kita akan sehat,kalau memelihara badan dengan baik ekonomi badan akan sehat,-9,negatif
Taklimat Presiden pada Sidang Kabinet Paripurna,https://www.setneg.go.id/baca/index/taklimat_presiden_pada_sidang_kabinet_paripurna,Sama.,sama,sama,3,positif
Taklimat Presiden pada Sidang Kabinet Paripurna,https://www.setneg.go.id/baca/index/taklimat_presiden_pada_sidang_kabinet_paripurna,Badan ekonomi kalau dipelihara dengan baik akan sehat.,badan ekonomi kalau dipelihara dengan baik akan sehat,badan ekonomi kalau dipelihara baik sehat,-6,negatif
Taklimat Presiden pada Sidang Kabinet Paripurna,https://www.setneg.go.id/baca/index/taklimat_presiden_pada_sidang_kabinet_paripurna,"Tapi, kalau diracuni denganmarkup, dengan korupsi, dengan penipuan, denganunder-invoicing, dengan transferpricing, dengan patgulipat, permainan antara birokrat sama pengusaha, antara bank, kasih kredit ke itu-itu saja, ya, rusak, sakit.",tapi kalau diracuni denganmarkup dengan korupsi dengan penipuan denganunder invoicing dengan transferpricing dengan patgulipat permainan antara birokrat sama pengusaha antara bank kasih kredit ke itu itu saja ya rusak sakit,kalau diracuni denganmarkup korupsi penipuan denganunder invoicing transferpricing patgulipat permainan birokrat sama pengusaha bank kasih kredit itu saja rusak sakit,-25,negatif
Taklimat Presiden pada Sidang Kabinet Paripurna,https://www.setneg.go.id/baca/index/taklimat_presiden_pada_sidang_kabinet_paripurna,"Nah, ini kita sedang perbaiki.",nah ini kita sedang perbaiki,nah kita sedang perbaiki,0,netral
Taklimat Presiden pada Sidang Kabinet Paripurna,https://www.setneg.go.id/baca/index/taklimat_presiden_pada_sidang_kabinet_paripurna,"Saya kira, Saudara-saudara, begitu banyak keputusan besar yang telah kita ambil, ya.",saya kira saudara saudara begitu banyak keputusan besar yang telah kita ambil ya,kira saudara saudara banyak keputusan besar telah ambil,-8,negatif
Taklimat Presiden pada Sidang Kabinet Paripurna,https://www.setneg.go.id/baca/index/taklimat_presiden_pada_sidang_kabinet_paripurna,"Jadi, saya rinci ini dalam sidang paripurna ini sebagai satu tonggak evaluasi.What we have done, what we still have to do.",jadi saya rinci ini dalam sidang paripurna ini sebagai satu tonggak evaluasi what we have done what we still have to do,jadi rinci dalam sidang paripurna sebagai satu tonggak evaluasi what we have done what we still have to do,-5,negatif
Taklimat Presiden pada Sidang Kabinet Paripurna,https://www.setneg.go.id/baca/index/taklimat_presiden_pada_sidang_kabinet_paripurna,Kita sudah mencapai ke sini.,kita sudah mencapai ke sini,sudah mencapai sini,-2,negatif
Taklimat Presiden pada Sidang Kabinet Paripurna,https://www.setneg.go.id/baca/index/taklimat_presiden_pada_sidang_kabinet_paripurna,Ini untuk mendorong semangat kita.,ini untuk mendorong semangat kita,untuk mendorong semangat,-5,negatif
Taklimat Presiden pada Sidang Kabinet Paripurna,https://www.setneg.go.id/baca/index/taklimat_presiden_pada_sidang_kabinet_paripurna,Ternyata benar.,ternyata benar,ternyata benar,-4,negatif
Taklimat Presiden pada Sidang Kabinet Paripurna,https://www.setneg.go.id/baca/index/taklimat_presiden_pada_sidang_kabinet_paripurna,"Ternyata kalau kebijakannya benar, niatnya benar, arahnya benar, sesuai dengan filosofi bangsa, sesuai dengan akal sehat, sesuai dengan itikad untuk, apa, untuk mengabdi kepada rakyat, ternyata hasilnyareal, hasilnyareal.",ternyata kalau kebijakannya benar niatnya benar arahnya benar sesuai dengan filosofi bangsa sesuai dengan akal sehat sesuai dengan itikad untuk apa untuk mengabdi kepada rakyat ternyata hasilnyareal hasilnyareal,ternyata kalau kebijakannya benar niatnya benar arahnya benar sesuai filosofi bangsa sesuai akal sehat sesuai itikad apa mengabdi rakyat ternyata hasilnyareal hasilnyareal,-11,negatif
Taklimat Presiden pada Sidang Kabinet Paripurna,https://www.setneg.go.id/baca/index/taklimat_presiden_pada_sidang_kabinet_paripurna,"Dunia sudah mulai mengakui, Saudara-saudara sekalian.",dunia sudah mulai mengakui saudara saudara sekalian,dunia mulai mengakui saudara saudara sekalian,-1,negatif
Taklimat Presiden pada Sidang Kabinet Paripurna,https://www.setneg.go.id/baca/index/taklimat_presiden_pada_sidang_kabinet_paripurna,"Saya kira itu dari saya sebagai pengantar, ya.",saya kira itu dari saya sebagai pengantar ya,kira dari sebagai pengantar,-8,negatif
Taklimat Presiden pada Sidang Kabinet Paripurna,https://www.setneg.go.id/baca/index/taklimat_presiden_pada_sidang_kabinet_paripurna,"Dan, sekarang saya persilakan kawan-kawan media untuk menikmati minum kopi di luar ruangan.",dan sekarang saya persilakan kawan kawan media untuk menikmati minum kopi di luar ruangan,sekarang persilakan kawan kawan media menikmati minum kopi luar ruangan,-6,negatif
Taklimat Presiden pada Sidang Kabinet Paripurna,https://www.setneg.go.id/baca/index/taklimat_presiden_pada_sidang_kabinet_paripurna,"Kamis, 30 Juli 2026
Kamis, 30 Juli 2026
Rabu, 29 Juli 2026
Rabu, 22 Juli 2026
Senin, 20 Juli 2026",kamis juli kamis juli rabu juli rabu juli senin juli,kamis juli kamis juli rabu juli rabu juli senin juli,0,netral
Sambutan Presiden pada Panen Raya Serentak di Seluruh Indonesia Bersama TNI,https://www.setneg.go.id/baca/index/sambutan_presiden_pada_panen_raya_serentak_di_seluruh_indonesia_bersama_tni,Bismillahirrahmanirrahim.,bismillahirrahmanirrahim,bismillahirrahmanirrahim,0,netral
Sambutan Presiden pada Panen Raya Serentak di Seluruh Indonesia Bersama TNI,https://www.setneg.go.id/baca/index/sambutan_presiden_pada_panen_raya_serentak_di_seluruh_indonesia_bersama_tni,"Assalamu’alaikum warahmatullahi wabarakatuh,Selamat sore,Salam sejahtera bagi kita sekalian,Syalom,Salve,Om swastiastu,Namo Buddhaya,Salam kebajikan.",assalamu alaikum warahmatullahi wabarakatuh selamat sore salam sejahtera bagi kita sekalian syalom salve om swastiastu namo buddhaya salam kebajikan,assalamu alaikum warahmatullahi wabarakatuh selamat sore salam sejahtera kita sekalian syalom salve om swastiastu namo buddhaya salam kebajikan,11,positif
Sambutan Presiden pada Panen Raya Serentak di Seluruh Indonesia Bersama TNI,https://www.setneg.go.id/baca/index/sambutan_presiden_pada_panen_raya_serentak_di_seluruh_indonesia_bersama_tni,"Yang saya hormati Panglima Tentara Nasional Indonesia (TNI) Jenderal TNI Agus Subiyanto sebagai penyelenggara beserta Wakil Panglima TNI;Para Kepala Staf Angkatan yang hadir: Wakil Panglima TNI Jenderal TNI Tandyo Budi Revita, Kepala Staf Angkatan Darat Jenderal TNI Maruli Simanjuntak, Kepala Staf Angkatan Laut Laksamana TNI Muhammad Ali Kepala Staf Angkatan Udara Marsekal TNI Tonny Harjono;Ketua Komisi IV DPR RI Saudara Siti Hediati Soeharto beserta para anggota DPR RI yang hadir;Para anggota Kabinet Merah Putih yang hadir: Menko Politik dan Keamanan Jenderal TNI (Purn.) Djamari Chaniago, Menko Pangan Saudara Zulkifli Hasan; Menteri Pertahanan Jenderal TNI (Purn.) Sjafrie Sjamsoeddin, Menteri Luar Negeri Saudara Sugiono, Menteri Sekretaris Negara Saudara Prasetyo Hadi, Menteri Pertanian Saudara Andi Amran Sulaiman, Menteri Perdagangan Saudara Budi Santoso, Menteri Agraria dan Tata Ruang serta Kepala BPN (Badan Pertanahan Nasional) Saudara Nusron Wahid, Kepala Kepolisian Negara Republik Indonesia Jenderal Polisi Listyo Sigit Prabowo, Kepala Badan Pusat Statistik Saudara Amalia Adininggar Widyasanti, Kepala Badan Riset dan Inovasi Nasional Profesor Arif Satria, Sekretaris Kabinet Republik Indonesia Letkol Infanteri Teddy Indra Wijaya, Wakil Menteri Pertanian Saudara Sudaryono;Yang saya hormati pimpinan daerah yang hadir: Gubernur Jawa Timur Saudari Khofifah Indar Parawansa beserta jajaran Forkopimda Provinsi Jawa Timur, Bupati Malang Saudara Sanusi, Bupati Nganjuk Saudara Marhaen Djumadi; Wali Kota Malang Saudara Wahyu Hidayat, Wali Kota Batu Saudara Nurochman, Direktur Utama Perum BULOG Jenderal TNI (Purn.) Ahmad Rizal Ramdhani;Yang saya hormati para pimpinan perusahaan BUMN dan swasta;Para peserta yang hadir melaluivideo conference (vidcon)di 42 titik, Kodam, Korem, dan Lanud;Para rektor IPB dan Universitas Brawijaya, para tokoh agama, para alim ulama yang saya hormati;Para kelompok tani, para petani, para penyuluh pertanian;Oh, iya, tadi hadir di sini juga Rektor Institut, saya ulangi, Kepala Pusat Penelitian Perkebunan Gula Indonesia Saudara Akmal Agustira;Tadi, yang kita hormati Wakil Rais Syuriah PWNU (Pengurus Wilayah Nahdlatul Ulama) Jawa Timur Kiai Haji Abdul Matin Djawahir, Ketua Tanfidziyah PWNU Jawa Timur Bapak Kiai Haji Abdul Hakim Mahfudz Gus Kikin;Ketua Dewan Pembina Asosiasi Petani Tebu Rakyat Indonesia (APTRI) Saudara Muhammad Arum Sabil, coba buka topimu.",yang saya hormati panglima tentara nasional indonesia tni jenderal tni agus subiyanto sebagai penyelenggara beserta wakil panglima tni para kepala staf angkatan yang hadir wakil panglima tni jenderal tni tandyo budi revita kepala staf angkatan darat jenderal tni maruli simanjuntak kepala staf angkatan laut laksamana tni muhammad ali kepala staf angkatan udara marsekal tni tonny harjono ketua komisi iv dpr ri saudara siti hediati soeharto beserta para anggota dpr ri yang hadir para anggota kabinet merah putih yang hadir menko politik dan keamanan jenderal tni purn djamari chaniago menko pangan saudara zulkifli hasan menteri pertahanan jenderal tni purn sjafrie sjamsoeddin menteri luar negeri saudara sugiono menteri sekretaris negara saudara prasetyo hadi menteri pertanian saudara andi amran sulaiman menteri perdagangan saudara budi santoso menteri agraria dan tata ruang serta kepala bpn badan pertanahan nasional saudara nusron wahid kepala kepolisian negara republik indonesia jenderal polisi listyo sigit prabowo kepala badan pusat statistik saudara amalia adininggar widyasanti kepala badan riset dan inovasi nasional profesor arif satria sekretaris kabinet republik indonesia letkol infanteri teddy indra wijaya wakil menteri pertanian saudara sudaryono yang saya hormati pimpinan daerah yang hadir gubernur jawa timur saudari khofifah indar parawansa beserta jajaran forkopimda provinsi jawa timur bupati malang saudara sanusi bupati nganjuk saudara marhaen djumadi wali kota malang saudara wahyu hidayat wali kota batu saudara nurochman direktur utama perum bulog jenderal tni purn ahmad rizal ramdhani yang saya hormati para pimpinan perusahaan bumn dan swasta para peserta yang hadir melaluivideo conference vidcon di titik kodam korem dan lanud para rektor ipb dan universitas brawijaya para tokoh agama para alim ulama yang saya hormati para kelompok tani para petani para penyuluh pertanian oh iya tadi hadir di sini juga rektor institut saya ulangi kepala pusat penelitian perkebunan gula indonesia saudara akmal agustira tadi yang kita hormati wakil rais syuriah pwnu pengurus wilayah nahdlatul ulama jawa timur kiai haji abdul matin djawahir ketua tanfidziyah pwnu jawa timur bapak kiai haji abdul hakim mahfudz gus kikin ketua dewan pembina asosiasi petani tebu rakyat indonesia aptri saudara muhammad arum sabil coba buka topimu,hormati panglima tentara nasional indonesia tni jenderal tni agus subiyanto penyelenggara beserta wakil panglima tni kepala staf angkatan hadir wakil panglima tni jenderal tni tandyo budi revita kepala staf angkatan darat jenderal tni maruli simanjuntak kepala staf angkatan laut laksamana tni muhammad ali kepala staf angkatan udara marsekal tni tonny harjono ketua komisi iv dpr ri saudara siti hediati soeharto beserta anggota dpr ri hadir anggota kabinet merah putih hadir menko politik keamanan jenderal tni purn djamari chaniago menko pangan saudara zulkifli hasan menteri pertahanan jenderal tni purn sjafrie sjamsoeddin menteri luar negeri saudara sugiono menteri sekretaris negara saudara prasetyo hadi menteri pertanian saudara andi amran sulaiman menteri perdagangan saudara budi santoso menteri agraria tata ruang kepala bpn badan pertanahan nasional saudara nusron wahid kepala kepolisian negara republik indonesia jenderal polisi listyo sigit prabowo kepala badan pusat statistik saudara amalia adininggar widyasanti kepala badan riset inovasi nasional profesor arif satria sekretaris kabinet republik indonesia letkol infanteri teddy indra wijaya wakil menteri pertanian saudara sudaryono saya hormati pimpinan daerah hadir gubernur jawa timur saudari khofifah indar parawansa beserta jajaran forkopimda provinsi jawa timur bupati malang saudara sanusi bupati nganjuk saudara marhaen djumadi wali kota malang saudara wahyu hidayat wali kota batu saudara nurochman direktur utama perum bulog jenderal tni purn ahmad rizal ramdhani saya hormati pimpinan perusahaan bumn swasta peserta hadir melaluivideo conference vidcon titik kodam korem lanud rektor ipb universitas brawijaya tokoh agama alim ulama saya hormati kelompok tani petani penyuluh pertanian iya tadi hadir sini rektor institut saya ulangi kepala pusat penelitian perkebunan gula indonesia saudara akmal agustira tadi kita hormati wakil rais syuriah pwnu pengurus wilayah nahdlatul ulama jawa timur kiai haji abdul matin djawahir ketua tanfidziyah pwnu jawa timur bapak kiai haji abdul hakim mahfudz gus kikin ketua dewan pembina asosiasi petani tebu rakyat indonesia aptri saudara muhammad arum sabil coba buka topimu,-88,negatif
Sambutan Presiden pada Panen Raya Serentak di Seluruh Indonesia Bersama TNI,https://www.setneg.go.id/baca/index/sambutan_presiden_pada_panen_raya_serentak_di_seluruh_indonesia_bersama_tni,"Enggak apa-apa, saya, saya juga mulai botak jadi saya pakai kopiah.Mikirinpetani tebu, ya, botak;Ketua Asosiasi Produsen Spiritus dan Etanol Indonesia Saudara Giovanni, Pengurus Bidang Hukum dan Advokasi Kontak Tani dan Nelayan Andalan Saudara Ahmad Prayogo, Wakil Ketua Umum Asosiasi Pengusaha Gula Indonesia Saudara Yonathan, Ketua Umum Asosiasi Petani Tebu Republik Indonesia Saudara Fatchuddin Rosyidi, Perwakilan Kelompok Tani Tebu Jawa Timur Saudara Abdul Mujib, anak buahnya Arum.",enggak apa apa saya saya juga mulai botak jadi saya pakai kopiah mikirinpetani tebu ya botak ketua asosiasi produsen spiritus dan etanol indonesia saudara giovanni pengurus bidang hukum dan advokasi kontak tani dan nelayan andalan saudara ahmad prayogo wakil ketua umum asosiasi pengusaha gula indonesia saudara yonathan ketua umum asosiasi petani tebu republik indonesia saudara fatchuddin rosyidi perwakilan kelompok tani tebu jawa timur saudara abdul mujib anak buahnya arum,enggak apa apa mulai botak jadi saya pakai kopiah mikirinpetani tebu botak ketua asosiasi produsen spiritus etanol indonesia saudara giovanni pengurus bidang hukum advokasi kontak tani nelayan andalan saudara ahmad prayogo wakil ketua umum asosiasi pengusaha gula indonesia saudara yonathan ketua umum asosiasi petani tebu republik indonesia saudara fatchuddin rosyidi perwakilan kelompok tani tebu jawa timur saudara abdul mujib anak buahnya arum,-32,negatif
Sambutan Presiden pada Panen Raya Serentak di Seluruh Indonesia Bersama TNI,https://www.setneg.go.id/baca/index/sambutan_presiden_pada_panen_raya_serentak_di_seluruh_indonesia_bersama_tni,"Kok wajib botak semua, ya?",kok wajib botak semua ya,kok wajib botak semua,-5,negatif
Sambutan Presiden pada Panen Raya Serentak di Seluruh Indonesia Bersama TNI,https://www.setneg.go.id/baca/index/sambutan_presiden_pada_panen_raya_serentak_di_seluruh_indonesia_bersama_tni,"Pengurus Asosiasi Petani Tebu Rakyat Indonesia harus botak semua, ya?Perwakilan Kelompok Tani Padi Jawa Timur Saudara Ngatiman, oh, enggak, enggak botak.",pengurus asosiasi petani tebu rakyat indonesia harus botak semua ya perwakilan kelompok tani padi jawa timur saudara ngatiman oh enggak enggak botak,pengurus asosiasi petani tebu rakyat indonesia botak semua perwakilan kelompok tani padi jawa timur saudara ngatiman enggak enggak botak,-9,negatif
Sambutan Presiden pada Panen Raya Serentak di Seluruh Indonesia Bersama TNI,https://www.setneg.go.id/baca/index/sambutan_presiden_pada_panen_raya_serentak_di_seluruh_indonesia_bersama_tni,"Oke, terima kasih;Perwakilan Kelompok Tani Kedelai Jawa Timur Saudara Puji Santosa dari Pandean, Nganjuk;Baik, Saudara-saudara sekalian, Saudara-saudara yang berada di titik-titik melaluividcon,saya tidak sebut satu per satu tanpa mengurangi rasa hormat.",oke terima kasih perwakilan kelompok tani kedelai jawa timur saudara puji santosa dari pandean nganjuk baik saudara saudara sekalian saudara saudara yang berada di titik titik melaluividcon saya tidak sebut satu per satu tanpa mengurangi rasa hormat,oke terima kasih perwakilan kelompok tani kedelai jawa timur saudara puji santosa pandean nganjuk baik saudara saudara sekalian saudara saudara berada titik titik melaluividcon tidak sebut satu per satu mengurangi rasa hormat,-10,negatif
Sambutan Presiden pada Panen Raya Serentak di Seluruh Indonesia Bersama TNI,https://www.setneg.go.id/baca/index/sambutan_presiden_pada_panen_raya_serentak_di_seluruh_indonesia_bersama_tni,"Sebagai insan yang bertakwa, marilah kita tidak henti-hentinya memanjatkan puji syukur ke hadirat Allahsubhanahu wa ta’ala,Tuhan Mahabesar, Tuhan Mahakuasa yang memiliki sekalian alam.",sebagai insan yang bertakwa marilah kita tidak henti hentinya memanjatkan puji syukur ke hadirat allahsubhanahu wa ta ala tuhan mahabesar tuhan mahakuasa yang memiliki sekalian alam,insan bertakwa marilah tidak henti hentinya memanjatkan puji syukur hadirat allahsubhanahu wa ta ala tuhan mahabesar tuhan mahakuasa memiliki sekalian alam,5,positif
Sambutan Presiden pada Panen Raya Serentak di Seluruh Indonesia Bersama TNI,https://www.setneg.go.id/baca/index/sambutan_presiden_pada_panen_raya_serentak_di_seluruh_indonesia_bersama_tni,Hanya kepada-Nya lah kita berdoa dan hanya kepada-Nya lah kita memohon pertolongan.,hanya kepada nya lah kita berdoa dan hanya kepada nya lah kita memohon pertolongan,nya lah berdoa hanya kepada nya lah memohon pertolongan,-2,negatif
Sambutan Presiden pada Panen Raya Serentak di Seluruh Indonesia Bersama TNI,https://www.setneg.go.id/baca/index/sambutan_presiden_pada_panen_raya_serentak_di_seluruh_indonesia_bersama_tni,"Kita bersyukur atas segala kebaikan, karunia, berkah, dan kedamaian yang diberikan kepada kita.",kita bersyukur atas segala kebaikan karunia berkah dan kedamaian yang diberikan kepada kita,bersyukur atas segala kebaikan karunia berkah kedamaian diberikan kita,13,positif
Sambutan Presiden pada Panen Raya Serentak di Seluruh Indonesia Bersama TNI,https://www.setneg.go.id/baca/index/sambutan_presiden_pada_panen_raya_serentak_di_seluruh_indonesia_bersama_tni,"Atas kesehatan dan napas yang masih diberikan sehingga kita dapat berkumpul sore hari ini, dalam acara yang sangat membanggakan dan membahagiakan, yaitu Panen Raya TNI, dalam rangka mendukung program ketahanan pangan nasional.",atas kesehatan dan napas yang masih diberikan sehingga kita dapat berkumpul sore hari ini dalam acara yang sangat membanggakan dan membahagiakan yaitu panen raya tni dalam rangka mendukung program ketahanan pangan nasional,atas kesehatan napas masih diberikan kita berkumpul sore hari acara sangat membanggakan membahagiakan panen raya tni dalam rangka mendukung program ketahanan pangan nasional,-2,negatif
Sambutan Presiden pada Panen Raya Serentak di Seluruh Indonesia Bersama TNI,https://www.setneg.go.id/baca/index/sambutan_presiden_pada_panen_raya_serentak_di_seluruh_indonesia_bersama_tni,Saya ucapkan selamat atas terselenggaranya Panen Raya TNI Terintegrasi yang dilaksanakan serentak di 43 titik di seluruh Indonesia.,saya ucapkan selamat atas terselenggaranya panen raya tni terintegrasi yang dilaksanakan serentak di titik di seluruh indonesia,ucapkan selamat atas terselenggaranya panen raya tni terintegrasi dilaksanakan serentak titik seluruh indonesia,4,positif
Sambutan Presiden pada Panen Raya Serentak di Seluruh Indonesia Bersama TNI,https://www.setneg.go.id/baca/index/sambutan_presiden_pada_panen_raya_serentak_di_seluruh_indonesia_bersama_tni,"Kegiatan ini menunjukkan bahwa ketahanan pangan bukan hanya urusan Kementerian Pertanian, tetapi merupakan gerakan nasional yang melibatkan seluruh kekuatan bangsa.",kegiatan ini menunjukkan bahwa ketahanan pangan bukan hanya urusan kementerian pertanian tetapi merupakan gerakan nasional yang melibatkan seluruh kekuatan bangsa,kegiatan menunjukkan ketahanan pangan bukan urusan kementerian pertanian merupakan gerakan nasional melibatkan seluruh kekuatan bangsa,4,positif
Sambutan Presiden pada Panen Raya Serentak di Seluruh Indonesia Bersama TNI,https://www.setneg.go.id/baca/index/sambutan_presiden_pada_panen_raya_serentak_di_seluruh_indonesia_bersama_tni,"Saya sangat menghargai semangat persatuan, kolaborasi, dan gotong royong dari seluruh komponen bangsa.",saya sangat menghargai semangat persatuan kolaborasi dan gotong royong dari seluruh komponen bangsa,sangat menghargai semangat persatuan kolaborasi gotong royong seluruh komponen bangsa,-6,negatif
Sambutan Presiden pada Panen Raya Serentak di Seluruh Indonesia Bersama TNI,https://www.setneg.go.id/baca/index/sambutan_presiden_pada_panen_raya_serentak_di_seluruh_indonesia_bersama_tni,"Dua bulan lalu, tepatnya 16 Mei 2026, kita menyaksikan Panen Raya Jagung bersama Polri.",dua bulan lalu tepatnya mei kita menyaksikan panen raya jagung bersama polri,bulan lalu tepatnya mei menyaksikan panen raya jagung bersama polri,6,positif
Sambutan Presiden pada Panen Raya Serentak di Seluruh Indonesia Bersama TNI,https://www.setneg.go.id/baca/index/sambutan_presiden_pada_panen_raya_serentak_di_seluruh_indonesia_bersama_tni,"Hari ini kita menyaksikan Panen Raya TNI, ada tebu, ada kedelai, ada padi.",hari ini kita menyaksikan panen raya tni ada tebu ada kedelai ada padi,hari kita menyaksikan panen raya tni tebu kedelai padi,1,positif
Sambutan Presiden pada Panen Raya Serentak di Seluruh Indonesia Bersama TNI,https://www.setneg.go.id/baca/index/sambutan_presiden_pada_panen_raya_serentak_di_seluruh_indonesia_bersama_tni,"Ini menunjukkan bahwa TNI dan Polri tidak hanya merupakan penjaga ketahanan dan keamanan negara, tapi TNI dan Polri adalah bagian yang tidak bisa dipisahkan dari rakyat Indonesia.",ini menunjukkan bahwa tni dan polri tidak hanya merupakan penjaga ketahanan dan keamanan negara tapi tni dan polri adalah bagian yang tidak bisa dipisahkan dari rakyat indonesia,menunjukkan tni polri hanya merupakan penjaga ketahanan keamanan negara tni polri bagian tidak dipisahkan rakyat indonesia,-15,negatif
Sambutan Presiden pada Panen Raya Serentak di Seluruh Indonesia Bersama TNI,https://www.setneg.go.id/baca/index/sambutan_presiden_pada_panen_raya_serentak_di_seluruh_indonesia_bersama_tni,TNI dan Polri adalah anak kandung rakyat.,tni dan polri adalah anak kandung rakyat,tni polri anak kandung rakyat,-3,negatif
Sambutan Presiden pada Panen Raya Serentak di Seluruh Indonesia Bersama TNI,https://www.setneg.go.id/baca/index/sambutan_presiden_pada_panen_raya_serentak_di_seluruh_indonesia_bersama_tni,"TNI dan Polri harus selalu bersama rakyat, di tengah-tengah rakyat.",tni dan polri harus selalu bersama rakyat di tengah tengah rakyat,tni polri selalu bersama rakyat tengah tengah rakyat,7,positif
Sambutan Presiden pada Panen Raya Serentak di Seluruh Indonesia Bersama TNI,https://www.setneg.go.id/baca/index/sambutan_presiden_pada_panen_raya_serentak_di_seluruh_indonesia_bersama_tni,Kesulitan rakyat adalah kesulitan TNI dan Polri.,kesulitan rakyat adalah kesulitan tni dan polri,kesulitan rakyat kesulitan tni polri,-10,negatif
Sambutan Presiden pada Panen Raya Serentak di Seluruh Indonesia Bersama TNI,https://www.setneg.go.id/baca/index/sambutan_presiden_pada_panen_raya_serentak_di_seluruh_indonesia_bersama_tni,"Selama ada rakyat yang hidupnya susah, itu adalah kewajiban semua komponen untuk bersatu, untuk bahu-membahu, berbuat langkah-langkah yang benar, langkah-langkah yang besar, langkah-langkah yang nyata untuk mengatasi kesulitan-kesulitan rakyat itu.",selama ada rakyat yang hidupnya susah itu adalah kewajiban semua komponen untuk bersatu untuk bahu membahu berbuat langkah langkah yang benar langkah langkah yang besar langkah langkah yang nyata untuk mengatasi kesulitan kesulitan rakyat itu,selama rakyat hidupnya susah adalah kewajiban semua komponen bersatu bahu membahu berbuat langkah langkah benar langkah langkah besar langkah langkah nyata mengatasi kesulitan kesulitan rakyat,-1,negatif
Sambutan Presiden pada Panen Raya Serentak di Seluruh Indonesia Bersama TNI,https://www.setneg.go.id/baca/index/sambutan_presiden_pada_panen_raya_serentak_di_seluruh_indonesia_bersama_tni,"Saya bangga hari ini, dan saya bangga beberapa minggu-minggu ini.",saya bangga hari ini dan saya bangga beberapa minggu minggu ini,bangga hari dan bangga beberapa minggu minggu,6,positif
Sambutan Presiden pada Panen Raya Serentak di Seluruh Indonesia Bersama TNI,https://www.setneg.go.id/baca/index/sambutan_presiden_pada_panen_raya_serentak_di_seluruh_indonesia_bersama_tni,"Saya melihat kerja keras semua unsur, menteri-menteri, Panglima, Kapolri.",saya melihat kerja keras semua unsur menteri menteri panglima kapolri,melihat kerja keras semua unsur menteri menteri panglima kapolri,5,positif
Sambutan Presiden pada Panen Raya Serentak di Seluruh Indonesia Bersama TNI,https://www.setneg.go.id/baca/index/sambutan_presiden_pada_panen_raya_serentak_di_seluruh_indonesia_bersama_tni,"Semua unsur bekerja dengan gesit, tidak istirahat.",semua unsur bekerja dengan gesit tidak istirahat,semua unsur bekerja gesit istirahat,-5,negatif
Sambutan Presiden pada Panen Raya Serentak di Seluruh Indonesia Bersama TNI,https://www.setneg.go.id/baca/index/sambutan_presiden_pada_panen_raya_serentak_di_seluruh_indonesia_bersama_tni,"Banyak pejabat tinggi negara, menteri-menteri, kepala badan, terus terang, terus terang saja, yang ambruk, masuk rumah sakit karena kerja keras.",banyak pejabat tinggi negara menteri menteri kepala badan terus terang terus terang saja yang ambruk masuk rumah sakit karena kerja keras,banyak pejabat tinggi negara menteri menteri kepala badan terus terang terus terang yang ambruk masuk rumah sakit kerja keras,-30,negatif
Sambutan Presiden pada Panen Raya Serentak di Seluruh Indonesia Bersama TNI,https://www.setneg.go.id/baca/index/sambutan_presiden_pada_panen_raya_serentak_di_seluruh_indonesia_bersama_tni,Kita mengejar sasaran-sasaran.,kita mengejar sasaran sasaran,mengejar sasaran sasaran,-4,negatif
Sambutan Presiden pada Panen Raya Serentak di Seluruh Indonesia Bersama TNI,https://www.setneg.go.id/baca/index/sambutan_presiden_pada_panen_raya_serentak_di_seluruh_indonesia_bersama_tni,"Kita sadar bahwa rakyat sudah terlalu lama mengalami kehidupan yang tidak selayaknya dialami oleh negara besar dan negara kaya seperti kita, sehingga pemerintah yang saya pimpin bertekad untuk berbuat yang terbaik, untuk menggapai sasaran yang tertinggi dalam waktu yang secepat-cepatnya.",kita sadar bahwa rakyat sudah terlalu lama mengalami kehidupan yang tidak selayaknya dialami oleh negara besar dan negara kaya seperti kita sehingga pemerintah yang saya pimpin bertekad untuk berbuat yang terbaik untuk menggapai sasaran yang tertinggi dalam waktu yang secepat cepatnya,sadar rakyat terlalu lama mengalami kehidupan tidak selayaknya dialami negara besar negara kaya kita pemerintah saya pimpin bertekad berbuat terbaik menggapai sasaran tertinggi waktu secepat cepatnya,-12,negatif
Sambutan Presiden pada Panen Raya Serentak di Seluruh Indonesia Bersama TNI,https://www.setneg.go.id/baca/index/sambutan_presiden_pada_panen_raya_serentak_di_seluruh_indonesia_bersama_tni,Kita tidak mau menjadi bangsa yang santai.,kita tidak mau menjadi bangsa yang santai,tidak mau menjadi bangsa santai,-4,negatif
Sambutan Presiden pada Panen Raya Serentak di Seluruh Indonesia Bersama TNI,https://www.setneg.go.id/baca/index/sambutan_presiden_pada_panen_raya_serentak_di_seluruh_indonesia_bersama_tni,"Kita akan buktikan kepada dunia, bahwa bangsa Indonesia sedang bangkit dengan kekuatan kita sendiri.",kita akan buktikan kepada dunia bahwa bangsa indonesia sedang bangkit dengan kekuatan kita sendiri,akan buktikan dunia bangsa indonesia sedang bangkit kekuatan sendiri,-6,negatif
Sambutan Presiden pada Panen Raya Serentak di Seluruh Indonesia Bersama TNI,https://www.setneg.go.id/baca/index/sambutan_presiden_pada_panen_raya_serentak_di_seluruh_indonesia_bersama_tni,"Berkali-kali pendiri-pendiri bangsa kita mengajarkan kepada kita, bahwa percayalah kepada kekuatan kita sendiri.",berkali kali pendiri pendiri bangsa kita mengajarkan kepada kita bahwa percayalah kepada kekuatan kita sendiri,berkali kali pendiri pendiri bangsa mengajarkan percayalah kekuatan kita sendiri,0,netral
Sambutan Presiden pada Panen Raya Serentak di Seluruh Indonesia Bersama TNI,https://www.setneg.go.id/baca/index/sambutan_presiden_pada_panen_raya_serentak_di_seluruh_indonesia_bersama_tni,"Tidak ada bangsa lain yang kasihan sama kita, tidak ada bangsa lain yang kasihan sama kita.",tidak ada bangsa lain yang kasihan sama kita tidak ada bangsa lain yang kasihan sama kita,bangsa yang kasihan sama tidak ada bangsa yang kasihan sama,-18,negatif
Sambutan Presiden pada Panen Raya Serentak di Seluruh Indonesia Bersama TNI,https://www.setneg.go.id/baca/index/sambutan_presiden_pada_panen_raya_serentak_di_seluruh_indonesia_bersama_tni,"Ratusan tahun mereka datang mengambil kekayaan kita dan sampai hari ini pun ada negara-negara yang selalu ingin ambil kekayaan kita, dan membiarkan rakyat kita miskin.",ratusan tahun mereka datang mengambil kekayaan kita dan sampai hari ini pun ada negara negara yang selalu ingin ambil kekayaan kita dan membiarkan rakyat kita miskin,ratusan tahun datang mengambil kekayaan dan hari pun negara negara selalu ambil kekayaan dan membiarkan rakyat miskin,-16,negatif
Sambutan Presiden pada Panen Raya Serentak di Seluruh Indonesia Bersama TNI,https://www.setneg.go.id/baca/index/sambutan_presiden_pada_panen_raya_serentak_di_seluruh_indonesia_bersama_tni,Itu kita tidak terima.,itu kita tidak terima,kita terima,2,positif
Sambutan Presiden pada Panen Raya Serentak di Seluruh Indonesia Bersama TNI,https://www.setneg.go.id/baca/index/sambutan_presiden_pada_panen_raya_serentak_di_seluruh_indonesia_bersama_tni,"Karena itu, sekali lagi saya ucapkan terima kasih kepada semua unsur, semua unsur.",karena itu sekali lagi saya ucapkan terima kasih kepada semua unsur semua unsur,itu sekali saya ucapkan terima kasih semua unsur semua unsur,-11,negatif
Sambutan Presiden pada Panen Raya Serentak di Seluruh Indonesia Bersama TNI,https://www.setneg.go.id/baca/index/sambutan_presiden_pada_panen_raya_serentak_di_seluruh_indonesia_bersama_tni,Kita bahu-membahu.,kita bahu membahu,bahu membahu,0,netral
Sambutan Presiden pada Panen Raya Serentak di Seluruh Indonesia Bersama TNI,https://www.setneg.go.id/baca/index/sambutan_presiden_pada_panen_raya_serentak_di_seluruh_indonesia_bersama_tni,"Saya mengajak semua kekuatan, sudah bersatulah.",saya mengajak semua kekuatan sudah bersatulah,mengajak semua kekuatan bersatulah,0,netral
Sambutan Presiden pada Panen Raya Serentak di Seluruh Indonesia Bersama TNI,https://www.setneg.go.id/baca/index/sambutan_presiden_pada_panen_raya_serentak_di_seluruh_indonesia_bersama_tni,"Bersatulah untuk bangsa dan rakyat kita, bersatulah untuk anak-anak dan cucu kita, bersatulah untuk mengamankan, menguasai kembali semua kekayaan bangsa Indonesia, supaya rakyat kita bisa menikmati kekayaan tersebut.",bersatulah untuk bangsa dan rakyat kita bersatulah untuk anak anak dan cucu kita bersatulah untuk mengamankan menguasai kembali semua kekayaan bangsa indonesia supaya rakyat kita bisa menikmati kekayaan tersebut,bersatulah bangsa rakyat bersatulah anak anak cucu bersatulah mengamankan menguasai semua kekayaan bangsa indonesia rakyat bisa menikmati kekayaan tersebut,-8,negatif
Sambutan Presiden pada Panen Raya Serentak di Seluruh Indonesia Bersama TNI,https://www.setneg.go.id/baca/index/sambutan_presiden_pada_panen_raya_serentak_di_seluruh_indonesia_bersama_tni,"Kita akan dilawan, tapi itu risiko.",kita akan dilawan tapi itu risiko,akan dilawan itu risiko,-5,negatif
Sambutan Presiden pada Panen Raya Serentak di Seluruh Indonesia Bersama TNI,https://www.setneg.go.id/baca/index/sambutan_presiden_pada_panen_raya_serentak_di_seluruh_indonesia_bersama_tni,"Ratusan tahun kita ingin merdeka, ratusan tahun kita ingin hidup baik, ratusan tahun.",ratusan tahun kita ingin merdeka ratusan tahun kita ingin hidup baik ratusan tahun,ratusan tahun ingin merdeka ratusan tahun ingin hidup baik ratusan tahun,-5,negatif
Sambutan Presiden pada Panen Raya Serentak di Seluruh Indonesia Bersama TNI,https://www.setneg.go.id/baca/index/sambutan_presiden_pada_panen_raya_serentak_di_seluruh_indonesia_bersama_tni,"Dan, kita merdeka melalui perjuangan, melalui darah keringat, dan air mata.",dan kita merdeka melalui perjuangan melalui darah keringat dan air mata,kita merdeka melalui perjuangan melalui darah keringat air mata,2,positif
Sambutan Presiden pada Panen Raya Serentak di Seluruh Indonesia Bersama TNI,https://www.setneg.go.id/baca/index/sambutan_presiden_pada_panen_raya_serentak_di_seluruh_indonesia_bersama_tni,Kita tidak mau memusuhi siapa saja.,kita tidak mau memusuhi siapa saja,tidak mau memusuhi siapa,-13,negatif
Sambutan Presiden pada Panen Raya Serentak di Seluruh Indonesia Bersama TNI,https://www.setneg.go.id/baca/index/sambutan_presiden_pada_panen_raya_serentak_di_seluruh_indonesia_bersama_tni,"Saya katakan, kita mau bersahabat dengan semua kekuatan, semua negara.",saya katakan kita mau bersahabat dengan semua kekuatan semua negara,katakan mau bersahabat semua kekuatan semua negara,-2,negatif
Sambutan Presiden pada Panen Raya Serentak di Seluruh Indonesia Bersama TNI,https://www.setneg.go.id/baca/index/sambutan_presiden_pada_panen_raya_serentak_di_seluruh_indonesia_bersama_tni,"Tapi, kita sadar sekarang bahwa kita harus kompak, kita harus bersatu.",tapi kita sadar sekarang bahwa kita harus kompak kita harus bersatu,sadar sekarang kita kompak kita harus bersatu,-7,negatif
Sambutan Presiden pada Panen Raya Serentak di Seluruh Indonesia Bersama TNI,https://www.setneg.go.id/baca/index/sambutan_presiden_pada_panen_raya_serentak_di_seluruh_indonesia_bersama_tni,"Semua unsur, terutama mereka yang dipilih rakyat, terutama mereka yang digaji oleh rakyat, terutama mereka di dalam pemerintahan, dalam birokrasi, dalam BUMN-BUMN.",semua unsur terutama mereka yang dipilih rakyat terutama mereka yang digaji oleh rakyat terutama mereka di dalam pemerintahan dalam birokrasi dalam bumn bumn,semua unsur terutama yang dipilih rakyat terutama yang digaji rakyat terutama di pemerintahan birokrasi bumn bumn,-1,negatif
Sambutan Presiden pada Panen Raya Serentak di Seluruh Indonesia Bersama TNI,https://www.setneg.go.id/baca/index/sambutan_presiden_pada_panen_raya_serentak_di_seluruh_indonesia_bersama_tni,"Kita tidak mau toleransi kepada mereka yang dipercaya oleh rakyat, yang digaji oleh rakyat, tapi melaksanakan kebijakan-kebijakan dan tindakan-tindakan yang merugikan rakyat.",kita tidak mau toleransi kepada mereka yang dipercaya oleh rakyat yang digaji oleh rakyat tapi melaksanakan kebijakan kebijakan dan tindakan tindakan yang merugikan rakyat,tidak mau toleransi mereka dipercaya rakyat digaji rakyat melaksanakan kebijakan kebijakan tindakan tindakan merugikan rakyat,3,positif
Sambutan Presiden pada Panen Raya Serentak di Seluruh Indonesia Bersama TNI,https://www.setneg.go.id/baca/index/sambutan_presiden_pada_panen_raya_serentak_di_seluruh_indonesia_bersama_tni,"Apalagi mencuri uang rakyat, kita tidak toleransi.",apalagi mencuri uang rakyat kita tidak toleransi,mencuri uang rakyat tidak toleransi,-10,negatif
Sambutan Presiden pada Panen Raya Serentak di Seluruh Indonesia Bersama TNI,https://www.setneg.go.id/baca/index/sambutan_presiden_pada_panen_raya_serentak_di_seluruh_indonesia_bersama_tni,"Saya tidak toleransi, sebagai presiden yang dipercaya rakyat, saya tidak akan ragu-ragu.",saya tidak toleransi sebagai presiden yang dipercaya rakyat saya tidak akan ragu ragu,tidak toleransi presiden dipercaya rakyat tidak ragu ragu,-13,negatif
Sambutan Presiden pada Panen Raya Serentak di Seluruh Indonesia Bersama TNI,https://www.setneg.go.id/baca/index/sambutan_presiden_pada_panen_raya_serentak_di_seluruh_indonesia_bersama_tni,Saya terima kasih.,saya terima kasih,terima kasih,1,positif
Sambutan Presiden pada Panen Raya Serentak di Seluruh Indonesia Bersama TNI,https://www.setneg.go.id/baca/index/sambutan_presiden_pada_panen_raya_serentak_di_seluruh_indonesia_bersama_tni,Target kita swasembada pangan sudah kita capai.,target kita swasembada pangan sudah kita capai,target swasembada pangan kita capai,-5,negatif
Sambutan Presiden pada Panen Raya Serentak di Seluruh Indonesia Bersama TNI,https://www.setneg.go.id/baca/index/sambutan_presiden_pada_panen_raya_serentak_di_seluruh_indonesia_bersama_tni,"Sekarang swasembada energi kita sedang menuju, swasembada air sedang kita rintis, sehingga semua rakyat kita punya akses kepada air bersih dan air untuk tanaman.",sekarang swasembada energi kita sedang menuju swasembada air sedang kita rintis sehingga semua rakyat kita punya akses kepada air bersih dan air untuk tanaman,sekarang swasembada energi sedang menuju swasembada air sedang rintis semua rakyat punya akses air bersih air tanaman,-4,negatif
Sambutan Presiden pada Panen Raya Serentak di Seluruh Indonesia Bersama TNI,https://www.setneg.go.id/baca/index/sambutan_presiden_pada_panen_raya_serentak_di_seluruh_indonesia_bersama_tni,"Kita sedang mengadakan penertiban besar-besaran terhadap semua kegiatan-kegiatan yang ilegal, penyelundupan, kegiatan tambang ilegal, kegiatan perkebunan ilegal, kegiatan perikanan ilegal, permainan-permainan dagang yang ilegal.",kita sedang mengadakan penertiban besar besaran terhadap semua kegiatan kegiatan yang ilegal penyelundupan kegiatan tambang ilegal kegiatan perkebunan ilegal kegiatan perikanan ilegal permainan permainan dagang yang ilegal,sedang mengadakan penertiban besar besaran semua kegiatan kegiatan ilegal penyelundupan kegiatan tambang ilegal kegiatan perkebunan ilegal kegiatan perikanan ilegal permainan permainan dagang ilegal,8,positif
Sambutan Presiden pada Panen Raya Serentak di Seluruh Indonesia Bersama TNI,https://www.setneg.go.id/baca/index/sambutan_presiden_pada_panen_raya_serentak_di_seluruh_indonesia_bersama_tni,"Pekerjaan kita besar, tapiinsyaallah, dengan tekad, dengan hati, dengan kehendak, kita akan mencapai yang kita inginkan.",pekerjaan kita besar tapiinsyaallah dengan tekad dengan hati dengan kehendak kita akan mencapai yang kita inginkan,pekerjaan besar tapiinsyaallah tekad hati kehendak akan mencapai kita inginkan,-4,negatif
Sambutan Presiden pada Panen Raya Serentak di Seluruh Indonesia Bersama TNI,https://www.setneg.go.id/baca/index/sambutan_presiden_pada_panen_raya_serentak_di_seluruh_indonesia_bersama_tni,"Tadi Menteri Pertanian menyampaikan kepada saya, bahwa sudah 12 tahun tidak ada peremajaan tebu 12 tahun, 12 tahun.",tadi menteri pertanian menyampaikan kepada saya bahwa sudah tahun tidak ada peremajaan tebu tahun tahun,tadi menteri pertanian menyampaikan saya sudah tahun ada peremajaan tebu tahun tahun,-5,negatif
Sambutan Presiden pada Panen Raya Serentak di Seluruh Indonesia Bersama TNI,https://www.setneg.go.id/baca/index/sambutan_presiden_pada_panen_raya_serentak_di_seluruh_indonesia_bersama_tni,Kita sekarang akan meremajakan semua tebu yang kita miliki.,kita sekarang akan meremajakan semua tebu yang kita miliki,sekarang meremajakan semua tebu kita miliki,-3,negatif
Sambutan Presiden pada Panen Raya Serentak di Seluruh Indonesia Bersama TNI,https://www.setneg.go.id/baca/index/sambutan_presiden_pada_panen_raya_serentak_di_seluruh_indonesia_bersama_tni,"Menteri Pertanian melaporkan kepada saya, program kita sekarang adalah 100 ribu hektare per tahun.",menteri pertanian melaporkan kepada saya program kita sekarang adalah ribu hektare per tahun,menteri pertanian melaporkan saya program sekarang ribu hektare per tahun,-3,negatif
Sambutan Presiden pada Panen Raya Serentak di Seluruh Indonesia Bersama TNI,https://www.setneg.go.id/baca/index/sambutan_presiden_pada_panen_raya_serentak_di_seluruh_indonesia_bersama_tni,"Dan, dengan demikian akan dicapai dalam empat tahun.",dan dengan demikian akan dicapai dalam empat tahun,dengan akan dicapai empat tahun,0,netral
Sambutan Presiden pada Panen Raya Serentak di Seluruh Indonesia Bersama TNI,https://www.setneg.go.id/baca/index/sambutan_presiden_pada_panen_raya_serentak_di_seluruh_indonesia_bersama_tni,"Tapi setelah saya tanya lagi ke beliau, dengan gagah dan berani beliau mengatakan, “Pak kita bisa dalam dua tahun.” Tapi saya bilang, “Bagus, tapi jangan masuk rumah sakit, Menteri Pertanian.” Janji, dua tahun tapiyouenggak masuk rumah sakit.",tapi setelah saya tanya lagi ke beliau dengan gagah dan berani beliau mengatakan pak kita bisa dalam dua tahun tapi saya bilang bagus tapi jangan masuk rumah sakit menteri pertanian janji dua tahun tapiyouenggak masuk rumah sakit,setelah tanya ke beliau gagah berani beliau mengatakan pak bisa tahun saya bilang bagus jangan masuk rumah sakit menteri pertanian janji dua tahun tapiyouenggak masuk rumah sakit,-23,negatif
Sambutan Presiden pada Panen Raya Serentak di Seluruh Indonesia Bersama TNI,https://www.setneg.go.id/baca/index/sambutan_presiden_pada_panen_raya_serentak_di_seluruh_indonesia_bersama_tni,Negara dan bangsa masih butuh kau.,negara dan bangsa masih butuh kau,negara bangsa butuh kau,-5,negatif
Sambutan Presiden pada Panen Raya Serentak di Seluruh Indonesia Bersama TNI,https://www.setneg.go.id/baca/index/sambutan_presiden_pada_panen_raya_serentak_di_seluruh_indonesia_bersama_tni,"Ya, menteri-menteri, jenderal-jenderal jangan, jangan ambruk.",ya menteri menteri jenderal jenderal jangan jangan ambruk,menteri menteri jenderal jenderal jangan jangan ambruk,-11,negatif
Sambutan Presiden pada Panen Raya Serentak di Seluruh Indonesia Bersama TNI,https://www.setneg.go.id/baca/index/sambutan_presiden_pada_panen_raya_serentak_di_seluruh_indonesia_bersama_tni,"Kalau mau ilmu, nanti saya kasih ilmu.",kalau mau ilmu nanti saya kasih ilmu,kalau mau ilmu saya kasih ilmu,2,positif
Sambutan Presiden pada Panen Raya Serentak di Seluruh Indonesia Bersama TNI,https://www.setneg.go.id/baca/index/sambutan_presiden_pada_panen_raya_serentak_di_seluruh_indonesia_bersama_tni,"Tentara itu pintar cari waktu istirahat, ya.",tentara itu pintar cari waktu istirahat ya,tentara pintar cari waktu istirahat,-5,negatif
Sambutan Presiden pada Panen Raya Serentak di Seluruh Indonesia Bersama TNI,https://www.setneg.go.id/baca/index/sambutan_presiden_pada_panen_raya_serentak_di_seluruh_indonesia_bersama_tni,"Upacara saja bisa tidur, nah, itu.",upacara saja bisa tidur nah itu,upacara bisa tidur nah,-3,negatif
Sambutan Presiden pada Panen Raya Serentak di Seluruh Indonesia Bersama TNI,https://www.setneg.go.id/baca/index/sambutan_presiden_pada_panen_raya_serentak_di_seluruh_indonesia_bersama_tni,"Ini lulusan akademi militer, akademi polisi semua, punya ilmu-ilmu itu semua.",ini lulusan akademi militer akademi polisi semua punya ilmu ilmu itu semua,lulusan akademi militer akademi polisi semua punya ilmu ilmu semua,5,positif
Sambutan Presiden pada Panen Raya Serentak di Seluruh Indonesia Bersama TNI,https://www.setneg.go.id/baca/index/sambutan_presiden_pada_panen_raya_serentak_di_seluruh_indonesia_bersama_tni,Di kelas tidur.,di kelas tidur,kelas tidur,-6,negatif
Sambutan Presiden pada Panen Raya Serentak di Seluruh Indonesia Bersama TNI,https://www.setneg.go.id/baca/index/sambutan_presiden_pada_panen_raya_serentak_di_seluruh_indonesia_bersama_tni,"Tapi sekarang enggak, itu zaman dulu.",tapi sekarang enggak itu zaman dulu,sekarang enggak zaman dulu,0,netral
Sambutan Presiden pada Panen Raya Serentak di Seluruh Indonesia Bersama TNI,https://www.setneg.go.id/baca/index/sambutan_presiden_pada_panen_raya_serentak_di_seluruh_indonesia_bersama_tni,"Zaman kalian, kan, enggak tidur di kelas, kan?",zaman kalian kan enggak tidur di kelas kan,zaman kalian kan enggak tidur kelas kan,-6,negatif
Sambutan Presiden pada Panen Raya Serentak di Seluruh Indonesia Bersama TNI,https://www.setneg.go.id/baca/index/sambutan_presiden_pada_panen_raya_serentak_di_seluruh_indonesia_bersama_tni,"Enggak, kan?",enggak kan,enggak kan,0,netral
Sambutan Presiden pada Panen Raya Serentak di Seluruh Indonesia Bersama TNI,https://www.setneg.go.id/baca/index/sambutan_presiden_pada_panen_raya_serentak_di_seluruh_indonesia_bersama_tni,Karena gizi sudah bagus.,karena gizi sudah bagus,gizi bagus,-4,negatif
Sambutan Presiden pada Panen Raya Serentak di Seluruh Indonesia Bersama TNI,https://www.setneg.go.id/baca/index/sambutan_presiden_pada_panen_raya_serentak_di_seluruh_indonesia_bersama_tni,"Jadi, kita akan percepat dan semua usaha kita akan kerja keras.",jadi kita akan percepat dan semua usaha kita akan kerja keras,jadi akan percepat semua usaha akan kerja keras,-7,negatif
Sambutan Presiden pada Panen Raya Serentak di Seluruh Indonesia Bersama TNI,https://www.setneg.go.id/baca/index/sambutan_presiden_pada_panen_raya_serentak_di_seluruh_indonesia_bersama_tni,Tapi sekarang hasil-hasil sudah mulai kita lihat.,tapi sekarang hasil hasil sudah mulai kita lihat,sekarang hasil hasil mulai lihat,10,positif
Sambutan Presiden pada Panen Raya Serentak di Seluruh Indonesia Bersama TNI,https://www.setneg.go.id/baca/index/sambutan_presiden_pada_panen_raya_serentak_di_seluruh_indonesia_bersama_tni,Menteri Keuangan melaporkan kondisi ekonomi kita bagus.,menteri keuangan melaporkan kondisi ekonomi kita bagus,menteri keuangan melaporkan kondisi ekonomi bagus,-4,negatif
Sambutan Presiden pada Panen Raya Serentak di Seluruh Indonesia Bersama TNI,https://www.setneg.go.id/baca/index/sambutan_presiden_pada_panen_raya_serentak_di_seluruh_indonesia_bersama_tni,"Di tengah dunia yang susah, di tengah perang di mana-mana, kita masih lumayan.",di tengah dunia yang susah di tengah perang di mana mana kita masih lumayan,tengah dunia susah tengah perang mana mana masih lumayan,-6,negatif
Sambutan Presiden pada Panen Raya Serentak di Seluruh Indonesia Bersama TNI,https://www.setneg.go.id/baca/index/sambutan_presiden_pada_panen_raya_serentak_di_seluruh_indonesia_bersama_tni,"Kita kemarin berhasil mulai produksi, mulai pembangunan blok gas, salah satu yang terbesar di kawasan kita.",kita kemarin berhasil mulai produksi mulai pembangunan blok gas salah satu yang terbesar di kawasan kita,kemarin berhasil mulai produksi mulai pembangunan blok gas salah satu terbesar kawasan,-4,negatif
Sambutan Presiden pada Panen Raya Serentak di Seluruh Indonesia Bersama TNI,https://www.setneg.go.id/baca/index/sambutan_presiden_pada_panen_raya_serentak_di_seluruh_indonesia_bersama_tni,"Setelah 28 tahun mangkrak, kita hidupkan.",setelah tahun mangkrak kita hidupkan,tahun mangkrak hidupkan,0,netral
Sambutan Presiden pada Panen Raya Serentak di Seluruh Indonesia Bersama TNI,https://www.setneg.go.id/baca/index/sambutan_presiden_pada_panen_raya_serentak_di_seluruh_indonesia_bersama_tni,Sebelumnya kita berhasil menjadi negara pertama di dunia yang menghasilkan B50.,sebelumnya kita berhasil menjadi negara pertama di dunia yang menghasilkan b,sebelumnya berhasil menjadi negara pertama dunia menghasilkan b,1,positif
Sambutan Presiden pada Panen Raya Serentak di Seluruh Indonesia Bersama TNI,https://www.setneg.go.id/baca/index/sambutan_presiden_pada_panen_raya_serentak_di_seluruh_indonesia_bersama_tni,Kita sekarang menghasilkan solar dari kelapa sawit.,kita sekarang menghasilkan solar dari kelapa sawit,sekarang menghasilkan solar kelapa sawit,0,netral
Sambutan Presiden pada Panen Raya Serentak di Seluruh Indonesia Bersama TNI,https://www.setneg.go.id/baca/index/sambutan_presiden_pada_panen_raya_serentak_di_seluruh_indonesia_bersama_tni,"Jadi, dari mulai bulan Juli ini kita tidak impor solar lagi dari luar negeri, Saudara-saudara sekalian.",jadi dari mulai bulan juli ini kita tidak impor solar lagi dari luar negeri saudara saudara sekalian,jadi mulai bulan juli kita impor solar dari luar negeri saudara saudara sekalian,-5,negatif
Sambutan Presiden pada Panen Raya Serentak di Seluruh Indonesia Bersama TNI,https://www.setneg.go.id/baca/index/sambutan_presiden_pada_panen_raya_serentak_di_seluruh_indonesia_bersama_tni,"Lebih baik uang itu beredar di Indonesia, dinikmati oleh petani-petani sawit di seluruh Indonesia.",lebih baik uang itu beredar di indonesia dinikmati oleh petani petani sawit di seluruh indonesia,lebih baik uang beredar indonesia dinikmati petani petani sawit seluruh indonesia,2,positif
Sambutan Presiden pada Panen Raya Serentak di Seluruh Indonesia Bersama TNI,https://www.setneg.go.id/baca/index/sambutan_presiden_pada_panen_raya_serentak_di_seluruh_indonesia_bersama_tni,"Dan, hari ini saya dipaparkan, dikasih lihat tadi.",dan hari ini saya dipaparkan dikasih lihat tadi,hari saya dipaparkan dikasih lihat tadi,2,positif
Sambutan Presiden pada Panen Raya Serentak di Seluruh Indonesia Bersama TNI,https://www.setneg.go.id/baca/index/sambutan_presiden_pada_panen_raya_serentak_di_seluruh_indonesia_bersama_tni,"Saya minta maaf tadi saya lama melihat pameran, itu ada tadi sudah mulai kita mampu menuju E10, Etanol 10.",saya minta maaf tadi saya lama melihat pameran itu ada tadi sudah mulai kita mampu menuju e etanol,minta maaf tadi lama melihat pameran ada tadi mulai mampu menuju e etanol,-20,negatif
Sambutan Presiden pada Panen Raya Serentak di Seluruh Indonesia Bersama TNI,https://www.setneg.go.id/baca/index/sambutan_presiden_pada_panen_raya_serentak_di_seluruh_indonesia_bersama_tni,Jadi nanti bensin bisa dicampur dengan 10 persen etanol.,jadi nanti bensin bisa dicampur dengan persen etanol,jadi bensin dicampur persen etanol,0,netral
Sambutan Presiden pada Panen Raya Serentak di Seluruh Indonesia Bersama TNI,https://www.setneg.go.id/baca/index/sambutan_presiden_pada_panen_raya_serentak_di_seluruh_indonesia_bersama_tni,"Tapi, tadi para petugas mengatakan kita bisa sampai E20, butuh pabrik.",tapi tadi para petugas mengatakan kita bisa sampai e butuh pabrik,tadi petugas mengatakan bisa e butuh pabrik,-5,negatif
Sambutan Presiden pada Panen Raya Serentak di Seluruh Indonesia Bersama TNI,https://www.setneg.go.id/baca/index/sambutan_presiden_pada_panen_raya_serentak_di_seluruh_indonesia_bersama_tni,"Tadi pabriknya yang baru kita miliki baru satu pabrik, tadi saya putuskan kita akan bangun minimal 30 pabrik.",tadi pabriknya yang baru kita miliki baru satu pabrik tadi saya putuskan kita akan bangun minimal pabrik,tadi pabriknya baru miliki baru satu pabrik tadi putuskan akan bangun minimal pabrik,-4,negatif
Sambutan Presiden pada Panen Raya Serentak di Seluruh Indonesia Bersama TNI,https://www.setneg.go.id/baca/index/sambutan_presiden_pada_panen_raya_serentak_di_seluruh_indonesia_bersama_tni,Kalau perlu sampai 50 pabrik.,kalau perlu sampai pabrik,kalau perlu pabrik,1,positif
Sambutan Presiden pada Panen Raya Serentak di Seluruh Indonesia Bersama TNI,https://www.setneg.go.id/baca/index/sambutan_presiden_pada_panen_raya_serentak_di_seluruh_indonesia_bersama_tni,"India sudah E20, India sudah E20.",india sudah e india sudah e,india e india e,0,netral
Sambutan Presiden pada Panen Raya Serentak di Seluruh Indonesia Bersama TNI,https://www.setneg.go.id/baca/index/sambutan_presiden_pada_panen_raya_serentak_di_seluruh_indonesia_bersama_tni,Brasil sudah E100.,brasil sudah e,brasil e,0,netral
Sambutan Presiden pada Panen Raya Serentak di Seluruh Indonesia Bersama TNI,https://www.setneg.go.id/baca/index/sambutan_presiden_pada_panen_raya_serentak_di_seluruh_indonesia_bersama_tni,Masa Indonesia enggak bisa?,masa indonesia enggak bisa,masa indonesia enggak,0,netral
Sambutan Presiden pada Panen Raya Serentak di Seluruh Indonesia Bersama TNI,https://www.setneg.go.id/baca/index/sambutan_presiden_pada_panen_raya_serentak_di_seluruh_indonesia_bersama_tni,"Indonesia bisa, kan?",indonesia bisa kan,indonesia kan,0,netral
Sambutan Presiden pada Panen Raya Serentak di Seluruh Indonesia Bersama TNI,https://www.setneg.go.id/baca/index/sambutan_presiden_pada_panen_raya_serentak_di_seluruh_indonesia_bersama_tni,Bisa?,bisa,,0,netral
Sambutan Presiden pada Panen Raya Serentak di Seluruh Indonesia Bersama TNI,https://www.setneg.go.id/baca/index/sambutan_presiden_pada_panen_raya_serentak_di_seluruh_indonesia_bersama_tni,Bisa.,bisa,,0,netral
Sambutan Presiden pada Panen Raya Serentak di Seluruh Indonesia Bersama TNI,https://www.setneg.go.id/baca/index/sambutan_presiden_pada_panen_raya_serentak_di_seluruh_indonesia_bersama_tni,Bisa.,bisa,,0,netral
Sambutan Presiden pada Panen Raya Serentak di Seluruh Indonesia Bersama TNI,https://www.setneg.go.id/baca/index/sambutan_presiden_pada_panen_raya_serentak_di_seluruh_indonesia_bersama_tni,"Yang enggak mau, enggak apa-apa.",yang enggak mau enggak apa apa,enggak mau enggak apa apa,-7,negatif
Sambutan Presiden pada Panen Raya Serentak di Seluruh Indonesia Bersama TNI,https://www.setneg.go.id/baca/index/sambutan_presiden_pada_panen_raya_serentak_di_seluruh_indonesia_bersama_tni,Duduk saja.,duduk saja,duduk,0,netral
Sambutan Presiden pada Panen Raya Serentak di Seluruh Indonesia Bersama TNI,https://www.setneg.go.id/baca/index/sambutan_presiden_pada_panen_raya_serentak_di_seluruh_indonesia_bersama_tni,"Duduk saja, nonton.",duduk saja nonton,duduk nonton,0,netral
Sambutan Presiden pada Panen Raya Serentak di Seluruh Indonesia Bersama TNI,https://www.setneg.go.id/baca/index/sambutan_presiden_pada_panen_raya_serentak_di_seluruh_indonesia_bersama_tni,"Tapi jangan membebek kepada kekuatan asing terus, ya, Indonesia jelek, Indonesia apa?",tapi jangan membebek kepada kekuatan asing terus ya indonesia jelek indonesia apa,jangan membebek kekuatan asing terus indonesia jelek indonesia apa,-8,negatif
Sambutan Presiden pada Panen Raya Serentak di Seluruh Indonesia Bersama TNI,https://www.setneg.go.id/baca/index/sambutan_presiden_pada_panen_raya_serentak_di_seluruh_indonesia_bersama_tni,Indonesia gelap.,indonesia gelap,indonesia gelap,-4,negatif
Sambutan Presiden pada Panen Raya Serentak di Seluruh Indonesia Bersama TNI,https://www.setneg.go.id/baca/index/sambutan_presiden_pada_panen_raya_serentak_di_seluruh_indonesia_bersama_tni,"Kalau pakai kacamata gelap, ya, gelap terus.",kalau pakai kacamata gelap ya gelap terus,kalau pakai kacamata gelap gelap terus,-9,negatif
Sambutan Presiden pada Panen Raya Serentak di Seluruh Indonesia Bersama TNI,https://www.setneg.go.id/baca/index/sambutan_presiden_pada_panen_raya_serentak_di_seluruh_indonesia_bersama_tni,Tiap bulan Indonesia akan kolaps.,tiap bulan indonesia akan kolaps,tiap bulan indonesia kolaps,-6,negatif
Sambutan Presiden pada Panen Raya Serentak di Seluruh Indonesia Bersama TNI,https://www.setneg.go.id/baca/index/sambutan_presiden_pada_panen_raya_serentak_di_seluruh_indonesia_bersama_tni,"Juni kolaps, ini sudah Juli.",juni kolaps ini sudah juli,juni kolaps sudah juli,-7,negatif
Sambutan Presiden pada Panen Raya Serentak di Seluruh Indonesia Bersama TNI,https://www.setneg.go.id/baca/index/sambutan_presiden_pada_panen_raya_serentak_di_seluruh_indonesia_bersama_tni,"Juli kolaps, kolaps aja.",juli kolaps kolaps aja,juli kolaps kolaps aja,-9,negatif
Sambutan Presiden pada Panen Raya Serentak di Seluruh Indonesia Bersama TNI,https://www.setneg.go.id/baca/index/sambutan_presiden_pada_panen_raya_serentak_di_seluruh_indonesia_bersama_tni,"Mikirnya mikir kolaps, ya, kan.",mikirnya mikir kolaps ya kan,mikirnya mikir kolaps kan,-8,negatif
Sambutan Presiden pada Panen Raya Serentak di Seluruh Indonesia Bersama TNI,https://www.setneg.go.id/baca/index/sambutan_presiden_pada_panen_raya_serentak_di_seluruh_indonesia_bersama_tni,Biar saja.,biar saja,biar,-3,negatif
Sambutan Presiden pada Panen Raya Serentak di Seluruh Indonesia Bersama TNI,https://www.setneg.go.id/baca/index/sambutan_presiden_pada_panen_raya_serentak_di_seluruh_indonesia_bersama_tni,"Kalau di tentara itu ada istilah, tinggalkan, beri tanda.",kalau di tentara itu ada istilah tinggalkan beri tanda,kalau tentara ada istilah tinggalkan beri tanda,-11,negatif
Sambutan Presiden pada Panen Raya Serentak di Seluruh Indonesia Bersama TNI,https://www.setneg.go.id/baca/index/sambutan_presiden_pada_panen_raya_serentak_di_seluruh_indonesia_bersama_tni,Kita jalan terus.,kita jalan terus,jalan terus,0,netral
Sambutan Presiden pada Panen Raya Serentak di Seluruh Indonesia Bersama TNI,https://www.setneg.go.id/baca/index/sambutan_presiden_pada_panen_raya_serentak_di_seluruh_indonesia_bersama_tni,"Kita bekerja dengan semangat gembira, semangat optimis.",kita bekerja dengan semangat gembira semangat optimis,bekerja semangat gembira semangat optimis,-5,negatif
Sambutan Presiden pada Panen Raya Serentak di Seluruh Indonesia Bersama TNI,https://www.setneg.go.id/baca/index/sambutan_presiden_pada_panen_raya_serentak_di_seluruh_indonesia_bersama_tni,"Orang berani itu gembira, orang berani itu optimis.",orang berani itu gembira orang berani itu optimis,orang berani gembira orang berani optimis,-3,negatif
Sambutan Presiden pada Panen Raya Serentak di Seluruh Indonesia Bersama TNI,https://www.setneg.go.id/baca/index/sambutan_presiden_pada_panen_raya_serentak_di_seluruh_indonesia_bersama_tni,"Orang sedih duduk di kamar saja, sedih dia.",orang sedih duduk di kamar saja sedih dia,orang sedih duduk kamar sedih,-10,negatif
Sambutan Presiden pada Panen Raya Serentak di Seluruh Indonesia Bersama TNI,https://www.setneg.go.id/baca/index/sambutan_presiden_pada_panen_raya_serentak_di_seluruh_indonesia_bersama_tni,Sebentar lagi kita sudah punya motor nasional.,sebentar lagi kita sudah punya motor nasional,sebentar kita punya motor nasional,1,positif
Sambutan Presiden pada Panen Raya Serentak di Seluruh Indonesia Bersama TNI,https://www.setneg.go.id/baca/index/sambutan_presiden_pada_panen_raya_serentak_di_seluruh_indonesia_bersama_tni,"Saya akanlaunchingbeberapa minggu ini, motor listrik nasional.",saya akanlaunchingbeberapa minggu ini motor listrik nasional,akanlaunchingbeberapa minggu motor listrik nasional,0,netral
Sambutan Presiden pada Panen Raya Serentak di Seluruh Indonesia Bersama TNI,https://www.setneg.go.id/baca/index/sambutan_presiden_pada_panen_raya_serentak_di_seluruh_indonesia_bersama_tni,"Saya berharap nanti petani-petani kita minimal naik motor, motor listrik, ya.",saya berharap nanti petani petani kita minimal naik motor motor listrik ya,berharap petani petani minimal naik motor motor listrik,-5,negatif
Sambutan Presiden pada Panen Raya Serentak di Seluruh Indonesia Bersama TNI,https://www.setneg.go.id/baca/index/sambutan_presiden_pada_panen_raya_serentak_di_seluruh_indonesia_bersama_tni,Siapa tahu ada yang pakai mobil semua nanti.,siapa tahu ada yang pakai mobil semua nanti,siapa tahu yang pakai mobil semua,-13,negatif
Sambutan Presiden pada Panen Raya Serentak di Seluruh Indonesia Bersama TNI,https://www.setneg.go.id/baca/index/sambutan_presiden_pada_panen_raya_serentak_di_seluruh_indonesia_bersama_tni,"Tapi ada beberapa petani yang sudah melapor ke saya, dia sekarang sudah libur ke Hong Kong.",tapi ada beberapa petani yang sudah melapor ke saya dia sekarang sudah libur ke hong kong,ada beberapa petani melapor saya sekarang sudah libur hong kong,-5,negatif
Sambutan Presiden pada Panen Raya Serentak di Seluruh Indonesia Bersama TNI,https://www.setneg.go.id/baca/index/sambutan_presiden_pada_panen_raya_serentak_di_seluruh_indonesia_bersama_tni,"Saya senang, ya, kan.",saya senang ya kan,senang kan,-4,negatif
Sambutan Presiden pada Panen Raya Serentak di Seluruh Indonesia Bersama TNI,https://www.setneg.go.id/baca/index/sambutan_presiden_pada_panen_raya_serentak_di_seluruh_indonesia_bersama_tni,"Nah, ini bagus, yang bikin pidato tertulis cukup pendek.",nah ini bagus yang bikin pidato tertulis cukup pendek,nah bagus bikin pidato tertulis cukup pendek,-11,negatif
Sambutan Presiden pada Panen Raya Serentak di Seluruh Indonesia Bersama TNI,https://www.setneg.go.id/baca/index/sambutan_presiden_pada_panen_raya_serentak_di_seluruh_indonesia_bersama_tni,Saya sudah sampai paragraf lima.,saya sudah sampai paragraf lima,sudah paragraf lima,-2,negatif
Sambutan Presiden pada Panen Raya Serentak di Seluruh Indonesia Bersama TNI,https://www.setneg.go.id/baca/index/sambutan_presiden_pada_panen_raya_serentak_di_seluruh_indonesia_bersama_tni,"Kalau paragraf enam, ucapkan terima kasih.",kalau paragraf enam ucapkan terima kasih,kalau paragraf enam ucapkan terima kasih,0,netral
Sambutan Presiden pada Panen Raya Serentak di Seluruh Indonesia Bersama TNI,https://www.setneg.go.id/baca/index/sambutan_presiden_pada_panen_raya_serentak_di_seluruh_indonesia_bersama_tni,"Tapi, saya sudah bicara semua itu.",tapi saya sudah bicara semua itu,saya bicara semua,-6,negatif
Sambutan Presiden pada Panen Raya Serentak di Seluruh Indonesia Bersama TNI,https://www.setneg.go.id/baca/index/sambutan_presiden_pada_panen_raya_serentak_di_seluruh_indonesia_bersama_tni,"Saudara-saudara,Kita optimis, kita canangkan cita-cita kita setinggi langit, Indonesia akan jadi negara makmur, ya.",saudara saudara kita optimis kita canangkan cita cita kita setinggi langit indonesia akan jadi negara makmur ya,saudara saudara optimis canangkan cita cita setinggi langit indonesia jadi negara makmur,2,positif
Sambutan Presiden pada Panen Raya Serentak di Seluruh Indonesia Bersama TNI,https://www.setneg.go.id/baca/index/sambutan_presiden_pada_panen_raya_serentak_di_seluruh_indonesia_bersama_tni,"Kita, kita tidak mau bodoh lagi.",kita kita tidak mau bodoh lagi,kita mau bodoh,-1,negatif
Sambutan Presiden pada Panen Raya Serentak di Seluruh Indonesia Bersama TNI,https://www.setneg.go.id/baca/index/sambutan_presiden_pada_panen_raya_serentak_di_seluruh_indonesia_bersama_tni,"Kita ramah, dibilang lemah, ya.",kita ramah dibilang lemah ya,ramah dibilang lemah,-7,negatif
Sambutan Presiden pada Panen Raya Serentak di Seluruh Indonesia Bersama TNI,https://www.setneg.go.id/baca/index/sambutan_presiden_pada_panen_raya_serentak_di_seluruh_indonesia_bersama_tni,"Kita baik, dibilang bodoh.",kita baik dibilang bodoh,baik dibilang bodoh,-1,negatif
Sambutan Presiden pada Panen Raya Serentak di Seluruh Indonesia Bersama TNI,https://www.setneg.go.id/baca/index/sambutan_presiden_pada_panen_raya_serentak_di_seluruh_indonesia_bersama_tni,"Ya sudah lah, ya sudah lah, ya, kan.",ya sudah lah ya sudah lah ya kan,sudah lah sudah lah kan,-4,negatif
Sambutan Presiden pada Panen Raya Serentak di Seluruh Indonesia Bersama TNI,https://www.setneg.go.id/baca/index/sambutan_presiden_pada_panen_raya_serentak_di_seluruh_indonesia_bersama_tni,"Kita bersahabat, mau datang ke Indonesia,monggo.",kita bersahabat mau datang ke indonesia monggo,bersahabat mau datang indonesia monggo,0,netral
Sambutan Presiden pada Panen Raya Serentak di Seluruh Indonesia Bersama TNI,https://www.setneg.go.id/baca/index/sambutan_presiden_pada_panen_raya_serentak_di_seluruh_indonesia_bersama_tni,"Dan semua orang, banyak orang asing senang kalau ke Indonesia.",dan semua orang banyak orang asing senang kalau ke indonesia,semua orang banyak orang asing senang kalau indonesia,-11,negatif
Sambutan Presiden pada Panen Raya Serentak di Seluruh Indonesia Bersama TNI,https://www.setneg.go.id/baca/index/sambutan_presiden_pada_panen_raya_serentak_di_seluruh_indonesia_bersama_tni,Kita ini bangsa yang ramah.,kita ini bangsa yang ramah,ini bangsa ramah,-3,negatif
Sambutan Presiden pada Panen Raya Serentak di Seluruh Indonesia Bersama TNI,https://www.setneg.go.id/baca/index/sambutan_presiden_pada_panen_raya_serentak_di_seluruh_indonesia_bersama_tni,"Tapi, kita sekarang mau jadi bangsa yang bangkit, Saudara-saudara.",tapi kita sekarang mau jadi bangsa yang bangkit saudara saudara,kita sekarang mau jadi bangsa bangkit saudara saudara,-7,negatif
Sambutan Presiden pada Panen Raya Serentak di Seluruh Indonesia Bersama TNI,https://www.setneg.go.id/baca/index/sambutan_presiden_pada_panen_raya_serentak_di_seluruh_indonesia_bersama_tni,"Kita akan punya motor buatan anak-anak Indonesia, kita akan punya mobil buatan anak-anak Indonesia.",kita akan punya motor buatan anak anak indonesia kita akan punya mobil buatan anak anak indonesia,akan punya motor buatan anak anak indonesia akan punya mobil buatan anak anak indonesia,1,positif
Sambutan Presiden pada Panen Raya Serentak di Seluruh Indonesia Bersama TNI,https://www.setneg.go.id/baca/index/sambutan_presiden_pada_panen_raya_serentak_di_seluruh_indonesia_bersama_tni,Sekarang TNI dan Polri sudah pakai jip buatan putra-putri Indonesia.,sekarang tni dan polri sudah pakai jip buatan putra putri indonesia,sekarang tni polri pakai jip buatan putra putri indonesia,3,positif
Sambutan Presiden pada Panen Raya Serentak di Seluruh Indonesia Bersama TNI,https://www.setneg.go.id/baca/index/sambutan_presiden_pada_panen_raya_serentak_di_seluruh_indonesia_bersama_tni,"Waktu saya Menteri Pertahanan, disodorkan, “Pak, TNI dan….” TNI, waktu itu saya Menhan, jadi saya enggak bisa, saya enggak bisa urus Polri,sorry.",waktu saya menteri pertahanan disodorkan pak tni dan tni waktu itu saya menhan jadi saya enggak bisa saya enggak bisa urus polri sorry,waktu menteri pertahanan disodorkan pak tni tni waktu menhan jadi saya enggak saya enggak urus polri sorry,-12,negatif
Sambutan Presiden pada Panen Raya Serentak di Seluruh Indonesia Bersama TNI,https://www.setneg.go.id/baca/index/sambutan_presiden_pada_panen_raya_serentak_di_seluruh_indonesia_bersama_tni,"Lantas polisi enggak mau di bawah Menteri Pertahanan, sih.",lantas polisi enggak mau di bawah menteri pertahanan sih,lantas polisi enggak mau bawah menteri pertahanan sih,-1,negatif
Sambutan Presiden pada Panen Raya Serentak di Seluruh Indonesia Bersama TNI,https://www.setneg.go.id/baca/index/sambutan_presiden_pada_panen_raya_serentak_di_seluruh_indonesia_bersama_tni,"Tapi, TNI saya disodorkan, “Pak, ini jip bagus, Pak, murah, buatan asing.",tapi tni saya disodorkan pak ini jip bagus pak murah buatan asing,tni disodorkan pak jip bagus pak murah buatan asing,-3,negatif
Sambutan Presiden pada Panen Raya Serentak di Seluruh Indonesia Bersama TNI,https://www.setneg.go.id/baca/index/sambutan_presiden_pada_panen_raya_serentak_di_seluruh_indonesia_bersama_tni,"Ini buatan Indonesia tapi mahal, Pak.” Ya, karena kita baru mulai.",ini buatan indonesia tapi mahal pak ya karena kita baru mulai,buatan indonesia mahal pak karena baru mulai,2,positif
Sambutan Presiden pada Panen Raya Serentak di Seluruh Indonesia Bersama TNI,https://www.setneg.go.id/baca/index/sambutan_presiden_pada_panen_raya_serentak_di_seluruh_indonesia_bersama_tni,"Ya, kalau saya pilih yang murah ini, kapan Indonesia punya jip sendiri, ya, kan?",ya kalau saya pilih yang murah ini kapan indonesia punya jip sendiri ya kan,kalau pilih murah kapan indonesia punya jip sendiri kan,-5,negatif
Sambutan Presiden pada Panen Raya Serentak di Seluruh Indonesia Bersama TNI,https://www.setneg.go.id/baca/index/sambutan_presiden_pada_panen_raya_serentak_di_seluruh_indonesia_bersama_tni,"Ya sudah, saya pilih yang mahal, agak mahal, tapi buatan anak-anak Indonesia sendiri, yaitu Maung, yang sekarang dipakai perwira-perwira kita sekarang pakai Maung.",ya sudah saya pilih yang mahal agak mahal tapi buatan anak anak indonesia sendiri yaitu maung yang sekarang dipakai perwira perwira kita sekarang pakai maung,sudah pilih mahal mahal buatan anak anak indonesia sendiri maung sekarang dipakai perwira perwira sekarang pakai maung,0,netral
Sambutan Presiden pada Panen Raya Serentak di Seluruh Indonesia Bersama TNI,https://www.setneg.go.id/baca/index/sambutan_presiden_pada_panen_raya_serentak_di_seluruh_indonesia_bersama_tni,"Saya dengar Danramil sudah pakai jip juga, ya?",saya dengar danramil sudah pakai jip juga ya,dengar danramil pakai jip ya,6,positif
Sambutan Presiden pada Panen Raya Serentak di Seluruh Indonesia Bersama TNI,https://www.setneg.go.id/baca/index/sambutan_presiden_pada_panen_raya_serentak_di_seluruh_indonesia_bersama_tni,Gagah itu.,gagah itu,gagah,-1,negatif
Sambutan Presiden pada Panen Raya Serentak di Seluruh Indonesia Bersama TNI,https://www.setneg.go.id/baca/index/sambutan_presiden_pada_panen_raya_serentak_di_seluruh_indonesia_bersama_tni,"Ya, enggak bisa semua serentak.",ya enggak bisa semua serentak,enggak semua serentak,0,netral
Sambutan Presiden pada Panen Raya Serentak di Seluruh Indonesia Bersama TNI,https://www.setneg.go.id/baca/index/sambutan_presiden_pada_panen_raya_serentak_di_seluruh_indonesia_bersama_tni,"Itu ada yang teriak belum, pasti Danramil yang belum dapat jip itu dulu.",itu ada yang teriak belum pasti danramil yang belum dapat jip itu dulu,ada teriak pasti danramil belum jip dulu,-2,negatif
Sambutan Presiden pada Panen Raya Serentak di Seluruh Indonesia Bersama TNI,https://www.setneg.go.id/baca/index/sambutan_presiden_pada_panen_raya_serentak_di_seluruh_indonesia_bersama_tni,"Babinsa sudah mulai, kan, dapat motor-motor ya?",babinsa sudah mulai kan dapat motor motor ya,babinsa mulai kan motor motor,1,positif
Sambutan Presiden pada Panen Raya Serentak di Seluruh Indonesia Bersama TNI,https://www.setneg.go.id/baca/index/sambutan_presiden_pada_panen_raya_serentak_di_seluruh_indonesia_bersama_tni,"Motor listrik, ya?",motor listrik ya,motor listrik,0,netral
Sambutan Presiden pada Panen Raya Serentak di Seluruh Indonesia Bersama TNI,https://www.setneg.go.id/baca/index/sambutan_presiden_pada_panen_raya_serentak_di_seluruh_indonesia_bersama_tni,"Itu di film sudah, nah, itu.",itu di film sudah nah itu,di film nah,0,netral
Sambutan Presiden pada Panen Raya Serentak di Seluruh Indonesia Bersama TNI,https://www.setneg.go.id/baca/index/sambutan_presiden_pada_panen_raya_serentak_di_seluruh_indonesia_bersama_tni,"Jadi sekarang kalau saya lihat kota, saya lihat ada jip-jip, bangga juga saya.",jadi sekarang kalau saya lihat kota saya lihat ada jip jip bangga juga saya,jadi sekarang kalau lihat kota lihat jip jip bangga saya,2,positif
Sambutan Presiden pada Panen Raya Serentak di Seluruh Indonesia Bersama TNI,https://www.setneg.go.id/baca/index/sambutan_presiden_pada_panen_raya_serentak_di_seluruh_indonesia_bersama_tni,"Waduh, TNI sekarang pakai jip sendiri.",waduh tni sekarang pakai jip sendiri,waduh tni sekarang pakai jip sendiri,-6,negatif
Sambutan Presiden pada Panen Raya Serentak di Seluruh Indonesia Bersama TNI,https://www.setneg.go.id/baca/index/sambutan_presiden_pada_panen_raya_serentak_di_seluruh_indonesia_bersama_tni,Senjata kita sudah diakui dunia.,senjata kita sudah diakui dunia,senjata sudah diakui dunia,-4,negatif
Sambutan Presiden pada Panen Raya Serentak di Seluruh Indonesia Bersama TNI,https://www.setneg.go.id/baca/index/sambutan_presiden_pada_panen_raya_serentak_di_seluruh_indonesia_bersama_tni,"Kita menang pertandingan menembak, berapa belas kali?",kita menang pertandingan menembak berapa belas kali,menang pertandingan menembak berapa belas kali,-8,negatif
Sambutan Presiden pada Panen Raya Serentak di Seluruh Indonesia Bersama TNI,https://www.setneg.go.id/baca/index/sambutan_presiden_pada_panen_raya_serentak_di_seluruh_indonesia_bersama_tni,Berapa?,berapa,berapa,0,netral
Sambutan Presiden pada Panen Raya Serentak di Seluruh Indonesia Bersama TNI,https://www.setneg.go.id/baca/index/sambutan_presiden_pada_panen_raya_serentak_di_seluruh_indonesia_bersama_tni,Benar 12 kali?,benar kali,benar kali,-4,negatif
Sambutan Presiden pada Panen Raya Serentak di Seluruh Indonesia Bersama TNI,https://www.setneg.go.id/baca/index/sambutan_presiden_pada_panen_raya_serentak_di_seluruh_indonesia_bersama_tni,"Kayaknya lebih, ya?",kayaknya lebih ya,kayaknya lebih,-2,negatif
Sambutan Presiden pada Panen Raya Serentak di Seluruh Indonesia Bersama TNI,https://www.setneg.go.id/baca/index/sambutan_presiden_pada_panen_raya_serentak_di_seluruh_indonesia_bersama_tni,"Oh, Australia 12 kali.",oh australia kali,australia kali,0,netral
Sambutan Presiden pada Panen Raya Serentak di Seluruh Indonesia Bersama TNI,https://www.setneg.go.id/baca/index/sambutan_presiden_pada_panen_raya_serentak_di_seluruh_indonesia_bersama_tni,"Ada ASEAN, kan, dan sebagainya.",ada asean kan dan sebagainya,asean kan sebagainya,0,netral
Sambutan Presiden pada Panen Raya Serentak di Seluruh Indonesia Bersama TNI,https://www.setneg.go.id/baca/index/sambutan_presiden_pada_panen_raya_serentak_di_seluruh_indonesia_bersama_tni,"Tapi, apa, yang ini menang 12 kali berturut-turut dalam pertandingan mereka.",tapi apa yang ini menang kali berturut turut dalam pertandingan mereka,apa ini menang kali berturut turut pertandingan,-11,negatif
Sambutan Presiden pada Panen Raya Serentak di Seluruh Indonesia Bersama TNI,https://www.setneg.go.id/baca/index/sambutan_presiden_pada_panen_raya_serentak_di_seluruh_indonesia_bersama_tni,"Yang bikin peraturan mereka, wasitnya mereka, teknik-tekniknya mereka, tapi kita menang 12 kali pakai senjata buatan anak-anak Indonesia.",yang bikin peraturan mereka wasitnya mereka teknik tekniknya mereka tapi kita menang kali pakai senjata buatan anak anak indonesia,bikin peraturan wasitnya teknik tekniknya tapi menang kali pakai senjata buatan anak anak indonesia,-12,negatif
Sambutan Presiden pada Panen Raya Serentak di Seluruh Indonesia Bersama TNI,https://www.setneg.go.id/baca/index/sambutan_presiden_pada_panen_raya_serentak_di_seluruh_indonesia_bersama_tni,"Senapan serbu dari kita, pistol dari kita, SO (senjata otomatis) dari kita.",senapan serbu dari kita pistol dari kita so senjata otomatis dari kita,senapan serbu kita pistol kita so senjata otomatis kita,3,positif
Sambutan Presiden pada Panen Raya Serentak di Seluruh Indonesia Bersama TNI,https://www.setneg.go.id/baca/index/sambutan_presiden_pada_panen_raya_serentak_di_seluruh_indonesia_bersama_tni,"Saudara-saudara,Saya dengar begitu kita menang, kaget mereka.",saudara saudara saya dengar begitu kita menang kaget mereka,saudara saudara dengar kita menang kaget,-6,negatif
Sambutan Presiden pada Panen Raya Serentak di Seluruh Indonesia Bersama TNI,https://www.setneg.go.id/baca/index/sambutan_presiden_pada_panen_raya_serentak_di_seluruh_indonesia_bersama_tni,"Indonesia, kan, dianggap remeh.",indonesia kan dianggap remeh,indonesia kan dianggap remeh,-5,negatif
Sambutan Presiden pada Panen Raya Serentak di Seluruh Indonesia Bersama TNI,https://www.setneg.go.id/baca/index/sambutan_presiden_pada_panen_raya_serentak_di_seluruh_indonesia_bersama_tni,Hadir di situ militer-militer terbaik di dunia.,hadir di situ militer militer terbaik di dunia,hadir situ militer militer terbaik dunia,0,netral
Sambutan Presiden pada Panen Raya Serentak di Seluruh Indonesia Bersama TNI,https://www.setneg.go.id/baca/index/sambutan_presiden_pada_panen_raya_serentak_di_seluruh_indonesia_bersama_tni,"Tentara Amerika, marinir Australia, Selandia Baru, Singapura, Malaysia, Vietnam, Thailand, ya.",tentara amerika marinir australia selandia baru singapura malaysia vietnam thailand ya,tentara amerika marinir australia selandia baru singapura malaysia vietnam thailand,0,netral
Sambutan Presiden pada Panen Raya Serentak di Seluruh Indonesia Bersama TNI,https://www.setneg.go.id/baca/index/sambutan_presiden_pada_panen_raya_serentak_di_seluruh_indonesia_bersama_tni,Indonesia 12 kali menang.,indonesia kali menang,indonesia kali menang,-5,negatif
Sambutan Presiden pada Panen Raya Serentak di Seluruh Indonesia Bersama TNI,https://www.setneg.go.id/baca/index/sambutan_presiden_pada_panen_raya_serentak_di_seluruh_indonesia_bersama_tni,"Dan, karena mereka, mereka pikir, kok, bisa menang?",dan karena mereka mereka pikir kok bisa menang,karena mereka pikir kok menang,-10,negatif
Sambutan Presiden pada Panen Raya Serentak di Seluruh Indonesia Bersama TNI,https://www.setneg.go.id/baca/index/sambutan_presiden_pada_panen_raya_serentak_di_seluruh_indonesia_bersama_tni,"Dia periksa senjata kita, katanya.",dia periksa senjata kita katanya,periksa senjata katanya,-6,negatif
Sambutan Presiden pada Panen Raya Serentak di Seluruh Indonesia Bersama TNI,https://www.setneg.go.id/baca/index/sambutan_presiden_pada_panen_raya_serentak_di_seluruh_indonesia_bersama_tni,"Dibongkar, pelurunya dilihat, jangan-jangan Indonesia ini curang pakai apa, gitu.",dibongkar pelurunya dilihat jangan jangan indonesia ini curang pakai apa gitu,dibongkar pelurunya dilihat jangan jangan indonesia curang pakai apa gitu,-14,negatif
Sambutan Presiden pada Panen Raya Serentak di Seluruh Indonesia Bersama TNI,https://www.setneg.go.id/baca/index/sambutan_presiden_pada_panen_raya_serentak_di_seluruh_indonesia_bersama_tni,"Enggak, ini saya kasih contoh bahwa kita sebenarnya kalau diberi kepemimpinan yang baik, diberi alat yang baik, uang makan yang enggak dikorupsi.",enggak ini saya kasih contoh bahwa kita sebenarnya kalau diberi kepemimpinan yang baik diberi alat yang baik uang makan yang enggak dikorupsi,enggak saya kasih contoh kita sebenarnya kalau diberi kepemimpinan baik diberi alat baik uang makan enggak dikorupsi,-4,negatif
Sambutan Presiden pada Panen Raya Serentak di Seluruh Indonesia Bersama TNI,https://www.setneg.go.id/baca/index/sambutan_presiden_pada_panen_raya_serentak_di_seluruh_indonesia_bersama_tni,"Komandannya kasih contoh, ya.",komandannya kasih contoh ya,komandannya kasih contoh,-1,negatif
Sambutan Presiden pada Panen Raya Serentak di Seluruh Indonesia Bersama TNI,https://www.setneg.go.id/baca/index/sambutan_presiden_pada_panen_raya_serentak_di_seluruh_indonesia_bersama_tni,"Yang komandan-komandan jangan, apa itu,jarkoni, ngajar iso ngelakoni oraiso.Ojo!Tentara dan polisi Indonesia harusing ngarso sung tulodo, di depan memberi contoh, ya.",yang komandan komandan jangan apa itu jarkoni ngajar iso ngelakoni oraiso ojo tentara dan polisi indonesia harusing ngarso sung tulodo di depan memberi contoh ya,komandan komandan jangan apa jarkoni ngajar iso ngelakoni oraiso ojo tentara polisi indonesia harusing ngarso sung tulodo depan memberi contoh,-8,negatif
Sambutan Presiden pada Panen Raya Serentak di Seluruh Indonesia Bersama TNI,https://www.setneg.go.id/baca/index/sambutan_presiden_pada_panen_raya_serentak_di_seluruh_indonesia_bersama_tni,"Nanti ada pertandingan antara jenderal-jenderal, saya wasitnya.",nanti ada pertandingan antara jenderal jenderal saya wasitnya,ada pertandingan jenderal jenderal wasitnya,-3,negatif
Sambutan Presiden pada Panen Raya Serentak di Seluruh Indonesia Bersama TNI,https://www.setneg.go.id/baca/index/sambutan_presiden_pada_panen_raya_serentak_di_seluruh_indonesia_bersama_tni,"Saudara-saudara,Banyak pakar di dunia sudah ramalkan bahwa dalam tahun 2045, ‘45 sampai ‘50, Indonesia akan menjadi negara keempat terbesar dan terkaya di dunia.",saudara saudara banyak pakar di dunia sudah ramalkan bahwa dalam tahun sampai indonesia akan menjadi negara keempat terbesar dan terkaya di dunia,saudara saudara banyak pakar dunia ramalkan dalam tahun indonesia menjadi negara keempat terbesar terkaya dunia,-5,negatif
Sambutan Presiden pada Panen Raya Serentak di Seluruh Indonesia Bersama TNI,https://www.setneg.go.id/baca/index/sambutan_presiden_pada_panen_raya_serentak_di_seluruh_indonesia_bersama_tni,"Tahun 2050, China nomor satu, Amerika nomor dua, India nomor tiga, Indonesia nomor empat.",tahun china nomor satu amerika nomor dua india nomor tiga indonesia nomor empat,tahun china nomor satu amerika nomor india nomor tiga indonesia nomor empat,-1,negatif
Sambutan Presiden pada Panen Raya Serentak di Seluruh Indonesia Bersama TNI,https://www.setneg.go.id/baca/index/sambutan_presiden_pada_panen_raya_serentak_di_seluruh_indonesia_bersama_tni,"Nanti 2075, India naik.",nanti india naik,india naik,1,positif
Sambutan Presiden pada Panen Raya Serentak di Seluruh Indonesia Bersama TNI,https://www.setneg.go.id/baca/index/sambutan_presiden_pada_panen_raya_serentak_di_seluruh_indonesia_bersama_tni,"Kita, kita oke, lah, ya, keempat di dunia, benar enggak?",kita kita oke lah ya keempat di dunia benar enggak,kita oke lah keempat dunia benar enggak,-4,negatif
Sambutan Presiden pada Panen Raya Serentak di Seluruh Indonesia Bersama TNI,https://www.setneg.go.id/baca/index/sambutan_presiden_pada_panen_raya_serentak_di_seluruh_indonesia_bersama_tni,"Kita nanti 2050, kita di atas Jepang, di atas Inggris, Brasil, Prancis.",kita nanti kita di atas jepang di atas inggris brasil prancis,nanti atas jepang di atas inggris brasil prancis,-10,negatif
Sambutan Presiden pada Panen Raya Serentak di Seluruh Indonesia Bersama TNI,https://www.setneg.go.id/baca/index/sambutan_presiden_pada_panen_raya_serentak_di_seluruh_indonesia_bersama_tni,"Makanya, kita sekarang harus siap.",makanya kita sekarang harus siap,makanya sekarang siap,1,positif
Sambutan Presiden pada Panen Raya Serentak di Seluruh Indonesia Bersama TNI,https://www.setneg.go.id/baca/index/sambutan_presiden_pada_panen_raya_serentak_di_seluruh_indonesia_bersama_tni,"Itu 2050, itu 25 tahun lagi.",itu itu tahun lagi,itu tahun,-2,negatif
Sambutan Presiden pada Panen Raya Serentak di Seluruh Indonesia Bersama TNI,https://www.setneg.go.id/baca/index/sambutan_presiden_pada_panen_raya_serentak_di_seluruh_indonesia_bersama_tni,"Jadi, anak-anak yang sekarang umur 10 tahun yang di SD, dia nanti 25 tahun lagi, dia 35 tahun, dia intinya bangsa Indonesia.",jadi anak anak yang sekarang umur tahun yang di sd dia nanti tahun lagi dia tahun dia intinya bangsa indonesia,jadi anak anak sekarang umur tahun di sd nanti tahun tahun dia intinya bangsa indonesia,-15,negatif
Sambutan Presiden pada Panen Raya Serentak di Seluruh Indonesia Bersama TNI,https://www.setneg.go.id/baca/index/sambutan_presiden_pada_panen_raya_serentak_di_seluruh_indonesia_bersama_tni,"Jadi, kalau kita sekarang tidak urus anak-anak itu, dia bagaimana akan menjadi negara keempat terbesar di dunia?",jadi kalau kita sekarang tidak urus anak anak itu dia bagaimana akan menjadi negara keempat terbesar di dunia,jadi kalau sekarang urus anak anak dia bagaimana menjadi negara keempat terbesar dunia,-14,negatif
Sambutan Presiden pada Panen Raya Serentak di Seluruh Indonesia Bersama TNI,https://www.setneg.go.id/baca/index/sambutan_presiden_pada_panen_raya_serentak_di_seluruh_indonesia_bersama_tni,"Kita harus hilangkan kelaparan, kita harus hilangkan kemiskinan, kemiskinan, apalagi kemiskinan ekstrem harus kita hilangkan.Insyaallahkita akan hilangkan, Saudara-saudara sekalian.",kita harus hilangkan kelaparan kita harus hilangkan kemiskinan kemiskinan apalagi kemiskinan ekstrem harus kita hilangkan insyaallahkita akan hilangkan saudara saudara sekalian,hilangkan kelaparan harus hilangkan kemiskinan kemiskinan kemiskinan ekstrem harus kita hilangkan insyaallahkita hilangkan saudara saudara sekalian,-14,negatif
Sambutan Presiden pada Panen Raya Serentak di Seluruh Indonesia Bersama TNI,https://www.setneg.go.id/baca/index/sambutan_presiden_pada_panen_raya_serentak_di_seluruh_indonesia_bersama_tni,"Kita akan hemat anggaran kita, kita akan bikin efisien.",kita akan hemat anggaran kita kita akan bikin efisien,hemat anggaran kita akan bikin efisien,1,positif
Sambutan Presiden pada Panen Raya Serentak di Seluruh Indonesia Bersama TNI,https://www.setneg.go.id/baca/index/sambutan_presiden_pada_panen_raya_serentak_di_seluruh_indonesia_bersama_tni,"Bila perlu anggaran pertahanan kita kurangi, anggaran polisi kita kurangi untuk menghilangkan kemiskinan.",bila perlu anggaran pertahanan kita kurangi anggaran polisi kita kurangi untuk menghilangkan kemiskinan,bila perlu anggaran pertahanan kurangi anggaran polisi kurangi menghilangkan kemiskinan,2,positif
Sambutan Presiden pada Panen Raya Serentak di Seluruh Indonesia Bersama TNI,https://www.setneg.go.id/baca/index/sambutan_presiden_pada_panen_raya_serentak_di_seluruh_indonesia_bersama_tni,Rela TNI?,rela tni,rela tni,-3,negatif
Sambutan Presiden pada Panen Raya Serentak di Seluruh Indonesia Bersama TNI,https://www.setneg.go.id/baca/index/sambutan_presiden_pada_panen_raya_serentak_di_seluruh_indonesia_bersama_tni,Rela polisi?,rela polisi,rela polisi,-3,negatif
Sambutan Presiden pada Panen Raya Serentak di Seluruh Indonesia Bersama TNI,https://www.setneg.go.id/baca/index/sambutan_presiden_pada_panen_raya_serentak_di_seluruh_indonesia_bersama_tni,"Aku tanya TNI, bukan kau.",aku tanya tni bukan kau,aku tanya tni bukan kau,-6,negatif
Sambutan Presiden pada Panen Raya Serentak di Seluruh Indonesia Bersama TNI,https://www.setneg.go.id/baca/index/sambutan_presiden_pada_panen_raya_serentak_di_seluruh_indonesia_bersama_tni,"Rela, ya?",rela ya,rela,-3,negatif
Sambutan Presiden pada Panen Raya Serentak di Seluruh Indonesia Bersama TNI,https://www.setneg.go.id/baca/index/sambutan_presiden_pada_panen_raya_serentak_di_seluruh_indonesia_bersama_tni,"Anggaran kurangi, rela?",anggaran kurangi rela,anggaran kurangi rela,-3,negatif
Sambutan Presiden pada Panen Raya Serentak di Seluruh Indonesia Bersama TNI,https://www.setneg.go.id/baca/index/sambutan_presiden_pada_panen_raya_serentak_di_seluruh_indonesia_bersama_tni,Ikhlas?,ikhlas,ikhlas,4,positif
Sambutan Presiden pada Panen Raya Serentak di Seluruh Indonesia Bersama TNI,https://www.setneg.go.id/baca/index/sambutan_presiden_pada_panen_raya_serentak_di_seluruh_indonesia_bersama_tni,Kok?,kok,kok,0,netral
Sambutan Presiden pada Panen Raya Serentak di Seluruh Indonesia Bersama TNI,https://www.setneg.go.id/baca/index/sambutan_presiden_pada_panen_raya_serentak_di_seluruh_indonesia_bersama_tni,"Ikhlas, ikhlas?",ikhlas ikhlas,ikhlas ikhlas,8,positif
Sambutan Presiden pada Panen Raya Serentak di Seluruh Indonesia Bersama TNI,https://www.setneg.go.id/baca/index/sambutan_presiden_pada_panen_raya_serentak_di_seluruh_indonesia_bersama_tni,Ikhlas.,ikhlas,ikhlas,4,positif
Sambutan Presiden pada Panen Raya Serentak di Seluruh Indonesia Bersama TNI,https://www.setneg.go.id/baca/index/sambutan_presiden_pada_panen_raya_serentak_di_seluruh_indonesia_bersama_tni,"Saudara-saudara,Pertahanan terbaik adalah rakyat yang kuat dan sejahtera.",saudara saudara pertahanan terbaik adalah rakyat yang kuat dan sejahtera,saudara saudara pertahanan terbaik rakyat kuat sejahtera,2,positif
Sambutan Presiden pada Panen Raya Serentak di Seluruh Indonesia Bersama TNI,https://www.setneg.go.id/baca/index/sambutan_presiden_pada_panen_raya_serentak_di_seluruh_indonesia_bersama_tni,"Kalau ada yang macem-macem sama bangsa Indonesia, seluruh rakyat, seluruh rakyat akan membela bangsa ini, Saudara-saudara.",kalau ada yang macem macem sama bangsa indonesia seluruh rakyat seluruh rakyat akan membela bangsa ini saudara saudara,kalau yang macem macem sama bangsa indonesia seluruh rakyat seluruh rakyat membela bangsa saudara saudara,-7,negatif
Sambutan Presiden pada Panen Raya Serentak di Seluruh Indonesia Bersama TNI,https://www.setneg.go.id/baca/index/sambutan_presiden_pada_panen_raya_serentak_di_seluruh_indonesia_bersama_tni,"Makanya dari sekarang TNI dan Polri di tengah-tengah rakyat, di tengah-tengah petani dan nelayan, Saudara-saudara.",makanya dari sekarang tni dan polri di tengah tengah rakyat di tengah tengah petani dan nelayan saudara saudara,makanya sekarang tni polri tengah tengah rakyat tengah tengah petani nelayan saudara saudara,8,positif
Sambutan Presiden pada Panen Raya Serentak di Seluruh Indonesia Bersama TNI,https://www.setneg.go.id/baca/index/sambutan_presiden_pada_panen_raya_serentak_di_seluruh_indonesia_bersama_tni,"Hari ini saya bangga, hari ini saya bahagia.",hari ini saya bangga hari ini saya bahagia,hari saya bangga hari saya bahagia,-4,negatif
Sambutan Presiden pada Panen Raya Serentak di Seluruh Indonesia Bersama TNI,https://www.setneg.go.id/baca/index/sambutan_presiden_pada_panen_raya_serentak_di_seluruh_indonesia_bersama_tni,Saya sungguh bahagia dan saya sungguh merasa terharu.,saya sungguh bahagia dan saya sungguh merasa terharu,sungguh bahagia saya sungguh merasa terharu,-8,negatif
Sambutan Presiden pada Panen Raya Serentak di Seluruh Indonesia Bersama TNI,https://www.setneg.go.id/baca/index/sambutan_presiden_pada_panen_raya_serentak_di_seluruh_indonesia_bersama_tni,"TNI bangun berapa ribu jembatan, Polri juga berapa ribu titik air.",tni bangun berapa ribu jembatan polri juga berapa ribu titik air,tni bangun berapa ribu jembatan polri berapa ribu titik air,-8,negatif
Sambutan Presiden pada Panen Raya Serentak di Seluruh Indonesia Bersama TNI,https://www.setneg.go.id/baca/index/sambutan_presiden_pada_panen_raya_serentak_di_seluruh_indonesia_bersama_tni,"Kita atasi, kesulitan rakyat kita atasi.",kita atasi kesulitan rakyat kita atasi,atasi kesulitan rakyat atasi,-5,negatif
Sambutan Presiden pada Panen Raya Serentak di Seluruh Indonesia Bersama TNI,https://www.setneg.go.id/baca/index/sambutan_presiden_pada_panen_raya_serentak_di_seluruh_indonesia_bersama_tni,"Enggak usah terlalu apalah, ini prosedur ini, kenapa tentara ikut di sawah, kenapa polisi ikut menanam.",enggak usah terlalu apalah ini prosedur ini kenapa tentara ikut di sawah kenapa polisi ikut menanam,enggak usah terlalu apalah prosedur tentara ikut sawah kenapa polisi ikut menanam,-20,negatif
Sambutan Presiden pada Panen Raya Serentak di Seluruh Indonesia Bersama TNI,https://www.setneg.go.id/baca/index/sambutan_presiden_pada_panen_raya_serentak_di_seluruh_indonesia_bersama_tni,"Enggak, ini Indonesia.",enggak ini indonesia,enggak indonesia,0,netral
Sambutan Presiden pada Panen Raya Serentak di Seluruh Indonesia Bersama TNI,https://www.setneg.go.id/baca/index/sambutan_presiden_pada_panen_raya_serentak_di_seluruh_indonesia_bersama_tni,TNI-Polri milik rakyat.,tni polri milik rakyat,tni polri milik rakyat,1,positif
Sambutan Presiden pada Panen Raya Serentak di Seluruh Indonesia Bersama TNI,https://www.setneg.go.id/baca/index/sambutan_presiden_pada_panen_raya_serentak_di_seluruh_indonesia_bersama_tni,"Kesulitan rakyat harus kita atasi, TNI-Polri harus mengatasi kesulitan rakyat.",kesulitan rakyat harus kita atasi tni polri harus mengatasi kesulitan rakyat,kesulitan rakyat kita atasi tni polri mengatasi kesulitan rakyat,-10,negatif
Sambutan Presiden pada Panen Raya Serentak di Seluruh Indonesia Bersama TNI,https://www.setneg.go.id/baca/index/sambutan_presiden_pada_panen_raya_serentak_di_seluruh_indonesia_bersama_tni,"Kau di negara lain, itu urusan kau.",kau di negara lain itu urusan kau,kau negara itu urusan kau,-2,negatif
Sambutan Presiden pada Panen Raya Serentak di Seluruh Indonesia Bersama TNI,https://www.setneg.go.id/baca/index/sambutan_presiden_pada_panen_raya_serentak_di_seluruh_indonesia_bersama_tni,"Enggak usah terlalu banyak urusan kita, deh, benar enggak?",enggak usah terlalu banyak urusan kita deh benar enggak,enggak usah terlalu banyak urusan deh benar enggak,-15,negatif
Sambutan Presiden pada Panen Raya Serentak di Seluruh Indonesia Bersama TNI,https://www.setneg.go.id/baca/index/sambutan_presiden_pada_panen_raya_serentak_di_seluruh_indonesia_bersama_tni,"Lu juga enggak kasihan sama kita, benar enggak?",lu juga enggak kasihan sama kita benar enggak,lu enggak kasihan sama benar enggak,-4,negatif
Sambutan Presiden pada Panen Raya Serentak di Seluruh Indonesia Bersama TNI,https://www.setneg.go.id/baca/index/sambutan_presiden_pada_panen_raya_serentak_di_seluruh_indonesia_bersama_tni,"Iya, kan?",iya kan,iya kan,0,netral
Sambutan Presiden pada Panen Raya Serentak di Seluruh Indonesia Bersama TNI,https://www.setneg.go.id/baca/index/sambutan_presiden_pada_panen_raya_serentak_di_seluruh_indonesia_bersama_tni,"Wassalamu’alaikum warahmatullahi wabarakatuh,Salam sejahtera bagi kita sekalian,Syalom,Salve,Om santi santi santi om,Namo Buddhaya,Salam kebajikan.",wassalamu alaikum warahmatullahi wabarakatuh salam sejahtera bagi kita sekalian syalom salve om santi santi santi om namo buddhaya salam kebajikan,wassalamu alaikum warahmatullahi wabarakatuh salam sejahtera kita sekalian syalom salve om santi santi santi om namo buddhaya salam kebajikan,6,positif
Sambutan Presiden pada Panen Raya Serentak di Seluruh Indonesia Bersama TNI,https://www.setneg.go.id/baca/index/sambutan_presiden_pada_panen_raya_serentak_di_seluruh_indonesia_bersama_tni,Terima kasih semua.Hari ini saya bahagia.,terima kasih semua hari ini saya bahagia,terima kasih semua hari saya bahagia,-6,negatif
Sambutan Presiden pada Panen Raya Serentak di Seluruh Indonesia Bersama TNI,https://www.setneg.go.id/baca/index/sambutan_presiden_pada_panen_raya_serentak_di_seluruh_indonesia_bersama_tni,"Saya bangga jadi presiden Republik Indonesia, saya bangga dengan petani-petani Indonesia.",saya bangga jadi presiden republik indonesia saya bangga dengan petani petani indonesia,bangga jadi presiden republik indonesia bangga petani petani indonesia,7,positif
Sambutan Presiden pada Panen Raya Serentak di Seluruh Indonesia Bersama TNI,https://www.setneg.go.id/baca/index/sambutan_presiden_pada_panen_raya_serentak_di_seluruh_indonesia_bersama_tni,"Terima kasih petani, nelayan Indonesia.",terima kasih petani nelayan indonesia,terima kasih petani nelayan indonesia,1,positif
Sambutan Presiden pada Panen Raya Serentak di Seluruh Indonesia Bersama TNI,https://www.setneg.go.id/baca/index/sambutan_presiden_pada_panen_raya_serentak_di_seluruh_indonesia_bersama_tni,"Kau, kau adalah pahlawan yang sebenarnya.",kau kau adalah pahlawan yang sebenarnya,kau kau pahlawan sebenarnya,4,positif
Sambutan Presiden pada Panen Raya Serentak di Seluruh Indonesia Bersama TNI,https://www.setneg.go.id/baca/index/sambutan_presiden_pada_panen_raya_serentak_di_seluruh_indonesia_bersama_tni,Kau menghasilkan pangan untuk kita semua.,kau menghasilkan pangan untuk kita semua,kau menghasilkan pangan kita semua,-3,negatif
Sambutan Presiden pada Panen Raya Serentak di Seluruh Indonesia Bersama TNI,https://www.setneg.go.id/baca/index/sambutan_presiden_pada_panen_raya_serentak_di_seluruh_indonesia_bersama_tni,"Yang mengatakan beras terlalu mahal, suruh ikut kau tanam beras.",yang mengatakan beras terlalu mahal suruh ikut kau tanam beras,mengatakan beras terlalu mahal suruh ikut kau tanam beras,-4,negatif
Sambutan Presiden pada Panen Raya Serentak di Seluruh Indonesia Bersama TNI,https://www.setneg.go.id/baca/index/sambutan_presiden_pada_panen_raya_serentak_di_seluruh_indonesia_bersama_tni,"Kalau petani beras enggak boleh dapat penghasilan yang tinggi, ya, suruh mereka tanam padi sendiri itu.",kalau petani beras enggak boleh dapat penghasilan yang tinggi ya suruh mereka tanam padi sendiri itu,kalau petani beras enggak dapat penghasilan tinggi suruh tanam padi sendiri,-10,negatif
Sambutan Presiden pada Panen Raya Serentak di Seluruh Indonesia Bersama TNI,https://www.setneg.go.id/baca/index/sambutan_presiden_pada_panen_raya_serentak_di_seluruh_indonesia_bersama_tni,TNI akan siapkan lahan untuk mereka.,tni akan siapkan lahan untuk mereka,tni siapkan lahan mereka,0,netral
Sambutan Presiden pada Panen Raya Serentak di Seluruh Indonesia Bersama TNI,https://www.setneg.go.id/baca/index/sambutan_presiden_pada_panen_raya_serentak_di_seluruh_indonesia_bersama_tni,Menteri Pertanian siapkan lahan untuk mereka.,menteri pertanian siapkan lahan untuk mereka,menteri pertanian siapkan lahan mereka,0,netral
Sambutan Presiden pada Panen Raya Serentak di Seluruh Indonesia Bersama TNI,https://www.setneg.go.id/baca/index/sambutan_presiden_pada_panen_raya_serentak_di_seluruh_indonesia_bersama_tni,"Suruh tanam sendiri,wenakaja.",suruh tanam sendiri wenakaja,suruh tanam sendiri wenakaja,-5,negatif
Sambutan Presiden pada Panen Raya Serentak di Seluruh Indonesia Bersama TNI,https://www.setneg.go.id/baca/index/sambutan_presiden_pada_panen_raya_serentak_di_seluruh_indonesia_bersama_tni,"Terima kasih, saya bangga dengan TNI, saya bangga dengan Polri.",terima kasih saya bangga dengan tni saya bangga dengan polri,terima kasih bangga tni bangga polri,7,positif
Sambutan Presiden pada Panen Raya Serentak di Seluruh Indonesia Bersama TNI,https://www.setneg.go.id/baca/index/sambutan_presiden_pada_panen_raya_serentak_di_seluruh_indonesia_bersama_tni,"Terima kasih, Saudara-saudara.",terima kasih saudara saudara,terima kasih saudara saudara,1,positif
Sambutan Presiden pada Panen Raya Serentak di Seluruh Indonesia Bersama TNI,https://www.setneg.go.id/baca/index/sambutan_presiden_pada_panen_raya_serentak_di_seluruh_indonesia_bersama_tni,"Bismillahirrahmanirrahim, pada sore hari ini, Jumat, 17 Juli 2026, dengan rahmat Tuhan Yang Mahabesar, saya Prabowo Subianto, Presiden Republik Indonesia, menyatakan Panen Raya Serentak bersama TNI secara resmi dimulai.",bismillahirrahmanirrahim pada sore hari ini jumat juli dengan rahmat tuhan yang mahabesar saya prabowo subianto presiden republik indonesia menyatakan panen raya serentak bersama tni secara resmi dimulai,bismillahirrahmanirrahim sore hari jumat juli rahmat tuhan mahabesar prabowo subianto presiden republik indonesia menyatakan panen raya serentak bersama tni resmi dimulai,14,positif
Sambutan Presiden pada Panen Raya Serentak di Seluruh Indonesia Bersama TNI,https://www.setneg.go.id/baca/index/sambutan_presiden_pada_panen_raya_serentak_di_seluruh_indonesia_bersama_tni,"Kamis, 30 Juli 2026
Kamis, 30 Juli 2026
Rabu, 29 Juli 2026
Rabu, 22 Juli 2026
Senin, 20 Juli 2026",kamis juli kamis juli rabu juli rabu juli senin juli,kamis juli kamis juli rabu juli rabu juli senin juli,0,netral
Sambutan Presiden pada Groundbreaking Proyek Strategis Nasional Liquefied Natural Gas (LNG) Abadi Masela,https://www.setneg.go.id/baca/index/sambutan_presiden_pada_groundbreaking_proyek_strategis_nasional_liquefied_natural_gas_lng_abadi_masela,"Melalui konferensi video dari Istana Merdeka, Jakarta
Bismillahirrahmanirrahim.",melalui konferensi video dari istana merdeka jakarta bismillahirrahmanirrahim,melalui konferensi video istana merdeka jakarta bismillahirrahmanirrahim,5,positif
Sambutan Presiden pada Groundbreaking Proyek Strategis Nasional Liquefied Natural Gas (LNG) Abadi Masela,https://www.setneg.go.id/baca/index/sambutan_presiden_pada_groundbreaking_proyek_strategis_nasional_liquefied_natural_gas_lng_abadi_masela,"Assalamu’alaikum warahmatullahi wabarakatuh,Selamat siang,Salam sejahtera bagi kita sekalian,Syalom,Salve,Om swastiastu,Namo Buddhaya,Salam kebajikan.",assalamu alaikum warahmatullahi wabarakatuh selamat siang salam sejahtera bagi kita sekalian syalom salve om swastiastu namo buddhaya salam kebajikan,assalamu alaikum warahmatullahi wabarakatuh selamat siang salam sejahtera kita sekalian syalom salve om swastiastu namo buddhaya salam kebajikan,11,positif
Sambutan Presiden pada Groundbreaking Proyek Strategis Nasional Liquefied Natural Gas (LNG) Abadi Masela,https://www.setneg.go.id/baca/index/sambutan_presiden_pada_groundbreaking_proyek_strategis_nasional_liquefied_natural_gas_lng_abadi_masela,"Yang saya hormati Menteri Energi dan Sumber Daya Mineral (ESDM) Saudara Bahlil Lahadalia sebagai penyelenggara beserta jajaran Kementerian ESDM;Presiden dan CEO PT INPEX Masela Saudara Takayuki Ueda, Menteri Agraria dan Tata Ruang Saudara Nusron Wahid, Menteri Perencanaan Pembangunan Nasional Profesor Rachmat Pambudy, Kepala Staf Kepresidenan Jenderal TNI (Purn.) Dudung Abdurachman; Gubernur Maluku Saudara Hendrik Lewerissa beserta jajaran Forkopimda Provinsi Maluku; Panglima Kodam, Kapolda, Kepala Kejaksaan dan Saudara-saudara sekalian;Bupati Kepulauan Tanimbar Saudara Ricky Jauwerissa, Bupati Maluku Barat Daya Saudara Benyamin Thomas Noach, Kepala SKK Migas Saudara Djoko Siswanto, Direktur Utama PT Pertamina Saudara Simon Aloysius Mantiri;Saudara-saudara sekalian semuanya dan yang hadir di Istana Merdeka: Menteri Luar Negeri Saudara Sugiono, Menteri Sekretaris Negara Saudara Prasetyo Hadi, Sekretaris Kabinet RI Saudara Teddy Indra Wijaya, Wakil Menteri Energi dan Sumber Daya Mineral Saudara Yuliot Tanjung;Yang saya hormati para tokoh agama dan tokoh adat yang hadir;Para pekerja yang berada di lokasi LNG Abadi Masela yang saya banggakan;Para hadirin tamu undangan, serta rekan-rekan pers dan media.Saudara-saudara sekalian,Sebagai insan yang bertakwa, marilah kita tidak henti-hentinya memanjatkan puji syukur ke hadirat Tuhan Mahakuasa, Tuhan Mahabesar, yang memiliki sekalian alam, atas segala karunia, berkah, dan kebaikan, serta kedamaian yang masih diberikan kepada kita, dan juga atas napas dan kesehatan yang masih diberikan kepada kita, sehingga kita dapat berkumpul hari ini dalam suatu momen bersejarah, momen yang sangat penting dalam perjalanan pembangunan bangsa, yakni acaraGroundbreakingProyek Strategis NasionalLiquefied Natural GasAbadi Masela di Kabupaten Kepulauan Tanimbar, Provinsi Maluku.",yang saya hormati menteri energi dan sumber daya mineral esdm saudara bahlil lahadalia sebagai penyelenggara beserta jajaran kementerian esdm presiden dan ceo pt inpex masela saudara takayuki ueda menteri agraria dan tata ruang saudara nusron wahid menteri perencanaan pembangunan nasional profesor rachmat pambudy kepala staf kepresidenan jenderal tni purn dudung abdurachman gubernur maluku saudara hendrik lewerissa beserta jajaran forkopimda provinsi maluku panglima kodam kapolda kepala kejaksaan dan saudara saudara sekalian bupati kepulauan tanimbar saudara ricky jauwerissa bupati maluku barat daya saudara benyamin thomas noach kepala skk migas saudara djoko siswanto direktur utama pt pertamina saudara simon aloysius mantiri saudara saudara sekalian semuanya dan yang hadir di istana merdeka menteri luar negeri saudara sugiono menteri sekretaris negara saudara prasetyo hadi sekretaris kabinet ri saudara teddy indra wijaya wakil menteri energi dan sumber daya mineral saudara yuliot tanjung yang saya hormati para tokoh agama dan tokoh adat yang hadir para pekerja yang berada di lokasi lng abadi masela yang saya banggakan para hadirin tamu undangan serta rekan rekan pers dan media saudara saudara sekalian sebagai insan yang bertakwa marilah kita tidak henti hentinya memanjatkan puji syukur ke hadirat tuhan mahakuasa tuhan mahabesar yang memiliki sekalian alam atas segala karunia berkah dan kebaikan serta kedamaian yang masih diberikan kepada kita dan juga atas napas dan kesehatan yang masih diberikan kepada kita sehingga kita dapat berkumpul hari ini dalam suatu momen bersejarah momen yang sangat penting dalam perjalanan pembangunan bangsa yakni acaragroundbreakingproyek strategis nasionalliquefied natural gasabadi masela di kabupaten kepulauan tanimbar provinsi maluku,saya hormati menteri energi sumber daya mineral esdm saudara bahlil lahadalia penyelenggara beserta jajaran kementerian esdm presiden ceo pt inpex masela saudara takayuki ueda menteri agraria tata ruang saudara nusron wahid menteri perencanaan pembangunan nasional profesor rachmat pambudy kepala staf kepresidenan jenderal tni purn dudung abdurachman gubernur maluku saudara hendrik lewerissa beserta jajaran forkopimda provinsi maluku panglima kodam kapolda kepala kejaksaan saudara saudara sekalian bupati kepulauan tanimbar saudara ricky jauwerissa bupati maluku barat daya saudara benyamin thomas noach kepala skk migas saudara djoko siswanto direktur utama pt pertamina saudara simon aloysius mantiri saudara saudara sekalian semuanya hadir istana merdeka menteri luar negeri saudara sugiono menteri sekretaris negara saudara prasetyo hadi sekretaris kabinet ri saudara teddy indra wijaya wakil menteri energi sumber daya mineral saudara yuliot tanjung saya hormati tokoh agama tokoh adat hadir pekerja berada lokasi lng abadi masela saya banggakan hadirin tamu undangan rekan rekan pers media saudara saudara sekalian insan bertakwa marilah tidak henti hentinya memanjatkan puji syukur hadirat tuhan mahakuasa tuhan mahabesar memiliki sekalian alam atas segala karunia berkah kebaikan kedamaian masih diberikan kita juga atas napas kesehatan masih diberikan kita kita berkumpul hari suatu momen bersejarah momen yang sangat penting dalam perjalanan pembangunan bangsa acaragroundbreakingproyek strategis nasionalliquefied natural gasabadi masela kabupaten kepulauan tanimbar provinsi maluku,-11,negatif
Sambutan Presiden pada Groundbreaking Proyek Strategis Nasional Liquefied Natural Gas (LNG) Abadi Masela,https://www.setneg.go.id/baca/index/sambutan_presiden_pada_groundbreaking_proyek_strategis_nasional_liquefied_natural_gas_lng_abadi_masela,"Saya minta maaf, tadinya saya ingin hadir langsung, tapi karena ada berbagai acara yang tidak bisa saya tinggalkan di Pusat, terpaksa saya hadir melaluivideo conferenceini, tanpa mengurangi rasa hormat saya kepada Saudara-saudara sekalian.",saya minta maaf tadinya saya ingin hadir langsung tapi karena ada berbagai acara yang tidak bisa saya tinggalkan di pusat terpaksa saya hadir melaluivideo conferenceini tanpa mengurangi rasa hormat saya kepada saudara saudara sekalian,minta maaf tadinya ingin hadir langsung karena berbagai acara tidak tinggalkan pusat terpaksa hadir melaluivideo conferenceini mengurangi rasa hormat saya kepada saudara saudara sekalian,-23,negatif
Sambutan Presiden pada Groundbreaking Proyek Strategis Nasional Liquefied Natural Gas (LNG) Abadi Masela,https://www.setneg.go.id/baca/index/sambutan_presiden_pada_groundbreaking_proyek_strategis_nasional_liquefied_natural_gas_lng_abadi_masela,"Tentunya, ini merupakan hutang saya kepada masyarakat Maluku dan kabupaten-kabupaten tersebut.Insyaallah,saya akan melunasi hutang tersebut dalam waktu yang tidak lama lagi.",tentunya ini merupakan hutang saya kepada masyarakat maluku dan kabupaten kabupaten tersebut insyaallah saya akan melunasi hutang tersebut dalam waktu yang tidak lama lagi,tentunya merupakan hutang kepada masyarakat maluku kabupaten kabupaten tersebut insyaallah akan melunasi hutang tersebut waktu tidak lama,-17,negatif
Sambutan Presiden pada Groundbreaking Proyek Strategis Nasional Liquefied Natural Gas (LNG) Abadi Masela,https://www.setneg.go.id/baca/index/sambutan_presiden_pada_groundbreaking_proyek_strategis_nasional_liquefied_natural_gas_lng_abadi_masela,"Saudara-saudara,Pembangunan suatu bangsa adalah upaya kerja keras suatu bangsa, adalah perjalanan yang sangat jauh, yang membutuhkan persatuan semua unsur, semua elemen.",saudara saudara pembangunan suatu bangsa adalah upaya kerja keras suatu bangsa adalah perjalanan yang sangat jauh yang membutuhkan persatuan semua unsur semua elemen,saudara saudara pembangunan suatu bangsa upaya kerja keras suatu bangsa perjalanan sangat jauh membutuhkan persatuan semua unsur semua elemen,-17,negatif
Sambutan Presiden pada Groundbreaking Proyek Strategis Nasional Liquefied Natural Gas (LNG) Abadi Masela,https://www.setneg.go.id/baca/index/sambutan_presiden_pada_groundbreaking_proyek_strategis_nasional_liquefied_natural_gas_lng_abadi_masela,"Dengan demikian, Proyek Strategis Nasional Abadi Masela ini merupakan suatu proyek yang sungguh sangat penting.",dengan demikian proyek strategis nasional abadi masela ini merupakan suatu proyek yang sungguh sangat penting,demikian proyek strategis nasional abadi masela merupakan suatu proyek sungguh sangat penting,-6,negatif
Sambutan Presiden pada Groundbreaking Proyek Strategis Nasional Liquefied Natural Gas (LNG) Abadi Masela,https://www.setneg.go.id/baca/index/sambutan_presiden_pada_groundbreaking_proyek_strategis_nasional_liquefied_natural_gas_lng_abadi_masela,"Proyek ini hampir tiga dekade, tiga dasawarsa, kita tunggu.",proyek ini hampir tiga dekade tiga dasawarsa kita tunggu,proyek hampir tiga dekade tiga dasawarsa tunggu,-2,negatif
Sambutan Presiden pada Groundbreaking Proyek Strategis Nasional Liquefied Natural Gas (LNG) Abadi Masela,https://www.setneg.go.id/baca/index/sambutan_presiden_pada_groundbreaking_proyek_strategis_nasional_liquefied_natural_gas_lng_abadi_masela,"Tiga dekade, tiga dasawarsa, rakyat menunggu.",tiga dekade tiga dasawarsa rakyat menunggu,tiga dekade tiga dasawarsa rakyat menunggu,-3,negatif
Sambutan Presiden pada Groundbreaking Proyek Strategis Nasional Liquefied Natural Gas (LNG) Abadi Masela,https://www.setneg.go.id/baca/index/sambutan_presiden_pada_groundbreaking_proyek_strategis_nasional_liquefied_natural_gas_lng_abadi_masela,"Alhamdulillah, hari ini kita mulai pembangunan dan pembangunan tidak boleh terhambat, harus selesai dalam waktu sesingkat-singkatnya.",alhamdulillah hari ini kita mulai pembangunan dan pembangunan tidak boleh terhambat harus selesai dalam waktu sesingkat singkatnya,alhamdulillah hari kita mulai pembangunan pembangunan boleh terhambat selesai waktu sesingkat singkatnya,0,netral
Sambutan Presiden pada Groundbreaking Proyek Strategis Nasional Liquefied Natural Gas (LNG) Abadi Masela,https://www.setneg.go.id/baca/index/sambutan_presiden_pada_groundbreaking_proyek_strategis_nasional_liquefied_natural_gas_lng_abadi_masela,"Saudara-saudara sekalian,Dari sejak awal kita sadar dan saya selalu menegaskan bahwa kemerdekaan suatu bangsa tujuannya adalah yang pertama tentunya bangsa itu ingin menjamin kelangsungan hidupnya.",saudara saudara sekalian dari sejak awal kita sadar dan saya selalu menegaskan bahwa kemerdekaan suatu bangsa tujuannya adalah yang pertama tentunya bangsa itu ingin menjamin kelangsungan hidupnya,saudara saudara sekalian sejak awal sadar saya selalu menegaskan kemerdekaan suatu bangsa tujuannya yang pertama tentunya bangsa ingin menjamin kelangsungan hidupnya,-16,negatif
Sambutan Presiden pada Groundbreaking Proyek Strategis Nasional Liquefied Natural Gas (LNG) Abadi Masela,https://www.setneg.go.id/baca/index/sambutan_presiden_pada_groundbreaking_proyek_strategis_nasional_liquefied_natural_gas_lng_abadi_masela,"Dan di dalam dunia modern, bahkan dari sejak ratusan tahun, bahkan ribuan tahun, energi salah satu syarat dari kelangsungan hidup suatu bangsa.",dan di dalam dunia modern bahkan dari sejak ratusan tahun bahkan ribuan tahun energi salah satu syarat dari kelangsungan hidup suatu bangsa,di dunia modern bahkan sejak ratusan tahun bahkan ribuan tahun energi salah satu syarat kelangsungan hidup suatu bangsa,-5,negatif
Sambutan Presiden pada Groundbreaking Proyek Strategis Nasional Liquefied Natural Gas (LNG) Abadi Masela,https://www.setneg.go.id/baca/index/sambutan_presiden_pada_groundbreaking_proyek_strategis_nasional_liquefied_natural_gas_lng_abadi_masela,"Dengan demikian, kita sadar, bangsa Indonesia sadar, bahwa kita diberi karunia yang luar biasa oleh Yang Mahakuasa.",dengan demikian kita sadar bangsa indonesia sadar bahwa kita diberi karunia yang luar biasa oleh yang mahakuasa,demikian sadar bangsa indonesia sadar kita diberi karunia luar biasa yang mahakuasa,-7,negatif
Sambutan Presiden pada Groundbreaking Proyek Strategis Nasional Liquefied Natural Gas (LNG) Abadi Masela,https://www.setneg.go.id/baca/index/sambutan_presiden_pada_groundbreaking_proyek_strategis_nasional_liquefied_natural_gas_lng_abadi_masela,"Buktinya antara lain bahwa kita sudah paham, bahwa di perairan kita, di Tanimbar, di Maluku ini kita memiliki cadangan energi yang sangat besar.",buktinya antara lain bahwa kita sudah paham bahwa di perairan kita di tanimbar di maluku ini kita memiliki cadangan energi yang sangat besar,buktinya lain paham perairan kita di tanimbar di maluku kita memiliki cadangan energi sangat besar,-6,negatif
Sambutan Presiden pada Groundbreaking Proyek Strategis Nasional Liquefied Natural Gas (LNG) Abadi Masela,https://www.setneg.go.id/baca/index/sambutan_presiden_pada_groundbreaking_proyek_strategis_nasional_liquefied_natural_gas_lng_abadi_masela,"Kita sudah sadar ini 28 tahun yang lalu, dan kita menghargai semua unsur, kita apresiasi, kita harus memberi suatu penghargaan sekali lagi kepada semua unsur yang telah memungkinkan proyek ini terwujud.",kita sudah sadar ini tahun yang lalu dan kita menghargai semua unsur kita apresiasi kita harus memberi suatu penghargaan sekali lagi kepada semua unsur yang telah memungkinkan proyek ini terwujud,sudah sadar tahun lalu menghargai semua unsur apresiasi kita harus memberi suatu penghargaan sekali kepada semua unsur telah memungkinkan proyek terwujud,-10,negatif
Sambutan Presiden pada Groundbreaking Proyek Strategis Nasional Liquefied Natural Gas (LNG) Abadi Masela,https://www.setneg.go.id/baca/index/sambutan_presiden_pada_groundbreaking_proyek_strategis_nasional_liquefied_natural_gas_lng_abadi_masela,"Kita hargai dari kawan-kawan kita dari Jepang yang investasi di sini, dari INPEX.",kita hargai dari kawan kawan kita dari jepang yang investasi di sini dari inpex,hargai kawan kawan jepang investasi sini dari inpex,-3,negatif
Sambutan Presiden pada Groundbreaking Proyek Strategis Nasional Liquefied Natural Gas (LNG) Abadi Masela,https://www.setneg.go.id/baca/index/sambutan_presiden_pada_groundbreaking_proyek_strategis_nasional_liquefied_natural_gas_lng_abadi_masela,"Kita juga berterima kasih Saudara-saudara kita dari Malaysia, PETRONAS, juga ikut di sini, dan kita tentunya bangga, putra-putri kita, perusahaan nasional kita, Pertamina, ada di sini, dan kita harus semua bahu-membahu bekerja sehingga proyek ini sukses, dan proyek ini cepat produksi, dan cepat menghasilkan.",kita juga berterima kasih saudara saudara kita dari malaysia petronas juga ikut di sini dan kita tentunya bangga putra putri kita perusahaan nasional kita pertamina ada di sini dan kita harus semua bahu membahu bekerja sehingga proyek ini sukses dan proyek ini cepat produksi dan cepat menghasilkan,berterima kasih saudara saudara dari malaysia petronas juga ikut sini tentunya bangga putra putri perusahaan nasional kita pertamina di sini kita semua bahu membahu bekerja proyek sukses proyek cepat produksi cepat menghasilkan,-10,negatif
Sambutan Presiden pada Groundbreaking Proyek Strategis Nasional Liquefied Natural Gas (LNG) Abadi Masela,https://www.setneg.go.id/baca/index/sambutan_presiden_pada_groundbreaking_proyek_strategis_nasional_liquefied_natural_gas_lng_abadi_masela,"Saudara-saudara,Kita sadar bahwa lingkungan dunia saat ini penuh dengan ketidakpastian, penuh dengan konflik, ketegangan, bahkan perang di mana-mana, dan kita masih bersyukur kawasan kita dalam keadaan damai.",saudara saudara kita sadar bahwa lingkungan dunia saat ini penuh dengan ketidakpastian penuh dengan konflik ketegangan bahkan perang di mana mana dan kita masih bersyukur kawasan kita dalam keadaan damai,saudara saudara sadar lingkungan dunia ini penuh ketidakpastian penuh konflik ketegangan bahkan perang mana mana bersyukur kawasan kita dalam keadaan damai,5,positif
Sambutan Presiden pada Groundbreaking Proyek Strategis Nasional Liquefied Natural Gas (LNG) Abadi Masela,https://www.setneg.go.id/baca/index/sambutan_presiden_pada_groundbreaking_proyek_strategis_nasional_liquefied_natural_gas_lng_abadi_masela,"Kita bersyukur warisan dari pendiri-pendiri bangsa kita, bahwa sesungguhnya Indonesia tidak punya musuh.",kita bersyukur warisan dari pendiri pendiri bangsa kita bahwa sesungguhnya indonesia tidak punya musuh,bersyukur warisan pendiri pendiri bangsa bahwa sesungguhnya indonesia punya musuh,11,positif
Sambutan Presiden pada Groundbreaking Proyek Strategis Nasional Liquefied Natural Gas (LNG) Abadi Masela,https://www.setneg.go.id/baca/index/sambutan_presiden_pada_groundbreaking_proyek_strategis_nasional_liquefied_natural_gas_lng_abadi_masela,"Kita, alhamdulillah sekarang ini kita sudah menjalin hubungan baik dengan semua tetangga kita dan kita bertekad bahwa itu pendirian kita.",kita alhamdulillah sekarang ini kita sudah menjalin hubungan baik dengan semua tetangga kita dan kita bertekad bahwa itu pendirian kita,alhamdulillah sekarang menjalin hubungan baik semua tetangga dan bertekad itu pendirian kita,-1,negatif
Sambutan Presiden pada Groundbreaking Proyek Strategis Nasional Liquefied Natural Gas (LNG) Abadi Masela,https://www.setneg.go.id/baca/index/sambutan_presiden_pada_groundbreaking_proyek_strategis_nasional_liquefied_natural_gas_lng_abadi_masela,"Kita bersahabat dengan semua tetangga-tetangga kita, kita hormati semua negara di dunia, besar, paling besar, kuat, paling kuat, maupun yang kecil, maupun mungkin yang tidak kuat.",kita bersahabat dengan semua tetangga tetangga kita kita hormati semua negara di dunia besar paling besar kuat paling kuat maupun yang kecil maupun mungkin yang tidak kuat,bersahabat semua tetangga tetangga kita hormati semua negara dunia besar paling besar kuat paling kuat maupun kecil maupun mungkin tidak kuat,-28,negatif
Sambutan Presiden pada Groundbreaking Proyek Strategis Nasional Liquefied Natural Gas (LNG) Abadi Masela,https://www.setneg.go.id/baca/index/sambutan_presiden_pada_groundbreaking_proyek_strategis_nasional_liquefied_natural_gas_lng_abadi_masela,"Ini adalah karunia kita, ini adalah sesuatu yang kita harus hargai.",ini adalah karunia kita ini adalah sesuatu yang kita harus hargai,karunia ini adalah sesuatu kita hargai,4,positif
Sambutan Presiden pada Groundbreaking Proyek Strategis Nasional Liquefied Natural Gas (LNG) Abadi Masela,https://www.setneg.go.id/baca/index/sambutan_presiden_pada_groundbreaking_proyek_strategis_nasional_liquefied_natural_gas_lng_abadi_masela,"Dengan kondisi ini, kita bersahabat sama semua negara.",dengan kondisi ini kita bersahabat sama semua negara,kondisi kita bersahabat sama semua negara,2,positif
Sambutan Presiden pada Groundbreaking Proyek Strategis Nasional Liquefied Natural Gas (LNG) Abadi Masela,https://www.setneg.go.id/baca/index/sambutan_presiden_pada_groundbreaking_proyek_strategis_nasional_liquefied_natural_gas_lng_abadi_masela,"Dalam kondisi ini kita terbuka kepada semua mitra, semua negara yang mau masuk ke Indonesia, mau bermitra sama Indonesia, mau bekerja dengan saling menguntungkan.",dalam kondisi ini kita terbuka kepada semua mitra semua negara yang mau masuk ke indonesia mau bermitra sama indonesia mau bekerja dengan saling menguntungkan,kondisi kita terbuka semua mitra semua negara mau masuk indonesia mau bermitra sama indonesia mau bekerja saling menguntungkan,-20,negatif
Sambutan Presiden pada Groundbreaking Proyek Strategis Nasional Liquefied Natural Gas (LNG) Abadi Masela,https://www.setneg.go.id/baca/index/sambutan_presiden_pada_groundbreaking_proyek_strategis_nasional_liquefied_natural_gas_lng_abadi_masela,Ini sikap kita.,ini sikap kita,sikap,2,positif
Sambutan Presiden pada Groundbreaking Proyek Strategis Nasional Liquefied Natural Gas (LNG) Abadi Masela,https://www.setneg.go.id/baca/index/sambutan_presiden_pada_groundbreaking_proyek_strategis_nasional_liquefied_natural_gas_lng_abadi_masela,"Tapi, semua pihak juga harus mengerti bahwa Indonesia sekarang sudah dewasa.",tapi semua pihak juga harus mengerti bahwa indonesia sekarang sudah dewasa,semua pihak harus mengerti indonesia sekarang dewasa,-11,negatif
Sambutan Presiden pada Groundbreaking Proyek Strategis Nasional Liquefied Natural Gas (LNG) Abadi Masela,https://www.setneg.go.id/baca/index/sambutan_presiden_pada_groundbreaking_proyek_strategis_nasional_liquefied_natural_gas_lng_abadi_masela,"Pemimpin-pemimpin di Indonesia bukan pemimpin yang bodoh, bukan pemimpin yang naif, bukan pemimpin yang penakut.",pemimpin pemimpin di indonesia bukan pemimpin yang bodoh bukan pemimpin yang naif bukan pemimpin yang penakut,pemimpin pemimpin indonesia bukan pemimpin bodoh bukan pemimpin naif bukan pemimpin penakut,-9,negatif
Sambutan Presiden pada Groundbreaking Proyek Strategis Nasional Liquefied Natural Gas (LNG) Abadi Masela,https://www.setneg.go.id/baca/index/sambutan_presiden_pada_groundbreaking_proyek_strategis_nasional_liquefied_natural_gas_lng_abadi_masela,"Memang, ada pihak-pihak yang selalu memandang rendah bangsa Indonesia, yang selalu menganggap remeh bangsa Indonesia, yang selalu mengejek bangsa Indonesia di belakang punggung kita, memang.",memang ada pihak pihak yang selalu memandang rendah bangsa indonesia yang selalu menganggap remeh bangsa indonesia yang selalu mengejek bangsa indonesia di belakang punggung kita memang,memang pihak pihak selalu memandang rendah bangsa indonesia selalu menganggap remeh bangsa indonesia selalu mengejek bangsa indonesia belakang punggung memang,-21,negatif
Sambutan Presiden pada Groundbreaking Proyek Strategis Nasional Liquefied Natural Gas (LNG) Abadi Masela,https://www.setneg.go.id/baca/index/sambutan_presiden_pada_groundbreaking_proyek_strategis_nasional_liquefied_natural_gas_lng_abadi_masela,"Mungkin karena kebaikan bangsa Indonesia, keramahtamahan, bahwa bangsa kita begitu ramah, kita dinilai lemah.",mungkin karena kebaikan bangsa indonesia keramahtamahan bahwa bangsa kita begitu ramah kita dinilai lemah,mungkin kebaikan bangsa indonesia keramahtamahan bangsa begitu ramah dinilai lemah,-4,negatif
Sambutan Presiden pada Groundbreaking Proyek Strategis Nasional Liquefied Natural Gas (LNG) Abadi Masela,https://www.setneg.go.id/baca/index/sambutan_presiden_pada_groundbreaking_proyek_strategis_nasional_liquefied_natural_gas_lng_abadi_masela,"Kita dibilang bangsa yang santai, kita dibilang bangsa yang malas, bahwa rakyat Indonesia para pribuminya hobinya tidur, padahal rakyat kita berjuang keras dari hari ke hari untuk mencari kehidupan yang layak.",kita dibilang bangsa yang santai kita dibilang bangsa yang malas bahwa rakyat indonesia para pribuminya hobinya tidur padahal rakyat kita berjuang keras dari hari ke hari untuk mencari kehidupan yang layak,dibilang bangsa santai dibilang bangsa malas rakyat indonesia pribuminya hobinya tidur padahal rakyat berjuang keras hari hari mencari kehidupan layak,-13,negatif
Sambutan Presiden pada Groundbreaking Proyek Strategis Nasional Liquefied Natural Gas (LNG) Abadi Masela,https://www.setneg.go.id/baca/index/sambutan_presiden_pada_groundbreaking_proyek_strategis_nasional_liquefied_natural_gas_lng_abadi_masela,"Mereka yang berlayar di laut mencari makan, mencari ikan, itu mempertaruhkan nyawa, di mana-mana rakyat kita kerja keras.",mereka yang berlayar di laut mencari makan mencari ikan itu mempertaruhkan nyawa di mana mana rakyat kita kerja keras,yang berlayar laut mencari makan mencari ikan mempertaruhkan nyawa mana mana rakyat kerja keras,-13,negatif
Sambutan Presiden pada Groundbreaking Proyek Strategis Nasional Liquefied Natural Gas (LNG) Abadi Masela,https://www.setneg.go.id/baca/index/sambutan_presiden_pada_groundbreaking_proyek_strategis_nasional_liquefied_natural_gas_lng_abadi_masela,"Tapi kalau iklim itu begitu panas, ya, kearifan nenek moyang mengajarkan kita hindari panas pada saat terik matahari.",tapi kalau iklim itu begitu panas ya kearifan nenek moyang mengajarkan kita hindari panas pada saat terik matahari,kalau iklim begitu panas kearifan nenek moyang mengajarkan hindari panas saat terik matahari,-9,negatif
Sambutan Presiden pada Groundbreaking Proyek Strategis Nasional Liquefied Natural Gas (LNG) Abadi Masela,https://www.setneg.go.id/baca/index/sambutan_presiden_pada_groundbreaking_proyek_strategis_nasional_liquefied_natural_gas_lng_abadi_masela,Ada bangsa-bangsa yang tidak lihat bahwa rakyat kita bangun sangat pagi.,ada bangsa bangsa yang tidak lihat bahwa rakyat kita bangun sangat pagi,bangsa bangsa tidak lihat rakyat bangun sangat pagi,-10,negatif
Sambutan Presiden pada Groundbreaking Proyek Strategis Nasional Liquefied Natural Gas (LNG) Abadi Masela,https://www.setneg.go.id/baca/index/sambutan_presiden_pada_groundbreaking_proyek_strategis_nasional_liquefied_natural_gas_lng_abadi_masela,"Ada yang ke sawah, ada yang ke ladang, ada yang cari air, cari kayu, ada yang berburu, ada yang melaut di saat gelap, kembalinya pun di saat gelap.",ada yang ke sawah ada yang ke ladang ada yang cari air cari kayu ada yang berburu ada yang melaut di saat gelap kembalinya pun di saat gelap,yang sawah yang ladang yang cari air cari kayu yang berburu yang melaut gelap kembalinya di saat gelap,-47,negatif
Sambutan Presiden pada Groundbreaking Proyek Strategis Nasional Liquefied Natural Gas (LNG) Abadi Masela,https://www.setneg.go.id/baca/index/sambutan_presiden_pada_groundbreaking_proyek_strategis_nasional_liquefied_natural_gas_lng_abadi_masela,"Jadi, Saudara-saudara, hari ini kita berbesar hati, kita bangga.",jadi saudara saudara hari ini kita berbesar hati kita bangga,jadi saudara saudara hari berbesar hati kita bangga,-1,negatif
Sambutan Presiden pada Groundbreaking Proyek Strategis Nasional Liquefied Natural Gas (LNG) Abadi Masela,https://www.setneg.go.id/baca/index/sambutan_presiden_pada_groundbreaking_proyek_strategis_nasional_liquefied_natural_gas_lng_abadi_masela,"Alhamdulillah, setelah puluhan tahun proyek ini berjalan.",alhamdulillah setelah puluhan tahun proyek ini berjalan,alhamdulillah puluhan tahun proyek berjalan,5,positif
Sambutan Presiden pada Groundbreaking Proyek Strategis Nasional Liquefied Natural Gas (LNG) Abadi Masela,https://www.setneg.go.id/baca/index/sambutan_presiden_pada_groundbreaking_proyek_strategis_nasional_liquefied_natural_gas_lng_abadi_masela,"Dan, kita hargai kawan-kawan kita dari Jepang.",dan kita hargai kawan kawan kita dari jepang,hargai kawan kawan kita dari jepang,-3,negatif
Sambutan Presiden pada Groundbreaking Proyek Strategis Nasional Liquefied Natural Gas (LNG) Abadi Masela,https://www.setneg.go.id/baca/index/sambutan_presiden_pada_groundbreaking_proyek_strategis_nasional_liquefied_natural_gas_lng_abadi_masela,"Kita mulai proyek ini, kita cari suatu keuntungan bersama.",kita mulai proyek ini kita cari suatu keuntungan bersama,mulai proyek kita cari suatu keuntungan bersama,5,positif
Sambutan Presiden pada Groundbreaking Proyek Strategis Nasional Liquefied Natural Gas (LNG) Abadi Masela,https://www.setneg.go.id/baca/index/sambutan_presiden_pada_groundbreaking_proyek_strategis_nasional_liquefied_natural_gas_lng_abadi_masela,"Kehormatan bagi tuan rumah adalah kalau mitranya, kalau tamunya bahagia, itu kehormatan bagi tuan rumah.",kehormatan bagi tuan rumah adalah kalau mitranya kalau tamunya bahagia itu kehormatan bagi tuan rumah,kehormatan tuan rumah kalau mitranya kalau tamunya bahagia kehormatan tuan rumah,13,positif
Sambutan Presiden pada Groundbreaking Proyek Strategis Nasional Liquefied Natural Gas (LNG) Abadi Masela,https://www.setneg.go.id/baca/index/sambutan_presiden_pada_groundbreaking_proyek_strategis_nasional_liquefied_natural_gas_lng_abadi_masela,"Tapi, kita pun punya tanggung jawab kepada rakyat kita.",tapi kita pun punya tanggung jawab kepada rakyat kita,punya tanggung jawab rakyat kita,-4,negatif
Sambutan Presiden pada Groundbreaking Proyek Strategis Nasional Liquefied Natural Gas (LNG) Abadi Masela,https://www.setneg.go.id/baca/index/sambutan_presiden_pada_groundbreaking_proyek_strategis_nasional_liquefied_natural_gas_lng_abadi_masela,Rakyat kita masih banyak yang hidupnya susah.,rakyat kita masih banyak yang hidupnya susah,rakyat masih banyak hidupnya susah,-6,negatif
Sambutan Presiden pada Groundbreaking Proyek Strategis Nasional Liquefied Natural Gas (LNG) Abadi Masela,https://www.setneg.go.id/baca/index/sambutan_presiden_pada_groundbreaking_proyek_strategis_nasional_liquefied_natural_gas_lng_abadi_masela,"Sehingga, Saudara-saudara, saya sebagai Presiden Republik Indonesia, saya sebagai yang menerima mandat dari rakyat Indonesia, saya sekali lagi saya tegaskan, jalankanlah proyek ini dengan sebaik-baiknya atas dasar saling menguntungkan.",sehingga saudara saudara saya sebagai presiden republik indonesia saya sebagai yang menerima mandat dari rakyat indonesia saya sekali lagi saya tegaskan jalankanlah proyek ini dengan sebaik baiknya atas dasar saling menguntungkan,saudara saudara sebagai presiden republik indonesia sebagai menerima mandat rakyat indonesia sekali saya tegaskan jalankanlah proyek dengan sebaik baiknya atas dasar saling menguntungkan,-11,negatif
Sambutan Presiden pada Groundbreaking Proyek Strategis Nasional Liquefied Natural Gas (LNG) Abadi Masela,https://www.setneg.go.id/baca/index/sambutan_presiden_pada_groundbreaking_proyek_strategis_nasional_liquefied_natural_gas_lng_abadi_masela,Para investor harus untung.,para investor harus untung,investor untung,-1,negatif
Sambutan Presiden pada Groundbreaking Proyek Strategis Nasional Liquefied Natural Gas (LNG) Abadi Masela,https://www.setneg.go.id/baca/index/sambutan_presiden_pada_groundbreaking_proyek_strategis_nasional_liquefied_natural_gas_lng_abadi_masela,"Sekali lagi, sebagai bangsa yang punya harga diri dan kehormatan, kita yang malu kalau mitra kita tidak puas, kalau mitra kita rugi, kalau mitra kita tidak bahagia.",sekali lagi sebagai bangsa yang punya harga diri dan kehormatan kita yang malu kalau mitra kita tidak puas kalau mitra kita rugi kalau mitra kita tidak bahagia,sekali sebagai bangsa punya harga diri kehormatan yang malu kalau mitra tidak puas kalau mitra rugi kalau mitra tidak bahagia,-31,negatif
Sambutan Presiden pada Groundbreaking Proyek Strategis Nasional Liquefied Natural Gas (LNG) Abadi Masela,https://www.setneg.go.id/baca/index/sambutan_presiden_pada_groundbreaking_proyek_strategis_nasional_liquefied_natural_gas_lng_abadi_masela,"Tapi sebaliknya, kita punya tanggung jawab yang besar kepada rakyat kita.",tapi sebaliknya kita punya tanggung jawab yang besar kepada rakyat kita,sebaliknya punya tanggung jawab besar rakyat,-6,negatif
Sambutan Presiden pada Groundbreaking Proyek Strategis Nasional Liquefied Natural Gas (LNG) Abadi Masela,https://www.setneg.go.id/baca/index/sambutan_presiden_pada_groundbreaking_proyek_strategis_nasional_liquefied_natural_gas_lng_abadi_masela,Kita perlu energi ini untuk melaksanakan transformasi bangsa.,kita perlu energi ini untuk melaksanakan transformasi bangsa,perlu energi untuk melaksanakan transformasi bangsa,2,positif
Sambutan Presiden pada Groundbreaking Proyek Strategis Nasional Liquefied Natural Gas (LNG) Abadi Masela,https://www.setneg.go.id/baca/index/sambutan_presiden_pada_groundbreaking_proyek_strategis_nasional_liquefied_natural_gas_lng_abadi_masela,"Kita ingin menjadi negara yang modern, kita ingin menjadi bangsa yang seperti bangsa Jepang, kita ingin menjadi bangsa yang produktif, kita ingin menjadi bangsa yang menghasilkan produk-produk industri.",kita ingin menjadi negara yang modern kita ingin menjadi bangsa yang seperti bangsa jepang kita ingin menjadi bangsa yang produktif kita ingin menjadi bangsa yang menghasilkan produk produk industri,ingin menjadi negara modern ingin menjadi bangsa seperti bangsa jepang ingin menjadi bangsa produktif ingin menjadi bangsa menghasilkan produk produk industri,10,positif
Sambutan Presiden pada Groundbreaking Proyek Strategis Nasional Liquefied Natural Gas (LNG) Abadi Masela,https://www.setneg.go.id/baca/index/sambutan_presiden_pada_groundbreaking_proyek_strategis_nasional_liquefied_natural_gas_lng_abadi_masela,"Kita punya segala sumber daya untuk itu, kita juga punya kapasitas, anak-anak kita juga tidak kalah pintar.",kita punya segala sumber daya untuk itu kita juga punya kapasitas anak anak kita juga tidak kalah pintar,punya segala sumber daya itu juga punya kapasitas anak anak juga kalah pintar,-3,negatif
Sambutan Presiden pada Groundbreaking Proyek Strategis Nasional Liquefied Natural Gas (LNG) Abadi Masela,https://www.setneg.go.id/baca/index/sambutan_presiden_pada_groundbreaking_proyek_strategis_nasional_liquefied_natural_gas_lng_abadi_masela,"Dan, saya sudah merencanakan dan saya sudah melihat rencana-rencanareal, kita bertekad untuk menjadi negara industri, negara modern dan kita bertekad rakyat kita harus hidup dengan baik, hidup dengan layak.",dan saya sudah merencanakan dan saya sudah melihat rencana rencanareal kita bertekad untuk menjadi negara industri negara modern dan kita bertekad rakyat kita harus hidup dengan baik hidup dengan layak,saya merencanakan saya melihat rencana rencanareal bertekad menjadi negara industri negara modern bertekad rakyat kita harus hidup baik hidup layak,-20,negatif
Sambutan Presiden pada Groundbreaking Proyek Strategis Nasional Liquefied Natural Gas (LNG) Abadi Masela,https://www.setneg.go.id/baca/index/sambutan_presiden_pada_groundbreaking_proyek_strategis_nasional_liquefied_natural_gas_lng_abadi_masela,Kita butuh uang untuk bikin pelayanan kesehatan yang terbaik.,kita butuh uang untuk bikin pelayanan kesehatan yang terbaik,butuh uang bikin pelayanan kesehatan terbaik,3,positif
Sambutan Presiden pada Groundbreaking Proyek Strategis Nasional Liquefied Natural Gas (LNG) Abadi Masela,https://www.setneg.go.id/baca/index/sambutan_presiden_pada_groundbreaking_proyek_strategis_nasional_liquefied_natural_gas_lng_abadi_masela,Kita butuh uang untuk bayar gaji-gaji guru sehingga sekolah-sekolah kita menjadi juga tidak kalah dengan sekolah-sekolah di luar negeri.,kita butuh uang untuk bayar gaji gaji guru sehingga sekolah sekolah kita menjadi juga tidak kalah dengan sekolah sekolah di luar negeri,butuh uang bayar gaji gaji guru sekolah sekolah menjadi tidak kalah sekolah sekolah luar negeri,-2,negatif
Sambutan Presiden pada Groundbreaking Proyek Strategis Nasional Liquefied Natural Gas (LNG) Abadi Masela,https://www.setneg.go.id/baca/index/sambutan_presiden_pada_groundbreaking_proyek_strategis_nasional_liquefied_natural_gas_lng_abadi_masela,Kita butuh uang untuk membayar semua pegawai negeri kita dengan baik.,kita butuh uang untuk membayar semua pegawai negeri kita dengan baik,butuh uang membayar semua pegawai negeri dengan baik,-9,negatif
Sambutan Presiden pada Groundbreaking Proyek Strategis Nasional Liquefied Natural Gas (LNG) Abadi Masela,https://www.setneg.go.id/baca/index/sambutan_presiden_pada_groundbreaking_proyek_strategis_nasional_liquefied_natural_gas_lng_abadi_masela,Kita butuh uang untuk membangun prasarana yang penting untuk kehidupan yang modern.,kita butuh uang untuk membangun prasarana yang penting untuk kehidupan yang modern,butuh uang membangun prasarana penting kehidupan modern,-3,negatif
Sambutan Presiden pada Groundbreaking Proyek Strategis Nasional Liquefied Natural Gas (LNG) Abadi Masela,https://www.setneg.go.id/baca/index/sambutan_presiden_pada_groundbreaking_proyek_strategis_nasional_liquefied_natural_gas_lng_abadi_masela,"Dengan demikian, proyek semacam ini sangat penting.",dengan demikian proyek semacam ini sangat penting,demikian proyek semacam sangat penting,-9,negatif
Sambutan Presiden pada Groundbreaking Proyek Strategis Nasional Liquefied Natural Gas (LNG) Abadi Masela,https://www.setneg.go.id/baca/index/sambutan_presiden_pada_groundbreaking_proyek_strategis_nasional_liquefied_natural_gas_lng_abadi_masela,Saya sangat menghargai dimulainya proyek ini.,saya sangat menghargai dimulainya proyek ini,sangat menghargai dimulainya proyek,-5,negatif
Sambutan Presiden pada Groundbreaking Proyek Strategis Nasional Liquefied Natural Gas (LNG) Abadi Masela,https://www.setneg.go.id/baca/index/sambutan_presiden_pada_groundbreaking_proyek_strategis_nasional_liquefied_natural_gas_lng_abadi_masela,Tadi sudah disinggung proyek ini investasinya sangat besar.,tadi sudah disinggung proyek ini investasinya sangat besar,tadi disinggung proyek investasinya sangat besar,-7,negatif
Sambutan Presiden pada Groundbreaking Proyek Strategis Nasional Liquefied Natural Gas (LNG) Abadi Masela,https://www.setneg.go.id/baca/index/sambutan_presiden_pada_groundbreaking_proyek_strategis_nasional_liquefied_natural_gas_lng_abadi_masela,"20,9 miliar Dolar, hampir 21 miliar Dolar, akan menghasilkan lebih dari sembilan juta ton gas, kondensat, dan sebagainya.",miliar dolar hampir miliar dolar akan menghasilkan lebih dari sembilan juta ton gas kondensat dan sebagainya,miliar dolar hampir miliar dolar menghasilkan lebih sembilan juta ton gas kondensat sebagainya,-1,negatif
Sambutan Presiden pada Groundbreaking Proyek Strategis Nasional Liquefied Natural Gas (LNG) Abadi Masela,https://www.setneg.go.id/baca/index/sambutan_presiden_pada_groundbreaking_proyek_strategis_nasional_liquefied_natural_gas_lng_abadi_masela,Sehingga ini akan sangat membantu bangsa Indonesia melaksanakan pembangunan.,sehingga ini akan sangat membantu bangsa indonesia melaksanakan pembangunan,ini sangat membantu bangsa indonesia melaksanakan pembangunan,-12,negatif
Sambutan Presiden pada Groundbreaking Proyek Strategis Nasional Liquefied Natural Gas (LNG) Abadi Masela,https://www.setneg.go.id/baca/index/sambutan_presiden_pada_groundbreaking_proyek_strategis_nasional_liquefied_natural_gas_lng_abadi_masela,Kita harus melakukan hilirisasi dan hilirisasi ini membutuhkan energi.,kita harus melakukan hilirisasi dan hilirisasi ini membutuhkan energi,harus melakukan hilirisasi hilirisasi membutuhkan energi,-2,negatif
Sambutan Presiden pada Groundbreaking Proyek Strategis Nasional Liquefied Natural Gas (LNG) Abadi Masela,https://www.setneg.go.id/baca/index/sambutan_presiden_pada_groundbreaking_proyek_strategis_nasional_liquefied_natural_gas_lng_abadi_masela,"Energi kita sangat banyak, hanya ada dua [sampai] tiga tahun masa transisi.",energi kita sangat banyak hanya ada dua sampai tiga tahun masa transisi,energi sangat banyak ada sampai tiga tahun masa transisi,-12,negatif
Sambutan Presiden pada Groundbreaking Proyek Strategis Nasional Liquefied Natural Gas (LNG) Abadi Masela,https://www.setneg.go.id/baca/index/sambutan_presiden_pada_groundbreaking_proyek_strategis_nasional_liquefied_natural_gas_lng_abadi_masela,"Dan, kebetulan di tengah dunia yang penuh bahaya sekarang, Indonesia cukup punya ketahanan, kita sudah antisipasi, kita punya langkah-langkah yang untuk bisa membawa Indonesia dalam keadaan yang baik.",dan kebetulan di tengah dunia yang penuh bahaya sekarang indonesia cukup punya ketahanan kita sudah antisipasi kita punya langkah langkah yang untuk bisa membawa indonesia dalam keadaan yang baik,kebetulan tengah dunia penuh bahaya sekarang indonesia cukup punya ketahanan sudah antisipasi punya langkah langkah untuk membawa indonesia keadaan baik,0,netral
Sambutan Presiden pada Groundbreaking Proyek Strategis Nasional Liquefied Natural Gas (LNG) Abadi Masela,https://www.setneg.go.id/baca/index/sambutan_presiden_pada_groundbreaking_proyek_strategis_nasional_liquefied_natural_gas_lng_abadi_masela,"Sekali lagi, saya menghargai tekad Saudara-saudara, komitmen Saudara-saudara.",sekali lagi saya menghargai tekad saudara saudara komitmen saudara saudara,sekali saya menghargai tekad saudara saudara komitmen saudara saudara,-7,negatif
Sambutan Presiden pada Groundbreaking Proyek Strategis Nasional Liquefied Natural Gas (LNG) Abadi Masela,https://www.setneg.go.id/baca/index/sambutan_presiden_pada_groundbreaking_proyek_strategis_nasional_liquefied_natural_gas_lng_abadi_masela,"Menteri ESDM dengan semua unsur benar-benar sesuai dengan tekad kita, filosofi kita, bahwa ekonomi, pembangunan, transformasi, hilirisasi, industrialisasi harus secepatnya membawa kemakmuran untuk sebanyak-banyaknya rakyat Indonesia.",menteri esdm dengan semua unsur benar benar sesuai dengan tekad kita filosofi kita bahwa ekonomi pembangunan transformasi hilirisasi industrialisasi harus secepatnya membawa kemakmuran untuk sebanyak banyaknya rakyat indonesia,menteri esdm semua unsur benar benar sesuai tekad filosofi bahwa ekonomi pembangunan transformasi hilirisasi industrialisasi secepatnya membawa kemakmuran sebanyak banyaknya rakyat indonesia,-8,negatif
Sambutan Presiden pada Groundbreaking Proyek Strategis Nasional Liquefied Natural Gas (LNG) Abadi Masela,https://www.setneg.go.id/baca/index/sambutan_presiden_pada_groundbreaking_proyek_strategis_nasional_liquefied_natural_gas_lng_abadi_masela,"Ekonomi harus untuk rakyat, bukan rakyat untuk ekonomi.",ekonomi harus untuk rakyat bukan rakyat untuk ekonomi,ekonomi rakyat bukan rakyat untuk ekonomi,-3,negatif
Sambutan Presiden pada Groundbreaking Proyek Strategis Nasional Liquefied Natural Gas (LNG) Abadi Masela,https://www.setneg.go.id/baca/index/sambutan_presiden_pada_groundbreaking_proyek_strategis_nasional_liquefied_natural_gas_lng_abadi_masela,"Semua ini milik rakyat kita, tanggung jawabnya adalah menjamin bahwa rakyat merasakan, sehingga komitmen tadi mengutamakan putra daerah, membantu pengusaha-pengusaha lokal.",semua ini milik rakyat kita tanggung jawabnya adalah menjamin bahwa rakyat merasakan sehingga komitmen tadi mengutamakan putra daerah membantu pengusaha pengusaha lokal,semua milik rakyat tanggung jawabnya menjamin rakyat merasakan komitmen tadi mengutamakan putra daerah membantu pengusaha pengusaha lokal,-13,negatif
Sambutan Presiden pada Groundbreaking Proyek Strategis Nasional Liquefied Natural Gas (LNG) Abadi Masela,https://www.setneg.go.id/baca/index/sambutan_presiden_pada_groundbreaking_proyek_strategis_nasional_liquefied_natural_gas_lng_abadi_masela,"Kalau ada pengusaha lokal yang mungkin kurang kompetensinya, ya dibantu, ya ada keberpihakan, adaaffirmative action.",kalau ada pengusaha lokal yang mungkin kurang kompetensinya ya dibantu ya ada keberpihakan adaaffirmative action,kalau pengusaha lokal mungkin kurang kompetensinya dibantu ada keberpihakan adaaffirmative action,-6,negatif
Sambutan Presiden pada Groundbreaking Proyek Strategis Nasional Liquefied Natural Gas (LNG) Abadi Masela,https://www.setneg.go.id/baca/index/sambutan_presiden_pada_groundbreaking_proyek_strategis_nasional_liquefied_natural_gas_lng_abadi_masela,"Nanti dari perusahaan-perusahaan BUMN, dari Danantara, dari Pertamina mengerahkan bantuan-bantuan teknis.",nanti dari perusahaan perusahaan bumn dari danantara dari pertamina mengerahkan bantuan bantuan teknis,perusahaan perusahaan bumn danantara dari pertamina mengerahkan bantuan bantuan teknis,3,positif
Sambutan Presiden pada Groundbreaking Proyek Strategis Nasional Liquefied Natural Gas (LNG) Abadi Masela,https://www.setneg.go.id/baca/index/sambutan_presiden_pada_groundbreaking_proyek_strategis_nasional_liquefied_natural_gas_lng_abadi_masela,Kita ingin semua merasakan dampak dari program ini.,kita ingin semua merasakan dampak dari program ini,ingin semua merasakan dampak program,-6,negatif
Sambutan Presiden pada Groundbreaking Proyek Strategis Nasional Liquefied Natural Gas (LNG) Abadi Masela,https://www.setneg.go.id/baca/index/sambutan_presiden_pada_groundbreaking_proyek_strategis_nasional_liquefied_natural_gas_lng_abadi_masela,"Saya juga ingin menyampaikan terima kasih dan penghargaan khusus untuk CEO dari INPEX Masela, Saudara Takayuki Ueda.",saya juga ingin menyampaikan terima kasih dan penghargaan khusus untuk ceo dari inpex masela saudara takayuki ueda,juga menyampaikan terima kasih penghargaan khusus ceo inpex masela saudara takayuki ueda,8,positif
Sambutan Presiden pada Groundbreaking Proyek Strategis Nasional Liquefied Natural Gas (LNG) Abadi Masela,https://www.setneg.go.id/baca/index/sambutan_presiden_pada_groundbreaking_proyek_strategis_nasional_liquefied_natural_gas_lng_abadi_masela,"Saya terkesan bahwa Saudara bisa Bahasa Indonesia, terima kasih INPEX menunjuk orang seperti Takayuki Ueda ini.",saya terkesan bahwa saudara bisa bahasa indonesia terima kasih inpex menunjuk orang seperti takayuki ueda ini,terkesan saudara bahasa indonesia terima kasih inpex menunjuk orang takayuki ueda,-3,negatif
Sambutan Presiden pada Groundbreaking Proyek Strategis Nasional Liquefied Natural Gas (LNG) Abadi Masela,https://www.setneg.go.id/baca/index/sambutan_presiden_pada_groundbreaking_proyek_strategis_nasional_liquefied_natural_gas_lng_abadi_masela,Saya lihat tidak banyak CEO perusahaan asing yang mau belajar Bahasa Indonesia.,saya lihat tidak banyak ceo perusahaan asing yang mau belajar bahasa indonesia,lihat banyak ceo perusahaan asing mau belajar bahasa indonesia,1,positif
Sambutan Presiden pada Groundbreaking Proyek Strategis Nasional Liquefied Natural Gas (LNG) Abadi Masela,https://www.setneg.go.id/baca/index/sambutan_presiden_pada_groundbreaking_proyek_strategis_nasional_liquefied_natural_gas_lng_abadi_masela,"Terima kasih, Takayuki Ueda.",terima kasih takayuki ueda,terima kasih takayuki ueda,1,positif
Sambutan Presiden pada Groundbreaking Proyek Strategis Nasional Liquefied Natural Gas (LNG) Abadi Masela,https://www.setneg.go.id/baca/index/sambutan_presiden_pada_groundbreaking_proyek_strategis_nasional_liquefied_natural_gas_lng_abadi_masela,"Saya percaya dengan Anda memimpin proyek ini,insyaallahproyek ini akan berhasil membawa manfaat untuk kita semua.",saya percaya dengan anda memimpin proyek ini insyaallahproyek ini akan berhasil membawa manfaat untuk kita semua,percaya anda memimpin proyek insyaallahproyek akan berhasil membawa manfaat kita semua,6,positif
Sambutan Presiden pada Groundbreaking Proyek Strategis Nasional Liquefied Natural Gas (LNG) Abadi Masela,https://www.setneg.go.id/baca/index/sambutan_presiden_pada_groundbreaking_proyek_strategis_nasional_liquefied_natural_gas_lng_abadi_masela,"Saudara-saudara,Saya kira itu yang ingin saya sampaikan.",saudara saudara saya kira itu yang ingin saya sampaikan,saudara saudara kira yang saya sampaikan,-10,negatif
Sambutan Presiden pada Groundbreaking Proyek Strategis Nasional Liquefied Natural Gas (LNG) Abadi Masela,https://www.setneg.go.id/baca/index/sambutan_presiden_pada_groundbreaking_proyek_strategis_nasional_liquefied_natural_gas_lng_abadi_masela,"Saya yakin proyek ini nanti akan menjadi pendorong bagi kemajuan Indonesia, khususnya Indonesia Timur.",saya yakin proyek ini nanti akan menjadi pendorong bagi kemajuan indonesia khususnya indonesia timur,yakin proyek nanti menjadi pendorong kemajuan indonesia khususnya indonesia timur,1,positif
Sambutan Presiden pada Groundbreaking Proyek Strategis Nasional Liquefied Natural Gas (LNG) Abadi Masela,https://www.setneg.go.id/baca/index/sambutan_presiden_pada_groundbreaking_proyek_strategis_nasional_liquefied_natural_gas_lng_abadi_masela,Ini juga memperkuat kemandirian energi nasional Indonesia dan juga tonggak yang penting bagi kesejahteraan rakyat Indonesia.,ini juga memperkuat kemandirian energi nasional indonesia dan juga tonggak yang penting bagi kesejahteraan rakyat indonesia,juga memperkuat kemandirian energi nasional indonesia juga tonggak penting kesejahteraan rakyat indonesia,2,positif
Sambutan Presiden pada Groundbreaking Proyek Strategis Nasional Liquefied Natural Gas (LNG) Abadi Masela,https://www.setneg.go.id/baca/index/sambutan_presiden_pada_groundbreaking_proyek_strategis_nasional_liquefied_natural_gas_lng_abadi_masela,"Dan, dengan demikian, saya ucapkan sekali lagi terima kasih penghargaan kepada Saudara-saudara, kepada rakyat Tanimbar, rakyat Maluku.",dan dengan demikian saya ucapkan sekali lagi terima kasih penghargaan kepada saudara saudara kepada rakyat tanimbar rakyat maluku,dengan saya ucapkan sekali terima kasih penghargaan saudara saudara rakyat tanimbar rakyat maluku,1,positif
Sambutan Presiden pada Groundbreaking Proyek Strategis Nasional Liquefied Natural Gas (LNG) Abadi Masela,https://www.setneg.go.id/baca/index/sambutan_presiden_pada_groundbreaking_proyek_strategis_nasional_liquefied_natural_gas_lng_abadi_masela,"Saya minta maaf, saya belum hadir fisik.",saya minta maaf saya belum hadir fisik,minta maaf belum hadir fisik,-9,negatif
Sambutan Presiden pada Groundbreaking Proyek Strategis Nasional Liquefied Natural Gas (LNG) Abadi Masela,https://www.setneg.go.id/baca/index/sambutan_presiden_pada_groundbreaking_proyek_strategis_nasional_liquefied_natural_gas_lng_abadi_masela,"Tapi kalau Kepulauan Barat Daya, saya sudah dua kali ke Pulau Moa.",tapi kalau kepulauan barat daya saya sudah dua kali ke pulau moa,kalau kepulauan barat daya sudah kali pulau moa,-3,negatif
Sambutan Presiden pada Groundbreaking Proyek Strategis Nasional Liquefied Natural Gas (LNG) Abadi Masela,https://www.setneg.go.id/baca/index/sambutan_presiden_pada_groundbreaking_proyek_strategis_nasional_liquefied_natural_gas_lng_abadi_masela,"Dan, saya berharap Pulau Moa sekarang sudah lumayan titik air bersih untuk rakyat Moa.",dan saya berharap pulau moa sekarang sudah lumayan titik air bersih untuk rakyat moa,saya berharap pulau moa sekarang lumayan titik air bersih rakyat moa,-12,negatif
Sambutan Presiden pada Groundbreaking Proyek Strategis Nasional Liquefied Natural Gas (LNG) Abadi Masela,https://www.setneg.go.id/baca/index/sambutan_presiden_pada_groundbreaking_proyek_strategis_nasional_liquefied_natural_gas_lng_abadi_masela,"Saudara-saudara,Dengan demikian, dan dengan mengucapbismillahirrahmanirrahim,pada siang hari ini, Hari Kamis, 16 Juli 2026, dengan rahmat Tuhan Yang Mahabesar, saya Prabowo Subianto, Presiden Republik Indonesia, saya nyatakanGroundbreakingProyek Strategis Nasional Liquefied Natural Gas Abadi Masela secara resmi dinyatakan dimulai.",saudara saudara dengan demikian dan dengan mengucapbismillahirrahmanirrahim pada siang hari ini hari kamis juli dengan rahmat tuhan yang mahabesar saya prabowo subianto presiden republik indonesia saya nyatakangroundbreakingproyek strategis nasional liquefied natural gas abadi masela secara resmi dinyatakan dimulai,saudara saudara demikian mengucapbismillahirrahmanirrahim siang hari hari kamis juli dengan rahmat tuhan mahabesar prabowo subianto presiden republik indonesia nyatakangroundbreakingproyek strategis nasional liquefied natural gas abadi masela resmi dinyatakan dimulai,3,positif
Sambutan Presiden pada Groundbreaking Proyek Strategis Nasional Liquefied Natural Gas (LNG) Abadi Masela,https://www.setneg.go.id/baca/index/sambutan_presiden_pada_groundbreaking_proyek_strategis_nasional_liquefied_natural_gas_lng_abadi_masela,Terima kasih.,terima kasih,terima kasih,1,positif
Sambutan Presiden pada Groundbreaking Proyek Strategis Nasional Liquefied Natural Gas (LNG) Abadi Masela,https://www.setneg.go.id/baca/index/sambutan_presiden_pada_groundbreaking_proyek_strategis_nasional_liquefied_natural_gas_lng_abadi_masela,"Wassalamu’alaikum warahmatullahi wabarakatuh,Salam sejahtera bagi kita sekalian,Syalom,Salve,Om santi santi santi om,Namo Buddhaya,Salam kebajikan,Rahayu rahayu.",wassalamu alaikum warahmatullahi wabarakatuh salam sejahtera bagi kita sekalian syalom salve om santi santi santi om namo buddhaya salam kebajikan rahayu rahayu,wassalamu alaikum warahmatullahi wabarakatuh salam sejahtera kita sekalian syalom salve om santi santi santi om namo buddhaya salam kebajikan rahayu rahayu,2,positif
Sambutan Presiden pada Groundbreaking Proyek Strategis Nasional Liquefied Natural Gas (LNG) Abadi Masela,https://www.setneg.go.id/baca/index/sambutan_presiden_pada_groundbreaking_proyek_strategis_nasional_liquefied_natural_gas_lng_abadi_masela,Terima kasih.,terima kasih,terima kasih,1,positif
Sambutan Presiden pada Groundbreaking Proyek Strategis Nasional Liquefied Natural Gas (LNG) Abadi Masela,https://www.setneg.go.id/baca/index/sambutan_presiden_pada_groundbreaking_proyek_strategis_nasional_liquefied_natural_gas_lng_abadi_masela,"Kamis, 30 Juli 2026
Kamis, 30 Juli 2026
Rabu, 29 Juli 2026
Rabu, 22 Juli 2026
Senin, 20 Juli 2026",kamis juli kamis juli rabu juli rabu juli senin juli,kamis juli kamis juli rabu juli rabu juli senin juli,0,netral
Sambutan Presiden pada Peringatan Hari Koperasi Nasional Ke-79 Tahun 2026,https://www.setneg.go.id/baca/index/sambutan_presiden_pada_peringatan_hari_koperasi_nasional_ke_79_tahun_2026,"Di Indonesia Arena, Kompleks Gelora Bung Karno, Kota Administrasi Jakarta Pusat, Provinsi DKI Jakarta
Bismillahirrahmanirrahim.",di indonesia arena kompleks gelora bung karno kota administrasi jakarta pusat provinsi dki jakarta bismillahirrahmanirrahim,indonesia arena kompleks gelora bung karno kota administrasi jakarta pusat provinsi dki jakarta bismillahirrahmanirrahim,0,netral
Sambutan Presiden pada Peringatan Hari Koperasi Nasional Ke-79 Tahun 2026,https://www.setneg.go.id/baca/index/sambutan_presiden_pada_peringatan_hari_koperasi_nasional_ke_79_tahun_2026,"Assalamu’alaikum warahmatullahi wabarakatuh,Selamat siang,Salam sejahtera bagi kita sekalian,Syalom,Salve,Om swastiastu,Namo Buddhaya,Salam kebajikan.",assalamu alaikum warahmatullahi wabarakatuh selamat siang salam sejahtera bagi kita sekalian syalom salve om swastiastu namo buddhaya salam kebajikan,assalamu alaikum warahmatullahi wabarakatuh selamat siang salam sejahtera kita sekalian syalom salve om swastiastu namo buddhaya salam kebajikan,11,positif
Sambutan Presiden pada Peringatan Hari Koperasi Nasional Ke-79 Tahun 2026,https://www.setneg.go.id/baca/index/sambutan_presiden_pada_peringatan_hari_koperasi_nasional_ke_79_tahun_2026,"Yang saya hormati para pimpinan lembaga negara yang hadir, Ketua Majelis Permusyawaratan Rakyat Republik Indonesia (MPR RI) Saudara KH.",yang saya hormati para pimpinan lembaga negara yang hadir ketua majelis permusyawaratan rakyat republik indonesia mpr ri saudara kh,saya hormati pimpinan lembaga negara hadir ketua majelis permusyawaratan rakyat republik indonesia mpr ri saudara kh,-9,negatif
Sambutan Presiden pada Peringatan Hari Koperasi Nasional Ke-79 Tahun 2026,https://www.setneg.go.id/baca/index/sambutan_presiden_pada_peringatan_hari_koperasi_nasional_ke_79_tahun_2026,"Ahmad Muzani, Ketua Dewan Perwakilan Daerah Republik Indonesia (DPD RI) Saudara Sultan Bachtiar Najamudin, Menteri Koperasi sebagai penyelenggara Saudara Ferry Juliantono, Ketua Umum Dewan Koperasi Indonesia (Dekopin) sekaligus Wakil Ketua Komisi XVII DPR RI Saudara Bambang Haryadi, Ketua Dewan Penasihat Dekopin yang sekaligus adalah Kepala Staf Angkatan Darat (KSAD) Jenderal TNI Maruli Simanjuntak, Menko Politik dan Keamanan Jenderal TNI (Purn.) Djamari Chaniago, Menko Pemberdayaan Masyarakat Saudara Abdul Muhaimin Iskandar;Para Menteri, Kepala Badan, Jaksa Agung, Kepala BIN, Panglima TNI, Kapolri, para Wakil Menteri, serta seluruh anggota Kabinet Merah Putih yang hadir yang tidak bisa saya sebut namanya satu per satu tanpa mengurangi rasa hormat.Atau perlu saya sebut satu per satu?",ahmad muzani ketua dewan perwakilan daerah republik indonesia dpd ri saudara sultan bachtiar najamudin menteri koperasi sebagai penyelenggara saudara ferry juliantono ketua umum dewan koperasi indonesia dekopin sekaligus wakil ketua komisi xvii dpr ri saudara bambang haryadi ketua dewan penasihat dekopin yang sekaligus adalah kepala staf angkatan darat ksad jenderal tni maruli simanjuntak menko politik dan keamanan jenderal tni purn djamari chaniago menko pemberdayaan masyarakat saudara abdul muhaimin iskandar para menteri kepala badan jaksa agung kepala bin panglima tni kapolri para wakil menteri serta seluruh anggota kabinet merah putih yang hadir yang tidak bisa saya sebut namanya satu per satu tanpa mengurangi rasa hormat atau perlu saya sebut satu per satu,ahmad muzani ketua dewan perwakilan daerah republik indonesia dpd ri saudara sultan bachtiar najamudin menteri koperasi penyelenggara saudara ferry juliantono ketua umum dewan koperasi indonesia dekopin sekaligus wakil ketua komisi xvii dpr ri saudara bambang haryadi ketua dewan penasihat dekopin sekaligus kepala staf angkatan darat ksad jenderal tni maruli simanjuntak menko politik keamanan jenderal tni purn djamari chaniago menko pemberdayaan masyarakat saudara abdul muhaimin iskandar menteri kepala badan jaksa agung kepala bin panglima tni kapolri wakil menteri seluruh anggota kabinet merah putih hadir tidak sebut namanya satu per satu mengurangi rasa hormat perlu saya sebut satu per satu,-42,negatif
Sambutan Presiden pada Peringatan Hari Koperasi Nasional Ke-79 Tahun 2026,https://www.setneg.go.id/baca/index/sambutan_presiden_pada_peringatan_hari_koperasi_nasional_ke_79_tahun_2026,Sebut enggak?,sebut enggak,sebut enggak,0,netral
Sambutan Presiden pada Peringatan Hari Koperasi Nasional Ke-79 Tahun 2026,https://www.setneg.go.id/baca/index/sambutan_presiden_pada_peringatan_hari_koperasi_nasional_ke_79_tahun_2026,Kenapa?,kenapa,,0,netral
Sambutan Presiden pada Peringatan Hari Koperasi Nasional Ke-79 Tahun 2026,https://www.setneg.go.id/baca/index/sambutan_presiden_pada_peringatan_hari_koperasi_nasional_ke_79_tahun_2026,"Ini, kabinet saya ini orang-orang hebat, putra-putri terbaik di Indonesia, putra-putri terbaik Indonesia.",ini kabinet saya ini orang orang hebat putra putri terbaik di indonesia putra putri terbaik indonesia,kabinet ini orang orang hebat putra putri terbaik indonesia putra putri terbaik indonesia,7,positif
Sambutan Presiden pada Peringatan Hari Koperasi Nasional Ke-79 Tahun 2026,https://www.setneg.go.id/baca/index/sambutan_presiden_pada_peringatan_hari_koperasi_nasional_ke_79_tahun_2026,"Saya di sini berdiri di depan Saudara-saudara sekalian, kalau tidak ada mereka, saya tidak bisa berdiri di sini sekarang.",saya di sini berdiri di depan saudara saudara sekalian kalau tidak ada mereka saya tidak bisa berdiri di sini sekarang,sini berdiri depan saudara saudara sekalian kalau ada saya bisa berdiri di sini sekarang,-7,negatif
Sambutan Presiden pada Peringatan Hari Koperasi Nasional Ke-79 Tahun 2026,https://www.setneg.go.id/baca/index/sambutan_presiden_pada_peringatan_hari_koperasi_nasional_ke_79_tahun_2026,"Jadi semua kegiatan manusia adalah kegiatan kerja sama.Arti koperasi adalah kerja sama, adalah gotong royong,to cooperate, kooperatif, kerja sama.",jadi semua kegiatan manusia adalah kegiatan kerja sama arti koperasi adalah kerja sama adalah gotong royong to cooperate kooperatif kerja sama,jadi semua kegiatan manusia kegiatan kerja sama arti koperasi kerja sama gotong royong to cooperate kooperatif kerja sama,20,positif
Sambutan Presiden pada Peringatan Hari Koperasi Nasional Ke-79 Tahun 2026,https://www.setneg.go.id/baca/index/sambutan_presiden_pada_peringatan_hari_koperasi_nasional_ke_79_tahun_2026,"Saudara-saudara, tapi oke, karena saya patuh sama rakyat.",saudara saudara tapi oke karena saya patuh sama rakyat,saudara saudara oke saya patuh sama rakyat,6,positif
Sambutan Presiden pada Peringatan Hari Koperasi Nasional Ke-79 Tahun 2026,https://www.setneg.go.id/baca/index/sambutan_presiden_pada_peringatan_hari_koperasi_nasional_ke_79_tahun_2026,"Hanya 38 nama, kok, enggak apa-apa.",hanya nama kok enggak apa apa,nama kok enggak apa apa,-6,negatif
Sambutan Presiden pada Peringatan Hari Koperasi Nasional Ke-79 Tahun 2026,https://www.setneg.go.id/baca/index/sambutan_presiden_pada_peringatan_hari_koperasi_nasional_ke_79_tahun_2026,"Ya sudah nanti, deh;Perwakilan keluarga dari Bapak Koperasi Indonesia Keluarga Muhammad Hatta, hadir di sini cucu Bung Hatta, Saudara Mohammad Athar dan Saudara Rico Frantino.",ya sudah nanti deh perwakilan keluarga dari bapak koperasi indonesia keluarga muhammad hatta hadir di sini cucu bung hatta saudara mohammad athar dan saudara rico frantino,sudah deh perwakilan keluarga bapak koperasi indonesia keluarga muhammad hatta hadir sini cucu bung hatta saudara mohammad athar saudara rico frantino,-11,negatif
Sambutan Presiden pada Peringatan Hari Koperasi Nasional Ke-79 Tahun 2026,https://www.setneg.go.id/baca/index/sambutan_presiden_pada_peringatan_hari_koperasi_nasional_ke_79_tahun_2026,Terima kasih kehadiran Saudara-saudara.,terima kasih kehadiran saudara saudara,terima kasih kehadiran saudara saudara,4,positif
Sambutan Presiden pada Peringatan Hari Koperasi Nasional Ke-79 Tahun 2026,https://www.setneg.go.id/baca/index/sambutan_presiden_pada_peringatan_hari_koperasi_nasional_ke_79_tahun_2026,"Saudara-saudara sekalian,Sebagai insan yang bertakwa, marilah kita tidak henti-hentinya memanjatkan puji syukur ke hadirat Allah swt.,Tuhan Mahabesar, Tuhan Mahakuasa, yang memiliki sekalian alam.",saudara saudara sekalian sebagai insan yang bertakwa marilah kita tidak henti hentinya memanjatkan puji syukur ke hadirat allah swt tuhan mahabesar tuhan mahakuasa yang memiliki sekalian alam,saudara saudara sekalian insan bertakwa marilah tidak henti hentinya memanjatkan puji syukur hadirat allah swt tuhan mahabesar tuhan mahakuasa memiliki sekalian alam,13,positif
Sambutan Presiden pada Peringatan Hari Koperasi Nasional Ke-79 Tahun 2026,https://www.setneg.go.id/baca/index/sambutan_presiden_pada_peringatan_hari_koperasi_nasional_ke_79_tahun_2026,Hanya kepada-Nya lah kita berdoa dan hanya kepada-Nya lah kita meminta pertolongan.,hanya kepada nya lah kita berdoa dan hanya kepada nya lah kita meminta pertolongan,nya lah berdoa hanya kepada nya lah meminta pertolongan,-1,negatif
Sambutan Presiden pada Peringatan Hari Koperasi Nasional Ke-79 Tahun 2026,https://www.setneg.go.id/baca/index/sambutan_presiden_pada_peringatan_hari_koperasi_nasional_ke_79_tahun_2026,"Kita bersyukur atas segala karunia, atas segala berkah, dan kebaikan yang diberikan kepada kita dan kepada bangsa kita.",kita bersyukur atas segala karunia atas segala berkah dan kebaikan yang diberikan kepada kita dan kepada bangsa kita,bersyukur atas segala karunia atas segala berkah kebaikan diberikan kepada bangsa kita,9,positif
Sambutan Presiden pada Peringatan Hari Koperasi Nasional Ke-79 Tahun 2026,https://www.setneg.go.id/baca/index/sambutan_presiden_pada_peringatan_hari_koperasi_nasional_ke_79_tahun_2026,"Atas kedamaian yang masih kita bisa rasakan di tengah dunia yang penuh perang, pertikaian, dan konflik, atas napas, dan kesehatan yang masih diberikan kepada kita, sehingga hari ini kita berkumpul di Senayan ini pada acara Puncak Peringatan Hari Koperasi ke-79, Saudara-saudara sekalian, tahun 2026.",atas kedamaian yang masih kita bisa rasakan di tengah dunia yang penuh perang pertikaian dan konflik atas napas dan kesehatan yang masih diberikan kepada kita sehingga hari ini kita berkumpul di senayan ini pada acara puncak peringatan hari koperasi ke saudara saudara sekalian tahun,atas kedamaian masih bisa rasakan tengah dunia penuh perang pertikaian konflik atas napas kesehatan masih diberikan kita hari kita berkumpul senayan pada acara puncak peringatan hari koperasi saudara saudara sekalian tahun,-17,negatif
Sambutan Presiden pada Peringatan Hari Koperasi Nasional Ke-79 Tahun 2026,https://www.setneg.go.id/baca/index/sambutan_presiden_pada_peringatan_hari_koperasi_nasional_ke_79_tahun_2026,Selamat memperingati Hari Koperasi ke-79 kepada seluruh insan koperasi Indonesia di mana pun engkau berada.,selamat memperingati hari koperasi ke kepada seluruh insan koperasi indonesia di mana pun engkau berada,selamat memperingati hari koperasi kepada seluruh insan koperasi indonesia mana engkau berada,5,positif
Sambutan Presiden pada Peringatan Hari Koperasi Nasional Ke-79 Tahun 2026,https://www.setneg.go.id/baca/index/sambutan_presiden_pada_peringatan_hari_koperasi_nasional_ke_79_tahun_2026,Hari ini adalah hari yang membahagiakan saya.,hari ini adalah hari yang membahagiakan saya,hari adalah hari membahagiakan,4,positif
Sambutan Presiden pada Peringatan Hari Koperasi Nasional Ke-79 Tahun 2026,https://www.setneg.go.id/baca/index/sambutan_presiden_pada_peringatan_hari_koperasi_nasional_ke_79_tahun_2026,Saya lihat wajah-wajah tokoh koperasi yang sudah lama berjuang.,saya lihat wajah wajah tokoh koperasi yang sudah lama berjuang,lihat wajah wajah tokoh koperasi sudah lama berjuang,-3,negatif
Sambutan Presiden pada Peringatan Hari Koperasi Nasional Ke-79 Tahun 2026,https://www.setneg.go.id/baca/index/sambutan_presiden_pada_peringatan_hari_koperasi_nasional_ke_79_tahun_2026,"Saya berjuang bersama Saudara-saudara di beberapa koperasi induk koperasi unit desa (KUD) cukup lama, yang terakhir saya sebagai Ketua Dewan Pembina, saya juga memimpin beberapa koperasi di masa 30 tahun yang terakhir ini.",saya berjuang bersama saudara saudara di beberapa koperasi induk koperasi unit desa kud cukup lama yang terakhir saya sebagai ketua dewan pembina saya juga memimpin beberapa koperasi di masa tahun yang terakhir ini,berjuang bersama saudara saudara beberapa koperasi induk koperasi unit desa kud cukup lama terakhir sebagai ketua dewan pembina juga memimpin beberapa koperasi masa tahun terakhir,-16,negatif
Sambutan Presiden pada Peringatan Hari Koperasi Nasional Ke-79 Tahun 2026,https://www.setneg.go.id/baca/index/sambutan_presiden_pada_peringatan_hari_koperasi_nasional_ke_79_tahun_2026,Kita melihat ekonomi Indonesia dikuasai oleh paham ekonomi neoliberal yang sesungguhnya adalah bertentangan dengan Undang-Undang Dasar 1945.,kita melihat ekonomi indonesia dikuasai oleh paham ekonomi neoliberal yang sesungguhnya adalah bertentangan dengan undang undang dasar,melihat ekonomi indonesia dikuasai paham ekonomi neoliberal sesungguhnya bertentangan undang undang dasar,7,positif
Sambutan Presiden pada Peringatan Hari Koperasi Nasional Ke-79 Tahun 2026,https://www.setneg.go.id/baca/index/sambutan_presiden_pada_peringatan_hari_koperasi_nasional_ke_79_tahun_2026,"Cukup lama kita berjuang untuk mengembalikan arah pembangunan ekonomi ke arah yang dirancang oleh pendiri-pendiri bangsa kita, yaitu ekonomi kekeluargaan, ekonomi kerakyatan, ekonomi di mana semua unsur harus berperan dan harus diberi kesempatan.",cukup lama kita berjuang untuk mengembalikan arah pembangunan ekonomi ke arah yang dirancang oleh pendiri pendiri bangsa kita yaitu ekonomi kekeluargaan ekonomi kerakyatan ekonomi di mana semua unsur harus berperan dan harus diberi kesempatan,cukup lama berjuang mengembalikan arah pembangunan ekonomi arah dirancang pendiri pendiri bangsa yaitu ekonomi kekeluargaan ekonomi kerakyatan ekonomi mana semua unsur berperan harus diberi kesempatan,-21,negatif
Sambutan Presiden pada Peringatan Hari Koperasi Nasional Ke-79 Tahun 2026,https://www.setneg.go.id/baca/index/sambutan_presiden_pada_peringatan_hari_koperasi_nasional_ke_79_tahun_2026,"Saudara-saudara,Kita tidak mencari kesalahan masa lalu.",saudara saudara kita tidak mencari kesalahan masa lalu,saudara saudara tidak mencari kesalahan masa lalu,-10,negatif
Sambutan Presiden pada Peringatan Hari Koperasi Nasional Ke-79 Tahun 2026,https://www.setneg.go.id/baca/index/sambutan_presiden_pada_peringatan_hari_koperasi_nasional_ke_79_tahun_2026,"Kita akui itu kesalahan kita bersama, kesalahan para elite.",kita akui itu kesalahan kita bersama kesalahan para elite,akui kesalahan bersama kesalahan elite,-2,negatif
Sambutan Presiden pada Peringatan Hari Koperasi Nasional Ke-79 Tahun 2026,https://www.setneg.go.id/baca/index/sambutan_presiden_pada_peringatan_hari_koperasi_nasional_ke_79_tahun_2026,"Waktu itu mungkin kita terkesima oleh keunggulan Barat, keunggulan Barat, seolah-seolah Barat adalah peradaban yang sangat unggul, sangat kuat, dan bisa membawa kesejahteraan kepada rakyat dalam waktu yang singkat.",waktu itu mungkin kita terkesima oleh keunggulan barat keunggulan barat seolah seolah barat adalah peradaban yang sangat unggul sangat kuat dan bisa membawa kesejahteraan kepada rakyat dalam waktu yang singkat,waktu mungkin terkesima keunggulan barat keunggulan barat seolah barat peradaban sangat unggul sangat kuat bisa membawa kesejahteraan rakyat waktu singkat,-18,negatif
Sambutan Presiden pada Peringatan Hari Koperasi Nasional Ke-79 Tahun 2026,https://www.setneg.go.id/baca/index/sambutan_presiden_pada_peringatan_hari_koperasi_nasional_ke_79_tahun_2026,Ternyata setelah tiga dasawarsa kita melihat tidak benar.,ternyata setelah tiga dasawarsa kita melihat tidak benar,ternyata tiga dasawarsa melihat benar,-1,negatif
Sambutan Presiden pada Peringatan Hari Koperasi Nasional Ke-79 Tahun 2026,https://www.setneg.go.id/baca/index/sambutan_presiden_pada_peringatan_hari_koperasi_nasional_ke_79_tahun_2026,"Saya termasuk mungkin salah satu yang dari awal sudah memperingatkan bahwa paham kapitalisme neoliberal tidak akan berhasil, dan tidak akan membawa kesejahteraan, dan tidak mungkin membawa kesejahteraan kepada rakyat banyak.",saya termasuk mungkin salah satu yang dari awal sudah memperingatkan bahwa paham kapitalisme neoliberal tidak akan berhasil dan tidak akan membawa kesejahteraan dan tidak mungkin membawa kesejahteraan kepada rakyat banyak,termasuk mungkin salah satu dari awal memperingatkan paham kapitalisme neoliberal berhasil tidak akan membawa kesejahteraan tidak mungkin membawa kesejahteraan rakyat banyak,-25,negatif
Sambutan Presiden pada Peringatan Hari Koperasi Nasional Ke-79 Tahun 2026,https://www.setneg.go.id/baca/index/sambutan_presiden_pada_peringatan_hari_koperasi_nasional_ke_79_tahun_2026,"Dan, Saudara-saudara, sesungguhnya, Saudara-saudara, karena saya ini merasa di kalangan keluarga sendiri.",dan saudara saudara sesungguhnya saudara saudara karena saya ini merasa di kalangan keluarga sendiri,saudara saudara sesungguhnya saudara saudara saya merasa kalangan keluarga sendiri,-7,negatif
Sambutan Presiden pada Peringatan Hari Koperasi Nasional Ke-79 Tahun 2026,https://www.setneg.go.id/baca/index/sambutan_presiden_pada_peringatan_hari_koperasi_nasional_ke_79_tahun_2026,Koperasi itu memang saya merasa adalah keluarga saya.,koperasi itu memang saya merasa adalah keluarga saya,koperasi memang merasa keluarga,-7,negatif
Sambutan Presiden pada Peringatan Hari Koperasi Nasional Ke-79 Tahun 2026,https://www.setneg.go.id/baca/index/sambutan_presiden_pada_peringatan_hari_koperasi_nasional_ke_79_tahun_2026,"Walaupun saya kalah presiden berapa kali, saya merasa gerakan koperasi selalu berada bersama saya, begitu.",walaupun saya kalah presiden berapa kali saya merasa gerakan koperasi selalu berada bersama saya begitu,walaupun kalah presiden berapa kali merasa gerakan koperasi selalu berada bersama begitu,8,positif
Sambutan Presiden pada Peringatan Hari Koperasi Nasional Ke-79 Tahun 2026,https://www.setneg.go.id/baca/index/sambutan_presiden_pada_peringatan_hari_koperasi_nasional_ke_79_tahun_2026,Kita belum berhasil tapi kita terus berjuang untuk rakyat Indonesia.,kita belum berhasil tapi kita terus berjuang untuk rakyat indonesia,belum berhasil kita terus berjuang rakyat indonesia,3,positif
Sambutan Presiden pada Peringatan Hari Koperasi Nasional Ke-79 Tahun 2026,https://www.setneg.go.id/baca/index/sambutan_presiden_pada_peringatan_hari_koperasi_nasional_ke_79_tahun_2026,Dan akhirnya lah saya menerima mandat dari rakyat Indonesia.,dan akhirnya lah saya menerima mandat dari rakyat indonesia,akhirnya lah menerima mandat rakyat indonesia,3,positif
Sambutan Presiden pada Peringatan Hari Koperasi Nasional Ke-79 Tahun 2026,https://www.setneg.go.id/baca/index/sambutan_presiden_pada_peringatan_hari_koperasi_nasional_ke_79_tahun_2026,"Dan, mandat itu akan saya jalankan sekuat tenaga saya untuk, saya akan berjuang dengan sekuat tenaga saya untuk sebesar-besarnya kemakmuran rakyat Indonesia.",dan mandat itu akan saya jalankan sekuat tenaga saya untuk saya akan berjuang dengan sekuat tenaga saya untuk sebesar besarnya kemakmuran rakyat indonesia,mandat akan jalankan sekuat tenaga untuk akan berjuang sekuat tenaga untuk sebesar besarnya kemakmuran rakyat indonesia,3,positif
Sambutan Presiden pada Peringatan Hari Koperasi Nasional Ke-79 Tahun 2026,https://www.setneg.go.id/baca/index/sambutan_presiden_pada_peringatan_hari_koperasi_nasional_ke_79_tahun_2026,"Saudara-saudara,Kita memahami bahwa negara kita sangat kaya.",saudara saudara kita memahami bahwa negara kita sangat kaya,saudara saudara memahami negara sangat kaya,-4,negatif
Sambutan Presiden pada Peringatan Hari Koperasi Nasional Ke-79 Tahun 2026,https://www.setneg.go.id/baca/index/sambutan_presiden_pada_peringatan_hari_koperasi_nasional_ke_79_tahun_2026,"Sesudah saya dilantik dalam minggu-minggu pertama saya jadi presiden, saya sadar betapa kayanya bangsa Indonesia.",sesudah saya dilantik dalam minggu minggu pertama saya jadi presiden saya sadar betapa kayanya bangsa indonesia,dilantik minggu minggu pertama jadi presiden saya sadar betapa kayanya bangsa indonesia,-1,negatif
Sambutan Presiden pada Peringatan Hari Koperasi Nasional Ke-79 Tahun 2026,https://www.setneg.go.id/baca/index/sambutan_presiden_pada_peringatan_hari_koperasi_nasional_ke_79_tahun_2026,Tetapi saya juga sedih.,tetapi saya juga sedih,saya sedih,-8,negatif
Sambutan Presiden pada Peringatan Hari Koperasi Nasional Ke-79 Tahun 2026,https://www.setneg.go.id/baca/index/sambutan_presiden_pada_peringatan_hari_koperasi_nasional_ke_79_tahun_2026,"Saya juga merasa di, dihantam di ulu hati saya melihat betapa besar kekayaan Indonesia dicuri, betapa besar kekayaan kita dibawa ke luar negeri.",saya juga merasa di dihantam di ulu hati saya melihat betapa besar kekayaan indonesia dicuri betapa besar kekayaan kita dibawa ke luar negeri,juga merasa dihantam ulu hati melihat betapa besar kekayaan indonesia dicuri betapa besar kekayaan dibawa luar negeri,7,positif
Sambutan Presiden pada Peringatan Hari Koperasi Nasional Ke-79 Tahun 2026,https://www.setneg.go.id/baca/index/sambutan_presiden_pada_peringatan_hari_koperasi_nasional_ke_79_tahun_2026,"Dan, karena itu, saya bertekad memimpin pemerintahan dibantu oleh kabinet saya, saya bertekad untuk bekerja dengan keras, bekerja dengan gagasan pikiran yang besar, bukan yang kecil-kecil-kecil.",dan karena itu saya bertekad memimpin pemerintahan dibantu oleh kabinet saya saya bertekad untuk bekerja dengan keras bekerja dengan gagasan pikiran yang besar bukan yang kecil kecil kecil,karena bertekad memimpin pemerintahan dibantu kabinet saya saya bertekad bekerja keras bekerja gagasan pikiran besar bukan kecil kecil kecil,-24,negatif
Sambutan Presiden pada Peringatan Hari Koperasi Nasional Ke-79 Tahun 2026,https://www.setneg.go.id/baca/index/sambutan_presiden_pada_peringatan_hari_koperasi_nasional_ke_79_tahun_2026,Kita negara besar.,kita negara besar,negara besar,-2,negatif
Sambutan Presiden pada Peringatan Hari Koperasi Nasional Ke-79 Tahun 2026,https://www.setneg.go.id/baca/index/sambutan_presiden_pada_peringatan_hari_koperasi_nasional_ke_79_tahun_2026,"Kesulitan, hambatan, tantangan kita besar.",kesulitan hambatan tantangan kita besar,kesulitan hambatan tantangan besar,-7,negatif
Sambutan Presiden pada Peringatan Hari Koperasi Nasional Ke-79 Tahun 2026,https://www.setneg.go.id/baca/index/sambutan_presiden_pada_peringatan_hari_koperasi_nasional_ke_79_tahun_2026,Kita baru sadar begitu banyak negara yang iri sama kita.,kita baru sadar begitu banyak negara yang iri sama kita,baru sadar banyak negara iri sama,-6,negatif
Sambutan Presiden pada Peringatan Hari Koperasi Nasional Ke-79 Tahun 2026,https://www.setneg.go.id/baca/index/sambutan_presiden_pada_peringatan_hari_koperasi_nasional_ke_79_tahun_2026,Bangsa kita bangsa yang terlalu baik hatinya.,bangsa kita bangsa yang terlalu baik hatinya,bangsa bangsa terlalu baik hatinya,-4,negatif
Sambutan Presiden pada Peringatan Hari Koperasi Nasional Ke-79 Tahun 2026,https://www.setneg.go.id/baca/index/sambutan_presiden_pada_peringatan_hari_koperasi_nasional_ke_79_tahun_2026,"Kita ini lugu, benar?",kita ini lugu benar,ini lugu benar,-6,negatif
Sambutan Presiden pada Peringatan Hari Koperasi Nasional Ke-79 Tahun 2026,https://www.setneg.go.id/baca/index/sambutan_presiden_pada_peringatan_hari_koperasi_nasional_ke_79_tahun_2026,Itu sifat bangsa kita.,itu sifat bangsa kita,sifat bangsa,0,netral
Sambutan Presiden pada Peringatan Hari Koperasi Nasional Ke-79 Tahun 2026,https://www.setneg.go.id/baca/index/sambutan_presiden_pada_peringatan_hari_koperasi_nasional_ke_79_tahun_2026,"Kalau ada tamu datang ke rumah kita, walaupun kita tidak punya minuman, tidak punya kopi, tidak punya gula, kita persilakan.",kalau ada tamu datang ke rumah kita walaupun kita tidak punya minuman tidak punya kopi tidak punya gula kita persilakan,kalau tamu datang rumah walaupun punya minuman punya kopi tidak punya gula persilakan,2,positif
Sambutan Presiden pada Peringatan Hari Koperasi Nasional Ke-79 Tahun 2026,https://www.setneg.go.id/baca/index/sambutan_presiden_pada_peringatan_hari_koperasi_nasional_ke_79_tahun_2026,"Kalau perlu kita ke tetangga, kita pinjam gula dan kopi, benar?",kalau perlu kita ke tetangga kita pinjam gula dan kopi benar,kalau perlu ke tetangga pinjam gula kopi benar,-3,negatif
Sambutan Presiden pada Peringatan Hari Koperasi Nasional Ke-79 Tahun 2026,https://www.setneg.go.id/baca/index/sambutan_presiden_pada_peringatan_hari_koperasi_nasional_ke_79_tahun_2026,Benar?,benar,benar,-4,negatif
Sambutan Presiden pada Peringatan Hari Koperasi Nasional Ke-79 Tahun 2026,https://www.setneg.go.id/baca/index/sambutan_presiden_pada_peringatan_hari_koperasi_nasional_ke_79_tahun_2026,Ini sifat kita.,ini sifat kita,sifat,0,netral
Sambutan Presiden pada Peringatan Hari Koperasi Nasional Ke-79 Tahun 2026,https://www.setneg.go.id/baca/index/sambutan_presiden_pada_peringatan_hari_koperasi_nasional_ke_79_tahun_2026,"Kita suka dengan tamu, kita hormati tamu, hanya kadang-kadang ada tamu yang enggak tahu diri.",kita suka dengan tamu kita hormati tamu hanya kadang kadang ada tamu yang enggak tahu diri,suka tamu hormati tamu kadang kadang tamu enggak tahu diri,0,netral
Sambutan Presiden pada Peringatan Hari Koperasi Nasional Ke-79 Tahun 2026,https://www.setneg.go.id/baca/index/sambutan_presiden_pada_peringatan_hari_koperasi_nasional_ke_79_tahun_2026,"Sudah enggak diundang, ya, datang ke sini katanya mau dagang, lama-lamangerampok.",sudah enggak diundang ya datang ke sini katanya mau dagang lama lamangerampok,enggak diundang datang sini katanya mau dagang lama lamangerampok,-10,negatif
Sambutan Presiden pada Peringatan Hari Koperasi Nasional Ke-79 Tahun 2026,https://www.setneg.go.id/baca/index/sambutan_presiden_pada_peringatan_hari_koperasi_nasional_ke_79_tahun_2026,"Saudara-saudara,Koperasi adalah alatnya orang lemah, alatnya orang miskin.",saudara saudara koperasi adalah alatnya orang lemah alatnya orang miskin,saudara saudara koperasi alatnya orang lemah alatnya orang miskin,-9,negatif
Sambutan Presiden pada Peringatan Hari Koperasi Nasional Ke-79 Tahun 2026,https://www.setneg.go.id/baca/index/sambutan_presiden_pada_peringatan_hari_koperasi_nasional_ke_79_tahun_2026,"Tapi, tapi seperti sapu lidi, satu lidi, satu lidi, satu lidi, satu lidi, satu lidi, lemah.",tapi tapi seperti sapu lidi satu lidi satu lidi satu lidi satu lidi satu lidi lemah,tapi sapu lidi satu lidi satu lidi satu lidi satu lidi satu lidi lemah,-12,negatif
Sambutan Presiden pada Peringatan Hari Koperasi Nasional Ke-79 Tahun 2026,https://www.setneg.go.id/baca/index/sambutan_presiden_pada_peringatan_hari_koperasi_nasional_ke_79_tahun_2026,"Tapi bergabung itu kekuatan, Saudara-saudara sekalian.",tapi bergabung itu kekuatan saudara saudara sekalian,bergabung kekuatan saudara saudara sekalian,-1,negatif
Sambutan Presiden pada Peringatan Hari Koperasi Nasional Ke-79 Tahun 2026,https://www.setneg.go.id/baca/index/sambutan_presiden_pada_peringatan_hari_koperasi_nasional_ke_79_tahun_2026,"Jangan khawatir, Gerakan Koperasi Indonesia akan bangkit menjadi kekuatan ekonomi Indonesia.",jangan khawatir gerakan koperasi indonesia akan bangkit menjadi kekuatan ekonomi indonesia,jangan khawatir gerakan koperasi indonesia bangkit menjadi kekuatan ekonomi indonesia,-5,negatif
Sambutan Presiden pada Peringatan Hari Koperasi Nasional Ke-79 Tahun 2026,https://www.setneg.go.id/baca/index/sambutan_presiden_pada_peringatan_hari_koperasi_nasional_ke_79_tahun_2026,Kekuatan ekonomi yang tidak akan bawa uang lari dari Indonesia.,kekuatan ekonomi yang tidak akan bawa uang lari dari indonesia,kekuatan ekonomi tidak bawa uang lari indonesia,-7,negatif
Sambutan Presiden pada Peringatan Hari Koperasi Nasional Ke-79 Tahun 2026,https://www.setneg.go.id/baca/index/sambutan_presiden_pada_peringatan_hari_koperasi_nasional_ke_79_tahun_2026,Benar?,benar,benar,-4,negatif
Sambutan Presiden pada Peringatan Hari Koperasi Nasional Ke-79 Tahun 2026,https://www.setneg.go.id/baca/index/sambutan_presiden_pada_peringatan_hari_koperasi_nasional_ke_79_tahun_2026,Saya ingin lihat tampang-tampang koperasi ini.,saya ingin lihat tampang tampang koperasi ini,ingin lihat tampang tampang koperasi,3,positif
Sambutan Presiden pada Peringatan Hari Koperasi Nasional Ke-79 Tahun 2026,https://www.setneg.go.id/baca/index/sambutan_presiden_pada_peringatan_hari_koperasi_nasional_ke_79_tahun_2026,"Muka-muka kalian bukan muka orang yang bawa lari uang ke luar negeri, betul?",muka muka kalian bukan muka orang yang bawa lari uang ke luar negeri betul,muka muka kalian bukan muka orang bawa lari uang luar negeri betul,-12,negatif
Sambutan Presiden pada Peringatan Hari Koperasi Nasional Ke-79 Tahun 2026,https://www.setneg.go.id/baca/index/sambutan_presiden_pada_peringatan_hari_koperasi_nasional_ke_79_tahun_2026,"Tapi, enggak ada masalah.",tapi enggak ada masalah,enggak masalah,-4,negatif
Sambutan Presiden pada Peringatan Hari Koperasi Nasional Ke-79 Tahun 2026,https://www.setneg.go.id/baca/index/sambutan_presiden_pada_peringatan_hari_koperasi_nasional_ke_79_tahun_2026,"Saya dapat laporan sekarang sudah banyak petani yang libur ke luar negeri, enggak apa-apa libur boleh.",saya dapat laporan sekarang sudah banyak petani yang libur ke luar negeri enggak apa apa libur boleh,dapat laporan sekarang banyak petani libur luar negeri enggak apa apa libur,-10,negatif
Sambutan Presiden pada Peringatan Hari Koperasi Nasional Ke-79 Tahun 2026,https://www.setneg.go.id/baca/index/sambutan_presiden_pada_peringatan_hari_koperasi_nasional_ke_79_tahun_2026,Kapan lagi petani libur ke luar negeri?,kapan lagi petani libur ke luar negeri,kapan petani libur luar negeri,3,positif
Sambutan Presiden pada Peringatan Hari Koperasi Nasional Ke-79 Tahun 2026,https://www.setneg.go.id/baca/index/sambutan_presiden_pada_peringatan_hari_koperasi_nasional_ke_79_tahun_2026,"Sekarang karena kita akan buat tani, nelayan, buruh makmur.",sekarang karena kita akan buat tani nelayan buruh makmur,sekarang kita buat tani nelayan buruh makmur,5,positif
Sambutan Presiden pada Peringatan Hari Koperasi Nasional Ke-79 Tahun 2026,https://www.setneg.go.id/baca/index/sambutan_presiden_pada_peringatan_hari_koperasi_nasional_ke_79_tahun_2026,"Ekonomi kita akan bangkit dari desa, kecamatan, kabupaten dan uangnya akan tinggal di desa, di kecamatan, di kabupaten.",ekonomi kita akan bangkit dari desa kecamatan kabupaten dan uangnya akan tinggal di desa di kecamatan di kabupaten,ekonomi bangkit desa kecamatan kabupaten uangnya akan tinggal desa kecamatan kabupaten,-7,negatif
Sambutan Presiden pada Peringatan Hari Koperasi Nasional Ke-79 Tahun 2026,https://www.setneg.go.id/baca/index/sambutan_presiden_pada_peringatan_hari_koperasi_nasional_ke_79_tahun_2026,"Kita akan kembalikan, kalau selama ini kekayaan rakyat Indonesia disedot, kita akan kembalikan sekarang, ekonomi akan turun ke rakyat.",kita akan kembalikan kalau selama ini kekayaan rakyat indonesia disedot kita akan kembalikan sekarang ekonomi akan turun ke rakyat,kembalikan kalau selama kekayaan rakyat indonesia disedot akan kembalikan sekarang ekonomi akan turun rakyat,-2,negatif
Sambutan Presiden pada Peringatan Hari Koperasi Nasional Ke-79 Tahun 2026,https://www.setneg.go.id/baca/index/sambutan_presiden_pada_peringatan_hari_koperasi_nasional_ke_79_tahun_2026,"Tapi, tapi saya ingatkan, kita tidak anti perusahaan besar, tidak.",tapi tapi saya ingatkan kita tidak anti perusahaan besar tidak,tapi ingatkan anti perusahaan besar tidak,-6,negatif
Sambutan Presiden pada Peringatan Hari Koperasi Nasional Ke-79 Tahun 2026,https://www.setneg.go.id/baca/index/sambutan_presiden_pada_peringatan_hari_koperasi_nasional_ke_79_tahun_2026,"Karena Indonesia ini negara besar, kita butuh, kita butuh koperasi, kita butuh UMKM, kita butuh swasta, kita butuh BUMN, BUMD, kita butuh semuanya.",karena indonesia ini negara besar kita butuh kita butuh koperasi kita butuh umkm kita butuh swasta kita butuh bumn bumd kita butuh semuanya,indonesia negara besar butuh butuh koperasi butuh umkm butuh swasta butuh bumn bumd butuh semuanya,-35,negatif
Sambutan Presiden pada Peringatan Hari Koperasi Nasional Ke-79 Tahun 2026,https://www.setneg.go.id/baca/index/sambutan_presiden_pada_peringatan_hari_koperasi_nasional_ke_79_tahun_2026,Ini harus menjadi kekuatan ekonomi.,ini harus menjadi kekuatan ekonomi,harus menjadi kekuatan ekonomi,-2,negatif
Sambutan Presiden pada Peringatan Hari Koperasi Nasional Ke-79 Tahun 2026,https://www.setneg.go.id/baca/index/sambutan_presiden_pada_peringatan_hari_koperasi_nasional_ke_79_tahun_2026,Itu yang saya maksud Indonesia Incorporated.,itu yang saya maksud indonesia incorporated,yang maksud indonesia incorporated,-6,negatif
Sambutan Presiden pada Peringatan Hari Koperasi Nasional Ke-79 Tahun 2026,https://www.setneg.go.id/baca/index/sambutan_presiden_pada_peringatan_hari_koperasi_nasional_ke_79_tahun_2026,"Itu yang dikehendaki oleh Bapak-bapak pendiri bangsa kita, bahwa koperasi adalah salah satu sokoguru, salah satu sokoguru.",itu yang dikehendaki oleh bapak bapak pendiri bangsa kita bahwa koperasi adalah salah satu sokoguru salah satu sokoguru,yang dikehendaki bapak bapak pendiri bangsa bahwa koperasi salah satu sokoguru salah satu sokoguru,-15,negatif
Sambutan Presiden pada Peringatan Hari Koperasi Nasional Ke-79 Tahun 2026,https://www.setneg.go.id/baca/index/sambutan_presiden_pada_peringatan_hari_koperasi_nasional_ke_79_tahun_2026,"Kalau kita memperkuat koperasi, bukan berarti kita akan memperlemah yang lain,no.",kalau kita memperkuat koperasi bukan berarti kita akan memperlemah yang lain no,kalau memperkuat koperasi bukan berarti akan memperlemah lain no,-4,negatif
Sambutan Presiden pada Peringatan Hari Koperasi Nasional Ke-79 Tahun 2026,https://www.setneg.go.id/baca/index/sambutan_presiden_pada_peringatan_hari_koperasi_nasional_ke_79_tahun_2026,"Kita memperkuat semuanya, Saudara-saudara sekalian.",kita memperkuat semuanya saudara saudara sekalian,memperkuat semuanya saudara saudara sekalian,0,netral
Sambutan Presiden pada Peringatan Hari Koperasi Nasional Ke-79 Tahun 2026,https://www.setneg.go.id/baca/index/sambutan_presiden_pada_peringatan_hari_koperasi_nasional_ke_79_tahun_2026,"Indonesia kaya, Indonesia akan bangkit, dan Indonesia akan mampu memperkuat semua kekuatan di Republik Indonesia ini.",indonesia kaya indonesia akan bangkit dan indonesia akan mampu memperkuat semua kekuatan di republik indonesia ini,indonesia kaya indonesia bangkit indonesia mampu memperkuat semua kekuatan republik indonesia,-7,negatif
Sambutan Presiden pada Peringatan Hari Koperasi Nasional Ke-79 Tahun 2026,https://www.setneg.go.id/baca/index/sambutan_presiden_pada_peringatan_hari_koperasi_nasional_ke_79_tahun_2026,"Yang ragu-ragu silakan duduk di rumah saja, yang merasa Indonesia suram silakan kalau mau cari negara lain.",yang ragu ragu silakan duduk di rumah saja yang merasa indonesia suram silakan kalau mau cari negara lain,ragu ragu silakan duduk rumah yang merasa indonesia suram silakan kalau mau cari negara,-18,negatif
Sambutan Presiden pada Peringatan Hari Koperasi Nasional Ke-79 Tahun 2026,https://www.setneg.go.id/baca/index/sambutan_presiden_pada_peringatan_hari_koperasi_nasional_ke_79_tahun_2026,"Silakan, tidak ada yang melarang.",silakan tidak ada yang melarang,silakan ada melarang,-5,negatif
Sambutan Presiden pada Peringatan Hari Koperasi Nasional Ke-79 Tahun 2026,https://www.setneg.go.id/baca/index/sambutan_presiden_pada_peringatan_hari_koperasi_nasional_ke_79_tahun_2026,"Kalau di Indonesia, mohon lah mari, mari kita bersatu, mari kita gotong royong, mari kita kerja sama.",kalau di indonesia mohon lah mari mari kita bersatu mari kita gotong royong mari kita kerja sama,kalau indonesia mohon lah bersatu kita gotong royong mari kita kerja sama,0,netral
Sambutan Presiden pada Peringatan Hari Koperasi Nasional Ke-79 Tahun 2026,https://www.setneg.go.id/baca/index/sambutan_presiden_pada_peringatan_hari_koperasi_nasional_ke_79_tahun_2026,"Yang kuat bantu yang lemah, yang lemah kerja sama yang baik.",yang kuat bantu yang lemah yang lemah kerja sama yang baik,kuat bantu lemah lemah kerja sama baik,-11,negatif
Sambutan Presiden pada Peringatan Hari Koperasi Nasional Ke-79 Tahun 2026,https://www.setneg.go.id/baca/index/sambutan_presiden_pada_peringatan_hari_koperasi_nasional_ke_79_tahun_2026,"Insyaallah kita akan bangkit, Saudara-saudara.",insyaallah kita akan bangkit saudara saudara,insyaallah akan bangkit saudara saudara,-2,negatif
Sambutan Presiden pada Peringatan Hari Koperasi Nasional Ke-79 Tahun 2026,https://www.setneg.go.id/baca/index/sambutan_presiden_pada_peringatan_hari_koperasi_nasional_ke_79_tahun_2026,"Marilah kita kembali ke sifat bangsa Indonesia yaitu saling memaafkan, saling mengerti, saling mengasihi, saling membantu.",marilah kita kembali ke sifat bangsa indonesia yaitu saling memaafkan saling mengerti saling mengasihi saling membantu,marilah kembali sifat bangsa indonesia saling memaafkan saling mengerti saling mengasihi saling membantu,-12,negatif
Sambutan Presiden pada Peringatan Hari Koperasi Nasional Ke-79 Tahun 2026,https://www.setneg.go.id/baca/index/sambutan_presiden_pada_peringatan_hari_koperasi_nasional_ke_79_tahun_2026,"Jangan ikut-ikut budaya caci maki, budaya dengki, budaya curiga.",jangan ikut ikut budaya caci maki budaya dengki budaya curiga,jangan ikut ikut budaya caci maki budaya dengki budaya curiga,-28,negatif
Sambutan Presiden pada Peringatan Hari Koperasi Nasional Ke-79 Tahun 2026,https://www.setneg.go.id/baca/index/sambutan_presiden_pada_peringatan_hari_koperasi_nasional_ke_79_tahun_2026,"Tidak ada keberhasilan dengan pertikaian, tidak ada.",tidak ada keberhasilan dengan pertikaian tidak ada,ada keberhasilan pertikaian ada,-6,negatif
Sambutan Presiden pada Peringatan Hari Koperasi Nasional Ke-79 Tahun 2026,https://www.setneg.go.id/baca/index/sambutan_presiden_pada_peringatan_hari_koperasi_nasional_ke_79_tahun_2026,Untuk apa kita bertikai?,untuk apa kita bertikai,apa bertikai,-8,negatif
Sambutan Presiden pada Peringatan Hari Koperasi Nasional Ke-79 Tahun 2026,https://www.setneg.go.id/baca/index/sambutan_presiden_pada_peringatan_hari_koperasi_nasional_ke_79_tahun_2026,Kita ini satu keluarga.,kita ini satu keluarga,ini satu keluarga,-4,negatif
Sambutan Presiden pada Peringatan Hari Koperasi Nasional Ke-79 Tahun 2026,https://www.setneg.go.id/baca/index/sambutan_presiden_pada_peringatan_hari_koperasi_nasional_ke_79_tahun_2026,"Apa pun latar belakang kita, apa pun suku kita, apa pun latar belakang kita, apa pun partai kita, semua partai banyak patriot dan semua partai banyak bajingannya juga.",apa pun latar belakang kita apa pun suku kita apa pun latar belakang kita apa pun partai kita semua partai banyak patriot dan semua partai banyak bajingannya juga,apa latar belakang apa suku apa latar belakang apa partai semua partai banyak patriot semua partai banyak bajingannya,-24,negatif
Sambutan Presiden pada Peringatan Hari Koperasi Nasional Ke-79 Tahun 2026,https://www.setneg.go.id/baca/index/sambutan_presiden_pada_peringatan_hari_koperasi_nasional_ke_79_tahun_2026,Presiden boleh ngomong bajingan?,presiden boleh ngomong bajingan,presiden ngomong bajingan,3,positif
Sambutan Presiden pada Peringatan Hari Koperasi Nasional Ke-79 Tahun 2026,https://www.setneg.go.id/baca/index/sambutan_presiden_pada_peringatan_hari_koperasi_nasional_ke_79_tahun_2026,Boleh enggak?,boleh enggak,enggak,0,netral
Sambutan Presiden pada Peringatan Hari Koperasi Nasional Ke-79 Tahun 2026,https://www.setneg.go.id/baca/index/sambutan_presiden_pada_peringatan_hari_koperasi_nasional_ke_79_tahun_2026,Pak?,pak,pak,0,netral
Sambutan Presiden pada Peringatan Hari Koperasi Nasional Ke-79 Tahun 2026,https://www.setneg.go.id/baca/index/sambutan_presiden_pada_peringatan_hari_koperasi_nasional_ke_79_tahun_2026,Boleh?,boleh,,0,netral
Sambutan Presiden pada Peringatan Hari Koperasi Nasional Ke-79 Tahun 2026,https://www.setneg.go.id/baca/index/sambutan_presiden_pada_peringatan_hari_koperasi_nasional_ke_79_tahun_2026,"Enggak, aku enggak tanya kalian, aku tanya Menteri Pendidikan ini, gimana?Boleh enggak?",enggak aku enggak tanya kalian aku tanya menteri pendidikan ini gimana boleh enggak,enggak aku enggak tanya kalian aku tanya menteri pendidikan gimana enggak,-6,negatif
Sambutan Presiden pada Peringatan Hari Koperasi Nasional Ke-79 Tahun 2026,https://www.setneg.go.id/baca/index/sambutan_presiden_pada_peringatan_hari_koperasi_nasional_ke_79_tahun_2026,"Ini, kan, tidak termasuk kasar, kan.",ini kan tidak termasuk kasar kan,kan termasuk kasar kan,-3,negatif
Sambutan Presiden pada Peringatan Hari Koperasi Nasional Ke-79 Tahun 2026,https://www.setneg.go.id/baca/index/sambutan_presiden_pada_peringatan_hari_koperasi_nasional_ke_79_tahun_2026,"Bajingan, ya, bajingan itu.",bajingan ya bajingan itu,bajingan bajingan,0,netral
Sambutan Presiden pada Peringatan Hari Koperasi Nasional Ke-79 Tahun 2026,https://www.setneg.go.id/baca/index/sambutan_presiden_pada_peringatan_hari_koperasi_nasional_ke_79_tahun_2026,Bajingan.,bajingan,bajingan,0,netral
Sambutan Presiden pada Peringatan Hari Koperasi Nasional Ke-79 Tahun 2026,https://www.setneg.go.id/baca/index/sambutan_presiden_pada_peringatan_hari_koperasi_nasional_ke_79_tahun_2026,"Bajingan bangsa, bahasa apa itu bajingan itu?",bajingan bangsa bahasa apa itu bajingan itu,bajingan bangsa bahasa apa bajingan,-7,negatif
Sambutan Presiden pada Peringatan Hari Koperasi Nasional Ke-79 Tahun 2026,https://www.setneg.go.id/baca/index/sambutan_presiden_pada_peringatan_hari_koperasi_nasional_ke_79_tahun_2026,"Bahasa Betawi, ya?",bahasa betawi ya,bahasa betawi,-4,negatif
Sambutan Presiden pada Peringatan Hari Koperasi Nasional Ke-79 Tahun 2026,https://www.setneg.go.id/baca/index/sambutan_presiden_pada_peringatan_hari_koperasi_nasional_ke_79_tahun_2026,Memang saya lahir di Betawi.,memang saya lahir di betawi,memang lahir betawi,1,positif
Sambutan Presiden pada Peringatan Hari Koperasi Nasional Ke-79 Tahun 2026,https://www.setneg.go.id/baca/index/sambutan_presiden_pada_peringatan_hari_koperasi_nasional_ke_79_tahun_2026,"Jadi maaf kalau saya, kalau saya semangat.",jadi maaf kalau saya kalau saya semangat,jadi maaf kalau kalau semangat,-8,negatif
Sambutan Presiden pada Peringatan Hari Koperasi Nasional Ke-79 Tahun 2026,https://www.setneg.go.id/baca/index/sambutan_presiden_pada_peringatan_hari_koperasi_nasional_ke_79_tahun_2026,"Saya, kata-kata, kata-kata Betawi keluar.Sorry,ye.",saya kata kata kata kata betawi keluar sorry ye,kata kata kata kata betawi keluar sorry ye,-11,negatif
Sambutan Presiden pada Peringatan Hari Koperasi Nasional Ke-79 Tahun 2026,https://www.setneg.go.id/baca/index/sambutan_presiden_pada_peringatan_hari_koperasi_nasional_ke_79_tahun_2026,Ini hari jadi koperasi atau udah mulai kampanye ini?,ini hari jadi koperasi atau udah mulai kampanye ini,hari jadi koperasi udah mulai kampanye,2,positif
Sambutan Presiden pada Peringatan Hari Koperasi Nasional Ke-79 Tahun 2026,https://www.setneg.go.id/baca/index/sambutan_presiden_pada_peringatan_hari_koperasi_nasional_ke_79_tahun_2026,Gue enggak tahu.,gue enggak tahu,gue enggak tahu,-4,negatif
Sambutan Presiden pada Peringatan Hari Koperasi Nasional Ke-79 Tahun 2026,https://www.setneg.go.id/baca/index/sambutan_presiden_pada_peringatan_hari_koperasi_nasional_ke_79_tahun_2026,Enggak.,enggak,enggak,0,netral
Sambutan Presiden pada Peringatan Hari Koperasi Nasional Ke-79 Tahun 2026,https://www.setneg.go.id/baca/index/sambutan_presiden_pada_peringatan_hari_koperasi_nasional_ke_79_tahun_2026,"Saudara-saudara,Tadi benar kita akan berbuat gerakan-gerakan atau upaya yang asasi, yang mengurus masalah dari akarnya, Saudara-saudara, ya.",saudara saudara tadi benar kita akan berbuat gerakan gerakan atau upaya yang asasi yang mengurus masalah dari akarnya saudara saudara ya,saudara saudara tadi benar akan berbuat gerakan gerakan upaya asasi mengurus masalah akarnya saudara saudara,-7,negatif
Sambutan Presiden pada Peringatan Hari Koperasi Nasional Ke-79 Tahun 2026,https://www.setneg.go.id/baca/index/sambutan_presiden_pada_peringatan_hari_koperasi_nasional_ke_79_tahun_2026,"Kalau badan sakit, kita cari sakitnya apa, baru kita obati, ya.",kalau badan sakit kita cari sakitnya apa baru kita obati ya,kalau badan sakit cari sakitnya apa baru obati,-19,negatif
Sambutan Presiden pada Peringatan Hari Koperasi Nasional Ke-79 Tahun 2026,https://www.setneg.go.id/baca/index/sambutan_presiden_pada_peringatan_hari_koperasi_nasional_ke_79_tahun_2026,"Jadi, Saudara-saudara, kita mengerti secara garis besar, oke.",jadi saudara saudara kita mengerti secara garis besar oke,jadi saudara saudara mengerti garis besar oke,-7,negatif
Sambutan Presiden pada Peringatan Hari Koperasi Nasional Ke-79 Tahun 2026,https://www.setneg.go.id/baca/index/sambutan_presiden_pada_peringatan_hari_koperasi_nasional_ke_79_tahun_2026,"Dan, saya sudah perjuangkan berkali-kali, karena itu yang saya yakini.",dan saya sudah perjuangkan berkali kali karena itu yang saya yakini,saya perjuangkan berkali kali itu saya yakini,-8,negatif
Sambutan Presiden pada Peringatan Hari Koperasi Nasional Ke-79 Tahun 2026,https://www.setneg.go.id/baca/index/sambutan_presiden_pada_peringatan_hari_koperasi_nasional_ke_79_tahun_2026,Saya tidak percaya dengan teori-teori neolib.,saya tidak percaya dengan teori teori neolib,tidak percaya teori teori neolib,-3,negatif
Sambutan Presiden pada Peringatan Hari Koperasi Nasional Ke-79 Tahun 2026,https://www.setneg.go.id/baca/index/sambutan_presiden_pada_peringatan_hari_koperasi_nasional_ke_79_tahun_2026,"Katanya kita berpikir global, tidak ada perbatasan lagi, ya, kan?",katanya kita berpikir global tidak ada perbatasan lagi ya kan,katanya berpikir global ada perbatasan ya kan,0,netral
Sambutan Presiden pada Peringatan Hari Koperasi Nasional Ke-79 Tahun 2026,https://www.setneg.go.id/baca/index/sambutan_presiden_pada_peringatan_hari_koperasi_nasional_ke_79_tahun_2026,"Jadi ada paham, pahamnya neolib.",jadi ada paham pahamnya neolib,jadi paham pahamnya neolib,-2,negatif
Sambutan Presiden pada Peringatan Hari Koperasi Nasional Ke-79 Tahun 2026,https://www.setneg.go.id/baca/index/sambutan_presiden_pada_peringatan_hari_koperasi_nasional_ke_79_tahun_2026,"Kalau kau miskin, itu salah kamu.",kalau kau miskin itu salah kamu,kalau kau miskin salah kamu,-10,negatif
Sambutan Presiden pada Peringatan Hari Koperasi Nasional Ke-79 Tahun 2026,https://www.setneg.go.id/baca/index/sambutan_presiden_pada_peringatan_hari_koperasi_nasional_ke_79_tahun_2026,"Iya, itu pemikiran mereka.",iya itu pemikiran mereka,iya pemikiran,-3,negatif
Sambutan Presiden pada Peringatan Hari Koperasi Nasional Ke-79 Tahun 2026,https://www.setneg.go.id/baca/index/sambutan_presiden_pada_peringatan_hari_koperasi_nasional_ke_79_tahun_2026,"Dan, paham neolib itu mengatakan biarlah yang kaya hanya satu persen.",dan paham neolib itu mengatakan biarlah yang kaya hanya satu persen,paham neolib mengatakan biarlah kaya satu persen,2,positif
Sambutan Presiden pada Peringatan Hari Koperasi Nasional Ke-79 Tahun 2026,https://www.setneg.go.id/baca/index/sambutan_presiden_pada_peringatan_hari_koperasi_nasional_ke_79_tahun_2026,"Kalau mereka kaya nanti lama-lama kekayaannya akan menetes ke bawah.Trickle, trickle-downeffect.Saya tanya, kalian percaya enggak akan menetes ke bawah?",kalau mereka kaya nanti lama lama kekayaannya akan menetes ke bawah trickle trickle downeffect saya tanya kalian percaya enggak akan menetes ke bawah,kalau kaya lama lama kekayaannya menetes bawah trickle trickle downeffect tanya kalian percaya enggak menetes bawah,-17,negatif
Sambutan Presiden pada Peringatan Hari Koperasi Nasional Ke-79 Tahun 2026,https://www.setneg.go.id/baca/index/sambutan_presiden_pada_peringatan_hari_koperasi_nasional_ke_79_tahun_2026,Kalian percaya atau tidak akan menetes ke bawah?,kalian percaya atau tidak akan menetes ke bawah,kalian percaya tidak menetes bawah,-6,negatif
Sambutan Presiden pada Peringatan Hari Koperasi Nasional Ke-79 Tahun 2026,https://www.setneg.go.id/baca/index/sambutan_presiden_pada_peringatan_hari_koperasi_nasional_ke_79_tahun_2026,"Ada wartawan, sih.",ada wartawan sih,wartawan sih,0,netral
Sambutan Presiden pada Peringatan Hari Koperasi Nasional Ke-79 Tahun 2026,https://www.setneg.go.id/baca/index/sambutan_presiden_pada_peringatan_hari_koperasi_nasional_ke_79_tahun_2026,"Saya ini lahir di Betawi tapi saya asal dari Banyumas, campur sama Minahasa.",saya ini lahir di betawi tapi saya asal dari banyumas campur sama minahasa,ini lahir betawi saya asal banyumas campur sama minahasa,8,positif
Sambutan Presiden pada Peringatan Hari Koperasi Nasional Ke-79 Tahun 2026,https://www.setneg.go.id/baca/index/sambutan_presiden_pada_peringatan_hari_koperasi_nasional_ke_79_tahun_2026,"Waduh, ini darahnya darah keras semua ini.",waduh ini darahnya darah keras semua ini,waduh darahnya darah keras semua,-7,negatif
Sambutan Presiden pada Peringatan Hari Koperasi Nasional Ke-79 Tahun 2026,https://www.setneg.go.id/baca/index/sambutan_presiden_pada_peringatan_hari_koperasi_nasional_ke_79_tahun_2026,"Tapi, saya sudah, saya sudah, saya sudah, sudah tua, jadi sudah sabar.",tapi saya sudah saya sudah saya sudah sudah tua jadi sudah sabar,saya saya saya tua jadi sudah sabar,-12,negatif
Sambutan Presiden pada Peringatan Hari Koperasi Nasional Ke-79 Tahun 2026,https://www.setneg.go.id/baca/index/sambutan_presiden_pada_peringatan_hari_koperasi_nasional_ke_79_tahun_2026,"Sekarang saya sabar, kadang-kadang aja kesabarannya hilang.",sekarang saya sabar kadang kadang aja kesabarannya hilang,sekarang sabar kadang kadang aja kesabarannya hilang,8,positif
Sambutan Presiden pada Peringatan Hari Koperasi Nasional Ke-79 Tahun 2026,https://www.setneg.go.id/baca/index/sambutan_presiden_pada_peringatan_hari_koperasi_nasional_ke_79_tahun_2026,Lupa sudah pensiun.,lupa sudah pensiun,lupa pensiun,-6,negatif
Sambutan Presiden pada Peringatan Hari Koperasi Nasional Ke-79 Tahun 2026,https://www.setneg.go.id/baca/index/sambutan_presiden_pada_peringatan_hari_koperasi_nasional_ke_79_tahun_2026,"Jadi, Saudara-saudara, tidak ada dan pemimpin Barat sekarang sudah mengakui mereka sudah meninggalkan neolib.",jadi saudara saudara tidak ada dan pemimpin barat sekarang sudah mengakui mereka sudah meninggalkan neolib,jadi saudara saudara ada pemimpin barat sekarang mengakui sudah meninggalkan neolib,-11,negatif
Sambutan Presiden pada Peringatan Hari Koperasi Nasional Ke-79 Tahun 2026,https://www.setneg.go.id/baca/index/sambutan_presiden_pada_peringatan_hari_koperasi_nasional_ke_79_tahun_2026,Mereka yang meninggalkan.,mereka yang meninggalkan,yang meninggalkan,-9,negatif
Sambutan Presiden pada Peringatan Hari Koperasi Nasional Ke-79 Tahun 2026,https://www.setneg.go.id/baca/index/sambutan_presiden_pada_peringatan_hari_koperasi_nasional_ke_79_tahun_2026,"Amerika, Inggris, Eropa Barat sudah tinggalkan.",amerika inggris eropa barat sudah tinggalkan,amerika inggris eropa barat tinggalkan,-3,negatif
Sambutan Presiden pada Peringatan Hari Koperasi Nasional Ke-79 Tahun 2026,https://www.setneg.go.id/baca/index/sambutan_presiden_pada_peringatan_hari_koperasi_nasional_ke_79_tahun_2026,"Hanya di kita, saya enggak tahu ada orang-orang pintar yang entah terlalu pintar atau apa, saya enggak ngerti.",hanya di kita saya enggak tahu ada orang orang pintar yang entah terlalu pintar atau apa saya enggak ngerti,di enggak tahu orang orang pintar entah terlalu pintar apa saya enggak ngerti,-17,negatif
Sambutan Presiden pada Peringatan Hari Koperasi Nasional Ke-79 Tahun 2026,https://www.setneg.go.id/baca/index/sambutan_presiden_pada_peringatan_hari_koperasi_nasional_ke_79_tahun_2026,"Jadi, kalau kita mau buat satu program aliran untuk memperkuat bangsa sendiri, kita diejek, kitadijelek-jelekin, kita difitnah, kita dihajar.",jadi kalau kita mau buat satu program aliran untuk memperkuat bangsa sendiri kita diejek kitadijelek jelekin kita difitnah kita dihajar,jadi kalau mau buat satu program aliran memperkuat bangsa sendiri diejek kitadijelek jelekin difitnah dihajar,-4,negatif
Sambutan Presiden pada Peringatan Hari Koperasi Nasional Ke-79 Tahun 2026,https://www.setneg.go.id/baca/index/sambutan_presiden_pada_peringatan_hari_koperasi_nasional_ke_79_tahun_2026,Tapieuweuh pangaruhna.,tapieuweuh pangaruhna,tapieuweuh pangaruhna,0,netral
Sambutan Presiden pada Peringatan Hari Koperasi Nasional Ke-79 Tahun 2026,https://www.setneg.go.id/baca/index/sambutan_presiden_pada_peringatan_hari_koperasi_nasional_ke_79_tahun_2026,Saya katakaneuweuh pangaruhna.,saya katakaneuweuh pangaruhna,katakaneuweuh pangaruhna,0,netral
Sambutan Presiden pada Peringatan Hari Koperasi Nasional Ke-79 Tahun 2026,https://www.setneg.go.id/baca/index/sambutan_presiden_pada_peringatan_hari_koperasi_nasional_ke_79_tahun_2026,"Kita jalan terus, Saudara-saudara sekalian.",kita jalan terus saudara saudara sekalian,jalan terus saudara saudara sekalian,0,netral
Sambutan Presiden pada Peringatan Hari Koperasi Nasional Ke-79 Tahun 2026,https://www.setneg.go.id/baca/index/sambutan_presiden_pada_peringatan_hari_koperasi_nasional_ke_79_tahun_2026,"Kita tidak ragu-ragu, Saudara-saudara sekalian.",kita tidak ragu ragu saudara saudara sekalian,tidak ragu ragu saudara saudara sekalian,-11,negatif
Sambutan Presiden pada Peringatan Hari Koperasi Nasional Ke-79 Tahun 2026,https://www.setneg.go.id/baca/index/sambutan_presiden_pada_peringatan_hari_koperasi_nasional_ke_79_tahun_2026,Kita berada di jalan yang benar.,kita berada di jalan yang benar,berada jalan benar,0,netral
Sambutan Presiden pada Peringatan Hari Koperasi Nasional Ke-79 Tahun 2026,https://www.setneg.go.id/baca/index/sambutan_presiden_pada_peringatan_hari_koperasi_nasional_ke_79_tahun_2026,Kita berada di jalan pendiri-pendiri bangsa kita.,kita berada di jalan pendiri pendiri bangsa kita,berada jalan pendiri pendiri bangsa,4,positif
Sambutan Presiden pada Peringatan Hari Koperasi Nasional Ke-79 Tahun 2026,https://www.setneg.go.id/baca/index/sambutan_presiden_pada_peringatan_hari_koperasi_nasional_ke_79_tahun_2026,"Kita berada di jalan yang lurus membela rakyat kehormatan bagi bangsa Indonesia, membela rakyat kehormatan bagi setiap patriot.",kita berada di jalan yang lurus membela rakyat kehormatan bagi bangsa indonesia membela rakyat kehormatan bagi setiap patriot,berada jalan lurus membela rakyat kehormatan bangsa indonesia membela rakyat kehormatan setiap patriot,18,positif
Sambutan Presiden pada Peringatan Hari Koperasi Nasional Ke-79 Tahun 2026,https://www.setneg.go.id/baca/index/sambutan_presiden_pada_peringatan_hari_koperasi_nasional_ke_79_tahun_2026,"Saya tidak akan ragu-ragu, saya akan terus untuk membela dan memperkuat bangsa Indonesia dan rakyat Indonesia, Saudara-saudara sekalian.",saya tidak akan ragu ragu saya akan terus untuk membela dan memperkuat bangsa indonesia dan rakyat indonesia saudara saudara sekalian,tidak ragu ragu akan terus membela memperkuat bangsa indonesia rakyat indonesia saudara saudara sekalian,-8,negatif
Sambutan Presiden pada Peringatan Hari Koperasi Nasional Ke-79 Tahun 2026,https://www.setneg.go.id/baca/index/sambutan_presiden_pada_peringatan_hari_koperasi_nasional_ke_79_tahun_2026,Saya minta kesabaran Saudara-saudara.,saya minta kesabaran saudara saudara,minta kesabaran saudara saudara,2,positif
Sambutan Presiden pada Peringatan Hari Koperasi Nasional Ke-79 Tahun 2026,https://www.setneg.go.id/baca/index/sambutan_presiden_pada_peringatan_hari_koperasi_nasional_ke_79_tahun_2026,"Saudara-saudara,Kita sudah buktikan, tahun pertama pemerintah yang saya pimpin kita sudah swasembada pangan, Saudara-saudara sekalian.",saudara saudara kita sudah buktikan tahun pertama pemerintah yang saya pimpin kita sudah swasembada pangan saudara saudara sekalian,saudara saudara sudah buktikan tahun pertama pemerintah saya pimpin sudah swasembada pangan saudara saudara sekalian,-7,negatif
Sambutan Presiden pada Peringatan Hari Koperasi Nasional Ke-79 Tahun 2026,https://www.setneg.go.id/baca/index/sambutan_presiden_pada_peringatan_hari_koperasi_nasional_ke_79_tahun_2026,"Kita tidak impor pangan lagi, kita ekspor.",kita tidak impor pangan lagi kita ekspor,tidak impor pangan kita ekspor,-5,negatif
Sambutan Presiden pada Peringatan Hari Koperasi Nasional Ke-79 Tahun 2026,https://www.setneg.go.id/baca/index/sambutan_presiden_pada_peringatan_hari_koperasi_nasional_ke_79_tahun_2026,Tahun pertama pemerintah yang saya pimpin.,tahun pertama pemerintah yang saya pimpin,tahun pertama pemerintah saya pimpin,-3,negatif
Sambutan Presiden pada Peringatan Hari Koperasi Nasional Ke-79 Tahun 2026,https://www.setneg.go.id/baca/index/sambutan_presiden_pada_peringatan_hari_koperasi_nasional_ke_79_tahun_2026,"Baru beberapa hari yang lalu, kitalaunchingB50, solar 50 persen dari kelapa sawit.",baru beberapa hari yang lalu kitalaunchingb solar persen dari kelapa sawit,baru beberapa hari lalu kitalaunchingb solar persen kelapa sawit,5,positif
Sambutan Presiden pada Peringatan Hari Koperasi Nasional Ke-79 Tahun 2026,https://www.setneg.go.id/baca/index/sambutan_presiden_pada_peringatan_hari_koperasi_nasional_ke_79_tahun_2026,Petani kelapa sawit ada di Indonesia.,petani kelapa sawit ada di indonesia,petani kelapa sawit di indonesia,0,netral
Sambutan Presiden pada Peringatan Hari Koperasi Nasional Ke-79 Tahun 2026,https://www.setneg.go.id/baca/index/sambutan_presiden_pada_peringatan_hari_koperasi_nasional_ke_79_tahun_2026,Minyak kelapa sawit di Indonesia.,minyak kelapa sawit di indonesia,minyak kelapa sawit indonesia,0,netral
Sambutan Presiden pada Peringatan Hari Koperasi Nasional Ke-79 Tahun 2026,https://www.setneg.go.id/baca/index/sambutan_presiden_pada_peringatan_hari_koperasi_nasional_ke_79_tahun_2026,"Mulai bulan ini, kita tidak impor lagi solar dari luar negeri.",mulai bulan ini kita tidak impor lagi solar dari luar negeri,mulai bulan kita impor solar luar negeri,0,netral
Sambutan Presiden pada Peringatan Hari Koperasi Nasional Ke-79 Tahun 2026,https://www.setneg.go.id/baca/index/sambutan_presiden_pada_peringatan_hari_koperasi_nasional_ke_79_tahun_2026,"Dan, profesor-profesor kita sekarang sedang mengembangkan bensin dari kelapa sawit.",dan profesor profesor kita sekarang sedang mengembangkan bensin dari kelapa sawit,profesor profesor sekarang sedang mengembangkan bensin kelapa sawit,0,netral
Sambutan Presiden pada Peringatan Hari Koperasi Nasional Ke-79 Tahun 2026,https://www.setneg.go.id/baca/index/sambutan_presiden_pada_peringatan_hari_koperasi_nasional_ke_79_tahun_2026,"Etanol dari singkong, dari jagung, dari sorgum, Saudara-saudara.",etanol dari singkong dari jagung dari sorgum saudara saudara,etanol singkong jagung sorgum saudara saudara,0,netral
Sambutan Presiden pada Peringatan Hari Koperasi Nasional Ke-79 Tahun 2026,https://www.setneg.go.id/baca/index/sambutan_presiden_pada_peringatan_hari_koperasi_nasional_ke_79_tahun_2026,"Jadi, saya harap dalam tiga [sampai] empat tahun lagi, kita nanti juga bisa menghasilkan bensin dari tanaman.",jadi saya harap dalam tiga sampai empat tahun lagi kita nanti juga bisa menghasilkan bensin dari tanaman,jadi harap tiga empat tahun kita juga menghasilkan bensin tanaman,-5,negatif
Sambutan Presiden pada Peringatan Hari Koperasi Nasional Ke-79 Tahun 2026,https://www.setneg.go.id/baca/index/sambutan_presiden_pada_peringatan_hari_koperasi_nasional_ke_79_tahun_2026,"Berarti petani singkong akan hidup makmur, petani jagung akan hidup makmur, petani-petani di seluruh Indonesia akan berbuat yang terbaik untuk bangsa dan untuk keluarganya sendiri, Saudara-saudara sekalian.",berarti petani singkong akan hidup makmur petani jagung akan hidup makmur petani petani di seluruh indonesia akan berbuat yang terbaik untuk bangsa dan untuk keluarganya sendiri saudara saudara sekalian,berarti petani singkong hidup makmur petani jagung hidup makmur petani petani seluruh indonesia berbuat terbaik bangsa untuk keluarganya sendiri saudara saudara sekalian,3,positif
Sambutan Presiden pada Peringatan Hari Koperasi Nasional Ke-79 Tahun 2026,https://www.setneg.go.id/baca/index/sambutan_presiden_pada_peringatan_hari_koperasi_nasional_ke_79_tahun_2026,"Kita juga dalam satu tahun pemerintahan kita, kita sekarang sudah konsolidasikan semua BUMN kita menjadi satu, satu dana kedaulatan (sovereign wealth fund), Dana Kekayaan Kedaulatan.",kita juga dalam satu tahun pemerintahan kita kita sekarang sudah konsolidasikan semua bumn kita menjadi satu satu dana kedaulatan sovereign wealth fund dana kekayaan kedaulatan,juga satu tahun pemerintahan sekarang konsolidasikan semua bumn kita menjadi satu satu dana kedaulatan sovereign wealth fund dana kekayaan kedaulatan,4,positif
Sambutan Presiden pada Peringatan Hari Koperasi Nasional Ke-79 Tahun 2026,https://www.setneg.go.id/baca/index/sambutan_presiden_pada_peringatan_hari_koperasi_nasional_ke_79_tahun_2026,Seribu BUMN lebih kita jadikan satu konsolidasi.,seribu bumn lebih kita jadikan satu konsolidasi,seribu bumn lebih jadikan satu konsolidasi,3,positif
Sambutan Presiden pada Peringatan Hari Koperasi Nasional Ke-79 Tahun 2026,https://www.setneg.go.id/baca/index/sambutan_presiden_pada_peringatan_hari_koperasi_nasional_ke_79_tahun_2026,"Nilainya adalah seribu miliar Dolar, satu triliun Dolar Amerika.",nilainya adalah seribu miliar dolar satu triliun dolar amerika,nilainya seribu miliar dolar satu triliun dolar amerika,-1,negatif
Sambutan Presiden pada Peringatan Hari Koperasi Nasional Ke-79 Tahun 2026,https://www.setneg.go.id/baca/index/sambutan_presiden_pada_peringatan_hari_koperasi_nasional_ke_79_tahun_2026,"Kita sekarang adalah dana kedaulatan mungkin kelima atau keenam terbesar di dunia, di dunia.",kita sekarang adalah dana kedaulatan mungkin kelima atau keenam terbesar di dunia di dunia,sekarang dana kedaulatan mungkin kelima keenam terbesar dunia dunia,-1,negatif
Sambutan Presiden pada Peringatan Hari Koperasi Nasional Ke-79 Tahun 2026,https://www.setneg.go.id/baca/index/sambutan_presiden_pada_peringatan_hari_koperasi_nasional_ke_79_tahun_2026,"Jadi jangan kita selalu pesimis, rendah diri.",jadi jangan kita selalu pesimis rendah diri,jadi jangan selalu pesimis rendah diri,-11,negatif
Sambutan Presiden pada Peringatan Hari Koperasi Nasional Ke-79 Tahun 2026,https://www.setneg.go.id/baca/index/sambutan_presiden_pada_peringatan_hari_koperasi_nasional_ke_79_tahun_2026,"Rendah hati harus, jangan rendah diri, ya.",rendah hati harus jangan rendah diri ya,rendah hati jangan rendah diri,-16,negatif
Sambutan Presiden pada Peringatan Hari Koperasi Nasional Ke-79 Tahun 2026,https://www.setneg.go.id/baca/index/sambutan_presiden_pada_peringatan_hari_koperasi_nasional_ke_79_tahun_2026,"Dan, BUMN-BUMN itu akan kita tertibkan.",dan bumn bumn itu akan kita tertibkan,bumn bumn akan tertibkan,0,netral
Sambutan Presiden pada Peringatan Hari Koperasi Nasional Ke-79 Tahun 2026,https://www.setneg.go.id/baca/index/sambutan_presiden_pada_peringatan_hari_koperasi_nasional_ke_79_tahun_2026,Selama ini BUMN-BUMN itu sumber korupsi.,selama ini bumn bumn itu sumber korupsi,selama bumn bumn sumber korupsi,-4,negatif
Sambutan Presiden pada Peringatan Hari Koperasi Nasional Ke-79 Tahun 2026,https://www.setneg.go.id/baca/index/sambutan_presiden_pada_peringatan_hari_koperasi_nasional_ke_79_tahun_2026,"Saudara ingin presidenmu bicara apa adanya, kan?",saudara ingin presidenmu bicara apa adanya kan,saudara presidenmu bicara apa adanya kan,-3,negatif
Sambutan Presiden pada Peringatan Hari Koperasi Nasional Ke-79 Tahun 2026,https://www.setneg.go.id/baca/index/sambutan_presiden_pada_peringatan_hari_koperasi_nasional_ke_79_tahun_2026,"Saya memperingatkan lagi, sekali lagi untuk sekian kali lagi saya bicara dari dulu.",saya memperingatkan lagi sekali lagi untuk sekian kali lagi saya bicara dari dulu,memperingatkan sekali untuk sekian kali saya bicara dulu,-4,negatif
Sambutan Presiden pada Peringatan Hari Koperasi Nasional Ke-79 Tahun 2026,https://www.setneg.go.id/baca/index/sambutan_presiden_pada_peringatan_hari_koperasi_nasional_ke_79_tahun_2026,"Hei, para koruptor, sadar diri.",hei para koruptor sadar diri,hei koruptor sadar diri,-2,negatif
Sambutan Presiden pada Peringatan Hari Koperasi Nasional Ke-79 Tahun 2026,https://www.setneg.go.id/baca/index/sambutan_presiden_pada_peringatan_hari_koperasi_nasional_ke_79_tahun_2026,"Hentikan praktik-praktik kau, hentikan.",hentikan praktik praktik kau hentikan,hentikan praktik praktik kau hentikan,0,netral
Sambutan Presiden pada Peringatan Hari Koperasi Nasional Ke-79 Tahun 2026,https://www.setneg.go.id/baca/index/sambutan_presiden_pada_peringatan_hari_koperasi_nasional_ke_79_tahun_2026,Rakyat tidak bodoh.,rakyat tidak bodoh,rakyat bodoh,0,netral
Sambutan Presiden pada Peringatan Hari Koperasi Nasional Ke-79 Tahun 2026,https://www.setneg.go.id/baca/index/sambutan_presiden_pada_peringatan_hari_koperasi_nasional_ke_79_tahun_2026,Hentikan.,hentikan,hentikan,0,netral
Sambutan Presiden pada Peringatan Hari Koperasi Nasional Ke-79 Tahun 2026,https://www.setneg.go.id/baca/index/sambutan_presiden_pada_peringatan_hari_koperasi_nasional_ke_79_tahun_2026,"Kembalikan kekayaan rakyat, kembalikan dengan baik.",kembalikan kekayaan rakyat kembalikan dengan baik,kembalikan kekayaan rakyat kembalikan baik,1,positif
Sambutan Presiden pada Peringatan Hari Koperasi Nasional Ke-79 Tahun 2026,https://www.setneg.go.id/baca/index/sambutan_presiden_pada_peringatan_hari_koperasi_nasional_ke_79_tahun_2026,"Kita bangsa pemaaf, tapi rakyat butuh keadilan, rakyat butuh kesejahteraan.",kita bangsa pemaaf tapi rakyat butuh keadilan rakyat butuh kesejahteraan,bangsa pemaaf rakyat butuh keadilan rakyat butuh kesejahteraan,-10,negatif
Sambutan Presiden pada Peringatan Hari Koperasi Nasional Ke-79 Tahun 2026,https://www.setneg.go.id/baca/index/sambutan_presiden_pada_peringatan_hari_koperasi_nasional_ke_79_tahun_2026,"Rakyat butuh sekolah yang baik, guru-guru butuh gaji yang baik, dokter-dokter, perawat-perawat butuh gaji yang baik, tentara dan polisi butuh gaji yang baik supaya mereka tidak memeras dari rakyat, pegawai negeri butuh gaji yang baik supaya mereka enggak korupsi.",rakyat butuh sekolah yang baik guru guru butuh gaji yang baik dokter dokter perawat perawat butuh gaji yang baik tentara dan polisi butuh gaji yang baik supaya mereka tidak memeras dari rakyat pegawai negeri butuh gaji yang baik supaya mereka enggak korupsi,rakyat butuh sekolah baik guru guru butuh gaji baik dokter dokter perawat perawat butuh gaji baik tentara polisi butuh gaji baik mereka memeras rakyat pegawai negeri butuh gaji baik mereka enggak korupsi,-22,negatif
Sambutan Presiden pada Peringatan Hari Koperasi Nasional Ke-79 Tahun 2026,https://www.setneg.go.id/baca/index/sambutan_presiden_pada_peringatan_hari_koperasi_nasional_ke_79_tahun_2026,Percayalah.,percayalah,percayalah,0,netral
Sambutan Presiden pada Peringatan Hari Koperasi Nasional Ke-79 Tahun 2026,https://www.setneg.go.id/baca/index/sambutan_presiden_pada_peringatan_hari_koperasi_nasional_ke_79_tahun_2026,Mari kita bersatu semua unsur.,mari kita bersatu semua unsur,kita bersatu semua unsur,-4,negatif
Sambutan Presiden pada Peringatan Hari Koperasi Nasional Ke-79 Tahun 2026,https://www.setneg.go.id/baca/index/sambutan_presiden_pada_peringatan_hari_koperasi_nasional_ke_79_tahun_2026,"Kita berbeda, tidak ada masalah.",kita berbeda tidak ada masalah,berbeda ada masalah,-11,negatif
Sambutan Presiden pada Peringatan Hari Koperasi Nasional Ke-79 Tahun 2026,https://www.setneg.go.id/baca/index/sambutan_presiden_pada_peringatan_hari_koperasi_nasional_ke_79_tahun_2026,"Berbeda partai, tidak ada masalah.",berbeda partai tidak ada masalah,berbeda partai ada masalah,-11,negatif
Sambutan Presiden pada Peringatan Hari Koperasi Nasional Ke-79 Tahun 2026,https://www.setneg.go.id/baca/index/sambutan_presiden_pada_peringatan_hari_koperasi_nasional_ke_79_tahun_2026,"Tiap sekian tahun kita bertanding dengan baik, enggak ada masalah.",tiap sekian tahun kita bertanding dengan baik enggak ada masalah,tiap sekian tahun bertanding baik enggak masalah,-9,negatif
Sambutan Presiden pada Peringatan Hari Koperasi Nasional Ke-79 Tahun 2026,https://www.setneg.go.id/baca/index/sambutan_presiden_pada_peringatan_hari_koperasi_nasional_ke_79_tahun_2026,"Siapa yang menang,monggo.Jangan kalau kalah mau bakar-bakar itu, bangsa apa itu.",siapa yang menang monggo jangan kalau kalah mau bakar bakar itu bangsa apa itu,siapa menang monggo jangan kalau kalah mau bakar bakar bangsa apa,-22,negatif
Sambutan Presiden pada Peringatan Hari Koperasi Nasional Ke-79 Tahun 2026,https://www.setneg.go.id/baca/index/sambutan_presiden_pada_peringatan_hari_koperasi_nasional_ke_79_tahun_2026,"Pemimpin yang menghancurkan, bakar-bakar di Republik ini itu adalah pemimpin pengkhianat, Saudara-saudara sekalian.",pemimpin yang menghancurkan bakar bakar di republik ini itu adalah pemimpin pengkhianat saudara saudara sekalian,pemimpin menghancurkan bakar bakar republik itu pemimpin pengkhianat saudara saudara sekalian,-12,negatif
Sambutan Presiden pada Peringatan Hari Koperasi Nasional Ke-79 Tahun 2026,https://www.setneg.go.id/baca/index/sambutan_presiden_pada_peringatan_hari_koperasi_nasional_ke_79_tahun_2026,Saya percaya hukum karma akan kena kepada mereka semua itu.,saya percaya hukum karma akan kena kepada mereka semua itu,percaya hukum karma kena mereka semua,-7,negatif
Sambutan Presiden pada Peringatan Hari Koperasi Nasional Ke-79 Tahun 2026,https://www.setneg.go.id/baca/index/sambutan_presiden_pada_peringatan_hari_koperasi_nasional_ke_79_tahun_2026,"Saya maju lima kali pemilihan, empat kali kalah.",saya maju lima kali pemilihan empat kali kalah,maju lima kali pemilihan empat kali kalah,-4,negatif
Sambutan Presiden pada Peringatan Hari Koperasi Nasional Ke-79 Tahun 2026,https://www.setneg.go.id/baca/index/sambutan_presiden_pada_peringatan_hari_koperasi_nasional_ke_79_tahun_2026,Enggak pernah saya suruh anak buah saya bakar-bakar.,enggak pernah saya suruh anak buah saya bakar bakar,enggak pernah suruh anak buah bakar bakar,-14,negatif
Sambutan Presiden pada Peringatan Hari Koperasi Nasional Ke-79 Tahun 2026,https://www.setneg.go.id/baca/index/sambutan_presiden_pada_peringatan_hari_koperasi_nasional_ke_79_tahun_2026,Demo aja enggak.,demo aja enggak,demo aja enggak,-2,negatif
Sambutan Presiden pada Peringatan Hari Koperasi Nasional Ke-79 Tahun 2026,https://www.setneg.go.id/baca/index/sambutan_presiden_pada_peringatan_hari_koperasi_nasional_ke_79_tahun_2026,"Saya datang pelantikan rival saya, saya datang, saya hormat, saya kasih selamat.",saya datang pelantikan rival saya saya datang saya hormat saya kasih selamat,datang pelantikan rival datang hormat saya kasih selamat,-10,negatif
Sambutan Presiden pada Peringatan Hari Koperasi Nasional Ke-79 Tahun 2026,https://www.setneg.go.id/baca/index/sambutan_presiden_pada_peringatan_hari_koperasi_nasional_ke_79_tahun_2026,"Bersaing itu baik, pertandingan itu baik.",bersaing itu baik pertandingan itu baik,bersaing baik pertandingan baik,-2,negatif
Sambutan Presiden pada Peringatan Hari Koperasi Nasional Ke-79 Tahun 2026,https://www.setneg.go.id/baca/index/sambutan_presiden_pada_peringatan_hari_koperasi_nasional_ke_79_tahun_2026,"Iya, kan?",iya kan,iya kan,0,netral
Sambutan Presiden pada Peringatan Hari Koperasi Nasional Ke-79 Tahun 2026,https://www.setneg.go.id/baca/index/sambutan_presiden_pada_peringatan_hari_koperasi_nasional_ke_79_tahun_2026,"Sepak bola ada pertandingan, kan, ada dua.",sepak bola ada pertandingan kan ada dua,sepak bola pertandingan kan dua,-6,negatif
Sambutan Presiden pada Peringatan Hari Koperasi Nasional Ke-79 Tahun 2026,https://www.setneg.go.id/baca/index/sambutan_presiden_pada_peringatan_hari_koperasi_nasional_ke_79_tahun_2026,Satu harus menang.,satu harus menang,satu menang,-6,negatif
Sambutan Presiden pada Peringatan Hari Koperasi Nasional Ke-79 Tahun 2026,https://www.setneg.go.id/baca/index/sambutan_presiden_pada_peringatan_hari_koperasi_nasional_ke_79_tahun_2026,Kalau satu kalah masa wasitnya mau digebukin?,kalau satu kalah masa wasitnya mau digebukin,kalau satu kalah masa wasitnya mau digebukin,-7,negatif
Sambutan Presiden pada Peringatan Hari Koperasi Nasional Ke-79 Tahun 2026,https://www.setneg.go.id/baca/index/sambutan_presiden_pada_peringatan_hari_koperasi_nasional_ke_79_tahun_2026,"Ya, persaingan itu biasa.",ya persaingan itu biasa,persaingan biasa,-4,negatif
Sambutan Presiden pada Peringatan Hari Koperasi Nasional Ke-79 Tahun 2026,https://www.setneg.go.id/baca/index/sambutan_presiden_pada_peringatan_hari_koperasi_nasional_ke_79_tahun_2026,"Enggak ada masalah, ya.",enggak ada masalah ya,enggak masalah,-4,negatif
Sambutan Presiden pada Peringatan Hari Koperasi Nasional Ke-79 Tahun 2026,https://www.setneg.go.id/baca/index/sambutan_presiden_pada_peringatan_hari_koperasi_nasional_ke_79_tahun_2026,"Ini Gus Imin, pertama bersama saya, habis itu tidak bersama saya.",ini gus imin pertama bersama saya habis itu tidak bersama saya,gus imin pertama bersama habis tidak bersama,-2,negatif
Sambutan Presiden pada Peringatan Hari Koperasi Nasional Ke-79 Tahun 2026,https://www.setneg.go.id/baca/index/sambutan_presiden_pada_peringatan_hari_koperasi_nasional_ke_79_tahun_2026,Tapi enggak ada masalah.,tapi enggak ada masalah,enggak masalah,-4,negatif
Sambutan Presiden pada Peringatan Hari Koperasi Nasional Ke-79 Tahun 2026,https://www.setneg.go.id/baca/index/sambutan_presiden_pada_peringatan_hari_koperasi_nasional_ke_79_tahun_2026,"Karena dalam hati beliau, beliau juga ingin yang terbaik untuk Indonesia.",karena dalam hati beliau beliau juga ingin yang terbaik untuk indonesia,dalam hati beliau beliau ingin terbaik indonesia,6,positif
Sambutan Presiden pada Peringatan Hari Koperasi Nasional Ke-79 Tahun 2026,https://www.setneg.go.id/baca/index/sambutan_presiden_pada_peringatan_hari_koperasi_nasional_ke_79_tahun_2026,"Dan, sekarang beliau bersama saya untuk Indonesia, Saudara-saudara.",dan sekarang beliau bersama saya untuk indonesia saudara saudara,sekarang beliau bersama untuk indonesia saudara saudara,3,positif
Sambutan Presiden pada Peringatan Hari Koperasi Nasional Ke-79 Tahun 2026,https://www.setneg.go.id/baca/index/sambutan_presiden_pada_peringatan_hari_koperasi_nasional_ke_79_tahun_2026,Enggak ada masalah.,enggak ada masalah,enggak masalah,-4,negatif
Sambutan Presiden pada Peringatan Hari Koperasi Nasional Ke-79 Tahun 2026,https://www.setneg.go.id/baca/index/sambutan_presiden_pada_peringatan_hari_koperasi_nasional_ke_79_tahun_2026,Siapa lagi dulu yang ngalahin aku?,siapa lagi dulu yang ngalahin aku,siapa dulu ngalahin aku,-3,negatif
Sambutan Presiden pada Peringatan Hari Koperasi Nasional Ke-79 Tahun 2026,https://www.setneg.go.id/baca/index/sambutan_presiden_pada_peringatan_hari_koperasi_nasional_ke_79_tahun_2026,Harus pakai kacamata ini saya.,harus pakai kacamata ini saya,pakai kacamata saya,-3,negatif
Sambutan Presiden pada Peringatan Hari Koperasi Nasional Ke-79 Tahun 2026,https://www.setneg.go.id/baca/index/sambutan_presiden_pada_peringatan_hari_koperasi_nasional_ke_79_tahun_2026,"Tidak ada masalah, Saudara-saudara, ya.",tidak ada masalah saudara saudara ya,ada masalah saudara saudara,-7,negatif
Sambutan Presiden pada Peringatan Hari Koperasi Nasional Ke-79 Tahun 2026,https://www.setneg.go.id/baca/index/sambutan_presiden_pada_peringatan_hari_koperasi_nasional_ke_79_tahun_2026,"Kita ini satu bangsa, satu nusa, satu bahasa.",kita ini satu bangsa satu nusa satu bahasa,ini satu bangsa satu nusa satu bahasa,-7,negatif
Sambutan Presiden pada Peringatan Hari Koperasi Nasional Ke-79 Tahun 2026,https://www.setneg.go.id/baca/index/sambutan_presiden_pada_peringatan_hari_koperasi_nasional_ke_79_tahun_2026,Kita ini satu keluarga.,kita ini satu keluarga,ini satu keluarga,-4,negatif
Sambutan Presiden pada Peringatan Hari Koperasi Nasional Ke-79 Tahun 2026,https://www.setneg.go.id/baca/index/sambutan_presiden_pada_peringatan_hari_koperasi_nasional_ke_79_tahun_2026,"Buktikanlah bahwa bangsa Indonesia ini bangsa yang khas, bangsa yang bersatu.",buktikanlah bahwa bangsa indonesia ini bangsa yang khas bangsa yang bersatu,buktikanlah bangsa indonesia bangsa khas bangsa bersatu,3,positif
Sambutan Presiden pada Peringatan Hari Koperasi Nasional Ke-79 Tahun 2026,https://www.setneg.go.id/baca/index/sambutan_presiden_pada_peringatan_hari_koperasi_nasional_ke_79_tahun_2026,"Kita bersaing habis itu bersatu, bekerja untuk seluruh rakyat.",kita bersaing habis itu bersatu bekerja untuk seluruh rakyat,bersaing habis bersatu bekerja seluruh rakyat,-4,negatif
Sambutan Presiden pada Peringatan Hari Koperasi Nasional Ke-79 Tahun 2026,https://www.setneg.go.id/baca/index/sambutan_presiden_pada_peringatan_hari_koperasi_nasional_ke_79_tahun_2026,"Inilah bangsa Indonesia, Saudara-saudara sekalian.",inilah bangsa indonesia saudara saudara sekalian,inilah bangsa indonesia saudara saudara sekalian,0,netral
Sambutan Presiden pada Peringatan Hari Koperasi Nasional Ke-79 Tahun 2026,https://www.setneg.go.id/baca/index/sambutan_presiden_pada_peringatan_hari_koperasi_nasional_ke_79_tahun_2026,"Jangan bisanya nyinyir, ya, kan.",jangan bisanya nyinyir ya kan,jangan bisanya nyinyir kan,-7,negatif
Sambutan Presiden pada Peringatan Hari Koperasi Nasional Ke-79 Tahun 2026,https://www.setneg.go.id/baca/index/sambutan_presiden_pada_peringatan_hari_koperasi_nasional_ke_79_tahun_2026,"Kalau lu enggak, lu enggak setuju, lu enggak mau bekerja, lu duduk aja lihat baik-baik, gitu, lo.",kalau lu enggak lu enggak setuju lu enggak mau bekerja lu duduk aja lihat baik baik gitu lo,kalau lu enggak lu enggak setuju lu enggak mau bekerja lu duduk aja lihat baik baik gitu lo,-3,negatif
Sambutan Presiden pada Peringatan Hari Koperasi Nasional Ke-79 Tahun 2026,https://www.setneg.go.id/baca/index/sambutan_presiden_pada_peringatan_hari_koperasi_nasional_ke_79_tahun_2026,"Tapi kita terima kritik, kita terima kritik.",tapi kita terima kritik kita terima kritik,terima kritik kita terima kritik,-6,negatif
Sambutan Presiden pada Peringatan Hari Koperasi Nasional Ke-79 Tahun 2026,https://www.setneg.go.id/baca/index/sambutan_presiden_pada_peringatan_hari_koperasi_nasional_ke_79_tahun_2026,Kritik itu bagus.,kritik itu bagus,kritik bagus,-9,negatif
Sambutan Presiden pada Peringatan Hari Koperasi Nasional Ke-79 Tahun 2026,https://www.setneg.go.id/baca/index/sambutan_presiden_pada_peringatan_hari_koperasi_nasional_ke_79_tahun_2026,"Itu artinya koreksi, waspada.",itu artinya koreksi waspada,artinya koreksi waspada,-3,negatif
Sambutan Presiden pada Peringatan Hari Koperasi Nasional Ke-79 Tahun 2026,https://www.setneg.go.id/baca/index/sambutan_presiden_pada_peringatan_hari_koperasi_nasional_ke_79_tahun_2026,"Kita kritik, kita mau terima kritik.",kita kritik kita mau terima kritik,kritik mau terima kritik,-9,negatif
Sambutan Presiden pada Peringatan Hari Koperasi Nasional Ke-79 Tahun 2026,https://www.setneg.go.id/baca/index/sambutan_presiden_pada_peringatan_hari_koperasi_nasional_ke_79_tahun_2026,"Saudara-saudara,Saya jelaskan bagaimana konsep Koperasi Merah Putih datang.",saudara saudara saya jelaskan bagaimana konsep koperasi merah putih datang,saudara saudara jelaskan bagaimana konsep koperasi merah putih datang,-11,negatif
Sambutan Presiden pada Peringatan Hari Koperasi Nasional Ke-79 Tahun 2026,https://www.setneg.go.id/baca/index/sambutan_presiden_pada_peringatan_hari_koperasi_nasional_ke_79_tahun_2026,"Sebetulnya konsep Merah Putih ini sudah lama ada di benak saya, sudah lama, puluhan tahun.",sebetulnya konsep merah putih ini sudah lama ada di benak saya sudah lama puluhan tahun,konsep merah putih sudah lama di benak sudah lama puluhan tahun,-19,negatif
Sambutan Presiden pada Peringatan Hari Koperasi Nasional Ke-79 Tahun 2026,https://www.setneg.go.id/baca/index/sambutan_presiden_pada_peringatan_hari_koperasi_nasional_ke_79_tahun_2026,"Saya waktu di tentara, saya waktu di tentara kita bertugas di desa-desa, di gunung-gunung.",saya waktu di tentara saya waktu di tentara kita bertugas di desa desa di gunung gunung,waktu tentara waktu tentara bertugas desa desa gunung gunung,0,netral
Sambutan Presiden pada Peringatan Hari Koperasi Nasional Ke-79 Tahun 2026,https://www.setneg.go.id/baca/index/sambutan_presiden_pada_peringatan_hari_koperasi_nasional_ke_79_tahun_2026,Kita bisa berbulan-bulan di sebuah kecamatan.,kita bisa berbulan bulan di sebuah kecamatan,bisa berbulan bulan sebuah kecamatan,-1,negatif
Sambutan Presiden pada Peringatan Hari Koperasi Nasional Ke-79 Tahun 2026,https://www.setneg.go.id/baca/index/sambutan_presiden_pada_peringatan_hari_koperasi_nasional_ke_79_tahun_2026,Saya lihat di situ rakyat kelaparan.,saya lihat di situ rakyat kelaparan,lihat situ rakyat kelaparan,3,positif
Sambutan Presiden pada Peringatan Hari Koperasi Nasional Ke-79 Tahun 2026,https://www.setneg.go.id/baca/index/sambutan_presiden_pada_peringatan_hari_koperasi_nasional_ke_79_tahun_2026,"Saya lihat ada rakyat yang mati kelaparan, dan saya tidak bisa berbuat apa-apa.",saya lihat ada rakyat yang mati kelaparan dan saya tidak bisa berbuat apa apa,lihat rakyat mati kelaparan saya bisa berbuat apa apa,-11,negatif
Sambutan Presiden pada Peringatan Hari Koperasi Nasional Ke-79 Tahun 2026,https://www.setneg.go.id/baca/index/sambutan_presiden_pada_peringatan_hari_koperasi_nasional_ke_79_tahun_2026,Karena makanan saya terbatas untuk kompi saya.,karena makanan saya terbatas untuk kompi saya,makanan terbatas kompi,6,positif
Sambutan Presiden pada Peringatan Hari Koperasi Nasional Ke-79 Tahun 2026,https://www.setneg.go.id/baca/index/sambutan_presiden_pada_peringatan_hari_koperasi_nasional_ke_79_tahun_2026,"Dari situ saya lihat kita harus menjaga, kita harus memelihara kemampuan kita di desa-desa.",dari situ saya lihat kita harus menjaga kita harus memelihara kemampuan kita di desa desa,situ lihat harus menjaga harus memelihara kemampuan di desa desa,-6,negatif
Sambutan Presiden pada Peringatan Hari Koperasi Nasional Ke-79 Tahun 2026,https://www.setneg.go.id/baca/index/sambutan_presiden_pada_peringatan_hari_koperasi_nasional_ke_79_tahun_2026,"Indonesia merdeka, perang kemerdekaan kita, kekuatan kita ada di desa-desa.",indonesia merdeka perang kemerdekaan kita kekuatan kita ada di desa desa,indonesia merdeka perang kemerdekaan kekuatan ada desa desa,-3,negatif
Sambutan Presiden pada Peringatan Hari Koperasi Nasional Ke-79 Tahun 2026,https://www.setneg.go.id/baca/index/sambutan_presiden_pada_peringatan_hari_koperasi_nasional_ke_79_tahun_2026,"Tetapi, kita juga ingin jadi negara industri.",tetapi kita juga ingin jadi negara industri,kita ingin jadi negara industri,-2,negatif
Sambutan Presiden pada Peringatan Hari Koperasi Nasional Ke-79 Tahun 2026,https://www.setneg.go.id/baca/index/sambutan_presiden_pada_peringatan_hari_koperasi_nasional_ke_79_tahun_2026,"Nah, untuk itu akhirnya dari dulu saya semakin yakin satu-satunya jalan untuk menjaga rakyat yang paling bawah adalah kekuatan koperasi.",nah untuk itu akhirnya dari dulu saya semakin yakin satu satunya jalan untuk menjaga rakyat yang paling bawah adalah kekuatan koperasi,nah itu akhirnya dulu semakin yakin satu satunya jalan menjaga rakyat paling bawah kekuatan koperasi,2,positif
Sambutan Presiden pada Peringatan Hari Koperasi Nasional Ke-79 Tahun 2026,https://www.setneg.go.id/baca/index/sambutan_presiden_pada_peringatan_hari_koperasi_nasional_ke_79_tahun_2026,"Tapi, saya sadar waktu saya mulai bikin koperasi ternyata kalau tidak punya wewenang, kalau tidak punya kekuasaan, sangat lambat, sangat lambat.",tapi saya sadar waktu saya mulai bikin koperasi ternyata kalau tidak punya wewenang kalau tidak punya kekuasaan sangat lambat sangat lambat,sadar waktu saya mulai bikin koperasi ternyata kalau punya wewenang kalau punya kekuasaan sangat lambat sangat lambat,-5,negatif
Sambutan Presiden pada Peringatan Hari Koperasi Nasional Ke-79 Tahun 2026,https://www.setneg.go.id/baca/index/sambutan_presiden_pada_peringatan_hari_koperasi_nasional_ke_79_tahun_2026,Betul?,betul,betul,-4,negatif
Sambutan Presiden pada Peringatan Hari Koperasi Nasional Ke-79 Tahun 2026,https://www.setneg.go.id/baca/index/sambutan_presiden_pada_peringatan_hari_koperasi_nasional_ke_79_tahun_2026,"Kalau orang modalnya kecil atau tidak punya, modal susah dapat kredit di mana-mana.",kalau orang modalnya kecil atau tidak punya modal susah dapat kredit di mana mana,kalau orang modalnya kecil tidak punya modal susah kredit mana mana,-12,negatif
Sambutan Presiden pada Peringatan Hari Koperasi Nasional Ke-79 Tahun 2026,https://www.setneg.go.id/baca/index/sambutan_presiden_pada_peringatan_hari_koperasi_nasional_ke_79_tahun_2026,"Waktu saya jadi presiden, dengan menteri-menteri kita kebut swasembada pangan.",waktu saya jadi presiden dengan menteri menteri kita kebut swasembada pangan,waktu jadi presiden menteri menteri kebut swasembada pangan,1,positif
Sambutan Presiden pada Peringatan Hari Koperasi Nasional Ke-79 Tahun 2026,https://www.setneg.go.id/baca/index/sambutan_presiden_pada_peringatan_hari_koperasi_nasional_ke_79_tahun_2026,"Kita turunkan harga pupuk, kita naikkan harga pembelian gabah.",kita turunkan harga pupuk kita naikkan harga pembelian gabah,turunkan harga pupuk naikkan harga pembelian gabah,7,positif
Sambutan Presiden pada Peringatan Hari Koperasi Nasional Ke-79 Tahun 2026,https://www.setneg.go.id/baca/index/sambutan_presiden_pada_peringatan_hari_koperasi_nasional_ke_79_tahun_2026,Kita jamin hasil petani naik.,kita jamin hasil petani naik,jamin hasil petani naik,-1,negatif
Sambutan Presiden pada Peringatan Hari Koperasi Nasional Ke-79 Tahun 2026,https://www.setneg.go.id/baca/index/sambutan_presiden_pada_peringatan_hari_koperasi_nasional_ke_79_tahun_2026,"Tapi saya dapat laporan, “Pak, percuma, Pak, hasil mereka naik.",tapi saya dapat laporan pak percuma pak hasil mereka naik,saya laporan pak percuma pak hasil naik,-8,negatif
Sambutan Presiden pada Peringatan Hari Koperasi Nasional Ke-79 Tahun 2026,https://www.setneg.go.id/baca/index/sambutan_presiden_pada_peringatan_hari_koperasi_nasional_ke_79_tahun_2026,Kenapa?,kenapa,,0,netral
Sambutan Presiden pada Peringatan Hari Koperasi Nasional Ke-79 Tahun 2026,https://www.setneg.go.id/baca/index/sambutan_presiden_pada_peringatan_hari_koperasi_nasional_ke_79_tahun_2026,"Karena utang mereka banyak.” Karena pertanian itu, panennya itu 100 hari.",karena utang mereka banyak karena pertanian itu panennya itu hari,utang banyak pertanian panennya hari,-7,negatif
Sambutan Presiden pada Peringatan Hari Koperasi Nasional Ke-79 Tahun 2026,https://www.setneg.go.id/baca/index/sambutan_presiden_pada_peringatan_hari_koperasi_nasional_ke_79_tahun_2026,"Nah, selama 100 hari anaknya ada yang sakit, anaknya harus sekolah.",nah selama hari anaknya ada yang sakit anaknya harus sekolah,nah selama hari anaknya yang sakit anaknya sekolah,-7,negatif
Sambutan Presiden pada Peringatan Hari Koperasi Nasional Ke-79 Tahun 2026,https://www.setneg.go.id/baca/index/sambutan_presiden_pada_peringatan_hari_koperasi_nasional_ke_79_tahun_2026,"Mungkin ada kerusakan ini, dia butuh uang.",mungkin ada kerusakan ini dia butuh uang,mungkin kerusakan dia butuh uang,-9,negatif
Sambutan Presiden pada Peringatan Hari Koperasi Nasional Ke-79 Tahun 2026,https://www.setneg.go.id/baca/index/sambutan_presiden_pada_peringatan_hari_koperasi_nasional_ke_79_tahun_2026,Dia pinjam uang dan bunganya luar biasa gila.,dia pinjam uang dan bunganya luar biasa gila,pinjam uang bunganya luar biasa gila,-9,negatif
Sambutan Presiden pada Peringatan Hari Koperasi Nasional Ke-79 Tahun 2026,https://www.setneg.go.id/baca/index/sambutan_presiden_pada_peringatan_hari_koperasi_nasional_ke_79_tahun_2026,"Dia pinjam uang dari lintah darat, dari mereka-mereka yang memberi bunga kadang-kadang 1 persen sehari.",dia pinjam uang dari lintah darat dari mereka mereka yang memberi bunga kadang kadang persen sehari,pinjam uang lintah darat mereka yang memberi bunga kadang kadang persen sehari,-5,negatif
Sambutan Presiden pada Peringatan Hari Koperasi Nasional Ke-79 Tahun 2026,https://www.setneg.go.id/baca/index/sambutan_presiden_pada_peringatan_hari_koperasi_nasional_ke_79_tahun_2026,Ini mematikan.,ini mematikan,mematikan,0,netral
Sambutan Presiden pada Peringatan Hari Koperasi Nasional Ke-79 Tahun 2026,https://www.setneg.go.id/baca/index/sambutan_presiden_pada_peringatan_hari_koperasi_nasional_ke_79_tahun_2026,Seumur hidup mereka tidak bisa bangkit.,seumur hidup mereka tidak bisa bangkit,seumur hidup tidak bangkit,-13,negatif
Sambutan Presiden pada Peringatan Hari Koperasi Nasional Ke-79 Tahun 2026,https://www.setneg.go.id/baca/index/sambutan_presiden_pada_peringatan_hari_koperasi_nasional_ke_79_tahun_2026,"Karena itu, salah satu kebijakan saya pertama mungkin dalam bulan-bulan pertama Saudara ingat, saya hapuskan hutang jutaan petani yang mereka tidak mampu bayar, saya hapus.",karena itu salah satu kebijakan saya pertama mungkin dalam bulan bulan pertama saudara ingat saya hapuskan hutang jutaan petani yang mereka tidak mampu bayar saya hapus,itu salah satu kebijakan pertama mungkin bulan bulan pertama saudara ingat hapuskan hutang jutaan petani mereka mampu bayar hapus,-25,negatif
Sambutan Presiden pada Peringatan Hari Koperasi Nasional Ke-79 Tahun 2026,https://www.setneg.go.id/baca/index/sambutan_presiden_pada_peringatan_hari_koperasi_nasional_ke_79_tahun_2026,Kenapa?,kenapa,,0,netral
Sambutan Presiden pada Peringatan Hari Koperasi Nasional Ke-79 Tahun 2026,https://www.setneg.go.id/baca/index/sambutan_presiden_pada_peringatan_hari_koperasi_nasional_ke_79_tahun_2026,Pengusaha besar pun banyak yang enggak bayar hutang.,pengusaha besar pun banyak yang enggak bayar hutang,pengusaha besar banyak enggak bayar hutang,-13,negatif
Sambutan Presiden pada Peringatan Hari Koperasi Nasional Ke-79 Tahun 2026,https://www.setneg.go.id/baca/index/sambutan_presiden_pada_peringatan_hari_koperasi_nasional_ke_79_tahun_2026,Enak saja.,enak saja,enak,-4,negatif
Sambutan Presiden pada Peringatan Hari Koperasi Nasional Ke-79 Tahun 2026,https://www.setneg.go.id/baca/index/sambutan_presiden_pada_peringatan_hari_koperasi_nasional_ke_79_tahun_2026,"Hutangnya triliunan, enggak mau bayar.",hutangnya triliunan enggak mau bayar,hutangnya triliunan enggak mau bayar,-4,negatif
Sambutan Presiden pada Peringatan Hari Koperasi Nasional Ke-79 Tahun 2026,https://www.setneg.go.id/baca/index/sambutan_presiden_pada_peringatan_hari_koperasi_nasional_ke_79_tahun_2026,"Habis itu pakai ini, pakai itu, apa namanya?Haircut, apalagi restrukturisasi.",habis itu pakai ini pakai itu apa namanya haircut apalagi restrukturisasi,habis pakai pakai apa namanya haircut restrukturisasi,-6,negatif
Sambutan Presiden pada Peringatan Hari Koperasi Nasional Ke-79 Tahun 2026,https://www.setneg.go.id/baca/index/sambutan_presiden_pada_peringatan_hari_koperasi_nasional_ke_79_tahun_2026,Ada istilah-istilah keren.,ada istilah istilah keren,istilah istilah keren,0,netral
Sambutan Presiden pada Peringatan Hari Koperasi Nasional Ke-79 Tahun 2026,https://www.setneg.go.id/baca/index/sambutan_presiden_pada_peringatan_hari_koperasi_nasional_ke_79_tahun_2026,Rakyat enggak bisa.,rakyat enggak bisa,rakyat enggak,0,netral
Sambutan Presiden pada Peringatan Hari Koperasi Nasional Ke-79 Tahun 2026,https://www.setneg.go.id/baca/index/sambutan_presiden_pada_peringatan_hari_koperasi_nasional_ke_79_tahun_2026,"Kemudian selain itu, saya berpikir tidak ada jalan.",kemudian selain itu saya berpikir tidak ada jalan,kemudian itu berpikir ada jalan,-5,negatif
Sambutan Presiden pada Peringatan Hari Koperasi Nasional Ke-79 Tahun 2026,https://www.setneg.go.id/baca/index/sambutan_presiden_pada_peringatan_hari_koperasi_nasional_ke_79_tahun_2026,Mereka rakyat kita harus bisa mendapat kesempatan pinjam uang dengan bunga yang murah.,mereka rakyat kita harus bisa mendapat kesempatan pinjam uang dengan bunga yang murah,rakyat harus mendapat kesempatan pinjam uang bunga murah,-7,negatif
Sambutan Presiden pada Peringatan Hari Koperasi Nasional Ke-79 Tahun 2026,https://www.setneg.go.id/baca/index/sambutan_presiden_pada_peringatan_hari_koperasi_nasional_ke_79_tahun_2026,Jawabannya adalah harus ada koperasi simpan pinjam di setiap desa di seluruh Republik Indonesia.,jawabannya adalah harus ada koperasi simpan pinjam di setiap desa di seluruh republik indonesia,jawabannya harus koperasi simpan pinjam setiap desa seluruh republik indonesia,-8,negatif
Sambutan Presiden pada Peringatan Hari Koperasi Nasional Ke-79 Tahun 2026,https://www.setneg.go.id/baca/index/sambutan_presiden_pada_peringatan_hari_koperasi_nasional_ke_79_tahun_2026,"Karena itulah, angka 81 ribu muncul, karena desa dan kelurahan kita di seluruh Indonesia jumlahnya adalah 81 ribu.",karena itulah angka ribu muncul karena desa dan kelurahan kita di seluruh indonesia jumlahnya adalah ribu,itulah angka ribu muncul desa kelurahan di seluruh indonesia jumlahnya ribu,-3,negatif
Sambutan Presiden pada Peringatan Hari Koperasi Nasional Ke-79 Tahun 2026,https://www.setneg.go.id/baca/index/sambutan_presiden_pada_peringatan_hari_koperasi_nasional_ke_79_tahun_2026,"Masalahnya adalah untuk memotong cengkeraman para lintah darat itu, supaya membebaskan jutaan rakyat kita dari ketergantungan kepada itu.",masalahnya adalah untuk memotong cengkeraman para lintah darat itu supaya membebaskan jutaan rakyat kita dari ketergantungan kepada itu,masalahnya untuk memotong cengkeraman lintah darat supaya membebaskan jutaan rakyat dari ketergantungan itu,-13,negatif
Sambutan Presiden pada Peringatan Hari Koperasi Nasional Ke-79 Tahun 2026,https://www.setneg.go.id/baca/index/sambutan_presiden_pada_peringatan_hari_koperasi_nasional_ke_79_tahun_2026,"Dan akhirnya muncul lagi bahwa, “Oh, iya, pupuk bersubsidi bisa di koperasi.” Kemudian gas, tabung-tabung gas itu bisa dioperasi.",dan akhirnya muncul lagi bahwa oh iya pupuk bersubsidi bisa di koperasi kemudian gas tabung tabung gas itu bisa dioperasi,akhirnya muncul bahwa iya pupuk bersubsidi di koperasi kemudian gas tabung tabung gas bisa dioperasi,-5,negatif
Sambutan Presiden pada Peringatan Hari Koperasi Nasional Ke-79 Tahun 2026,https://www.setneg.go.id/baca/index/sambutan_presiden_pada_peringatan_hari_koperasi_nasional_ke_79_tahun_2026,Kemudian hampir semua barang-barang subsidi bisa kita salurkan melalui koperasi supaya tidak diselewengkan.,kemudian hampir semua barang barang subsidi bisa kita salurkan melalui koperasi supaya tidak diselewengkan,kemudian hampir semua barang barang subsidi kita salurkan melalui koperasi tidak diselewengkan,-5,negatif
Sambutan Presiden pada Peringatan Hari Koperasi Nasional Ke-79 Tahun 2026,https://www.setneg.go.id/baca/index/sambutan_presiden_pada_peringatan_hari_koperasi_nasional_ke_79_tahun_2026,"Karena banyak barang subsidi diselewengkan tidak sampai ke rakyat yang perlu, tapi diatur-atur sedemikian, bahkan banyak yang diselundupkan ke luar negeri, Saudara-saudara sekalian.",karena banyak barang subsidi diselewengkan tidak sampai ke rakyat yang perlu tapi diatur atur sedemikian bahkan banyak yang diselundupkan ke luar negeri saudara saudara sekalian,banyak barang subsidi diselewengkan sampai rakyat perlu diatur atur sedemikian bahkan banyak diselundupkan luar negeri saudara saudara sekalian,-12,negatif
Sambutan Presiden pada Peringatan Hari Koperasi Nasional Ke-79 Tahun 2026,https://www.setneg.go.id/baca/index/sambutan_presiden_pada_peringatan_hari_koperasi_nasional_ke_79_tahun_2026,Itu latar belakang Koperasi Merah Putih.,itu latar belakang koperasi merah putih,latar belakang koperasi merah putih,-7,negatif
Sambutan Presiden pada Peringatan Hari Koperasi Nasional Ke-79 Tahun 2026,https://www.setneg.go.id/baca/index/sambutan_presiden_pada_peringatan_hari_koperasi_nasional_ke_79_tahun_2026,"Kemudian kita mulai rapat, kita mulai susun, kita mulai merencanakan.",kemudian kita mulai rapat kita mulai susun kita mulai merencanakan,kemudian mulai rapat mulai susun mulai merencanakan,3,positif
Sambutan Presiden pada Peringatan Hari Koperasi Nasional Ke-79 Tahun 2026,https://www.setneg.go.id/baca/index/sambutan_presiden_pada_peringatan_hari_koperasi_nasional_ke_79_tahun_2026,Ada beberapa pilihan.,ada beberapa pilihan,beberapa pilihan,5,positif
Sambutan Presiden pada Peringatan Hari Koperasi Nasional Ke-79 Tahun 2026,https://www.setneg.go.id/baca/index/sambutan_presiden_pada_peringatan_hari_koperasi_nasional_ke_79_tahun_2026,Kita bisa laksanakan dengan cara-cara biasa.,kita bisa laksanakan dengan cara cara biasa,bisa laksanakan cara cara biasa,-4,negatif
Sambutan Presiden pada Peringatan Hari Koperasi Nasional Ke-79 Tahun 2026,https://www.setneg.go.id/baca/index/sambutan_presiden_pada_peringatan_hari_koperasi_nasional_ke_79_tahun_2026,"Tapi rakyat yang susah, tidak dalam keadaan biasa.",tapi rakyat yang susah tidak dalam keadaan biasa,rakyat susah dalam keadaan biasa,-4,negatif
Sambutan Presiden pada Peringatan Hari Koperasi Nasional Ke-79 Tahun 2026,https://www.setneg.go.id/baca/index/sambutan_presiden_pada_peringatan_hari_koperasi_nasional_ke_79_tahun_2026,Mereka memerlukan tindakan yang cepat.,mereka memerlukan tindakan yang cepat,memerlukan tindakan cepat,0,netral
Sambutan Presiden pada Peringatan Hari Koperasi Nasional Ke-79 Tahun 2026,https://www.setneg.go.id/baca/index/sambutan_presiden_pada_peringatan_hari_koperasi_nasional_ke_79_tahun_2026,"Kita tidak bisa dengan cara-cara biasa, Saudara-saudara sekalian.",kita tidak bisa dengan cara cara biasa saudara saudara sekalian,tidak dengan cara cara biasa saudara saudara sekalian,-9,negatif
Sambutan Presiden pada Peringatan Hari Koperasi Nasional Ke-79 Tahun 2026,https://www.setneg.go.id/baca/index/sambutan_presiden_pada_peringatan_hari_koperasi_nasional_ke_79_tahun_2026,"Kita harus berpikir besar, berpikir cerdas, berpikir praktis.",kita harus berpikir besar berpikir cerdas berpikir praktis,harus berpikir besar berpikir cerdas berpikir praktis,-3,negatif
Sambutan Presiden pada Peringatan Hari Koperasi Nasional Ke-79 Tahun 2026,https://www.setneg.go.id/baca/index/sambutan_presiden_pada_peringatan_hari_koperasi_nasional_ke_79_tahun_2026,Jangan teoritis.,jangan teoritis,jangan teoritis,-3,negatif
Sambutan Presiden pada Peringatan Hari Koperasi Nasional Ke-79 Tahun 2026,https://www.setneg.go.id/baca/index/sambutan_presiden_pada_peringatan_hari_koperasi_nasional_ke_79_tahun_2026,"Saya tahu, saya tahu, “Pak, sebaiknya bikin naskah akademis dulu, Pak.” Naskah akademis itu biasanya delapan bulan.",saya tahu saya tahu pak sebaiknya bikin naskah akademis dulu pak naskah akademis itu biasanya delapan bulan,tahu tahu pak sebaiknya bikin naskah akademis dulu pak naskah akademis biasanya delapan bulan,-9,negatif
Sambutan Presiden pada Peringatan Hari Koperasi Nasional Ke-79 Tahun 2026,https://www.setneg.go.id/baca/index/sambutan_presiden_pada_peringatan_hari_koperasi_nasional_ke_79_tahun_2026,"Rapat sini, rapat situ, rapat sini, rapat situ.",rapat sini rapat situ rapat sini rapat situ,rapat sini rapat situ rapat sini rapat situ,-12,negatif
Sambutan Presiden pada Peringatan Hari Koperasi Nasional Ke-79 Tahun 2026,https://www.setneg.go.id/baca/index/sambutan_presiden_pada_peringatan_hari_koperasi_nasional_ke_79_tahun_2026,"“Dari naskah akademis nanti kita bikinpilot project, Pak.Pilot projectitu dua tahun.",dari naskah akademis nanti kita bikinpilot project pak pilot projectitu dua tahun,naskah akademis kita bikinpilot project pak pilot projectitu tahun,0,netral
Sambutan Presiden pada Peringatan Hari Koperasi Nasional Ke-79 Tahun 2026,https://www.setneg.go.id/baca/index/sambutan_presiden_pada_peringatan_hari_koperasi_nasional_ke_79_tahun_2026,"Habis itu kita coba di 100 desa dulu, Pak.” Ada 81 ribu desa dan kelurahan.",habis itu kita coba di desa dulu pak ada ribu desa dan kelurahan,habis kita coba desa dulu pak ribu desa kelurahan,-4,negatif
Sambutan Presiden pada Peringatan Hari Koperasi Nasional Ke-79 Tahun 2026,https://www.setneg.go.id/baca/index/sambutan_presiden_pada_peringatan_hari_koperasi_nasional_ke_79_tahun_2026,Rakyat itu suruh nunggu delapan tahun.,rakyat itu suruh nunggu delapan tahun,rakyat suruh nunggu delapan tahun,-1,negatif
Sambutan Presiden pada Peringatan Hari Koperasi Nasional Ke-79 Tahun 2026,https://www.setneg.go.id/baca/index/sambutan_presiden_pada_peringatan_hari_koperasi_nasional_ke_79_tahun_2026,"Saya, saya tidak mau.",saya saya tidak mau,saya mau,-4,negatif
Sambutan Presiden pada Peringatan Hari Koperasi Nasional Ke-79 Tahun 2026,https://www.setneg.go.id/baca/index/sambutan_presiden_pada_peringatan_hari_koperasi_nasional_ke_79_tahun_2026,Saya bertanggung jawab kepada rakyat saya.,saya bertanggung jawab kepada rakyat saya,bertanggung jawab rakyat,-5,negatif
Sambutan Presiden pada Peringatan Hari Koperasi Nasional Ke-79 Tahun 2026,https://www.setneg.go.id/baca/index/sambutan_presiden_pada_peringatan_hari_koperasi_nasional_ke_79_tahun_2026,"Saya memilih jalan yang berani, jalan yang tegas, jalan yang besar tapi terukur dan terjangkau oleh kita, dan itu yang sedang kita laksanakan, Saudara-saudara sekalian.",saya memilih jalan yang berani jalan yang tegas jalan yang besar tapi terukur dan terjangkau oleh kita dan itu yang sedang kita laksanakan saudara saudara sekalian,memilih jalan berani jalan tegas jalan besar terukur terjangkau itu sedang kita laksanakan saudara saudara sekalian,-4,negatif
Sambutan Presiden pada Peringatan Hari Koperasi Nasional Ke-79 Tahun 2026,https://www.setneg.go.id/baca/index/sambutan_presiden_pada_peringatan_hari_koperasi_nasional_ke_79_tahun_2026,"Tadi laporan Menteri Koperasi, kita sudah berapa?",tadi laporan menteri koperasi kita sudah berapa,tadi laporan menteri koperasi sudah berapa,-7,negatif
Sambutan Presiden pada Peringatan Hari Koperasi Nasional Ke-79 Tahun 2026,https://www.setneg.go.id/baca/index/sambutan_presiden_pada_peringatan_hari_koperasi_nasional_ke_79_tahun_2026,Dua belas ribu koperasi atau berapa koperasi yang sudah terbentuk.,dua belas ribu koperasi atau berapa koperasi yang sudah terbentuk,belas ribu koperasi berapa koperasi sudah terbentuk,-5,negatif
Sambutan Presiden pada Peringatan Hari Koperasi Nasional Ke-79 Tahun 2026,https://www.setneg.go.id/baca/index/sambutan_presiden_pada_peringatan_hari_koperasi_nasional_ke_79_tahun_2026,"Silakan, jangan buru-buru.",silakan jangan buru buru,silakan jangan buru buru,-8,negatif
Sambutan Presiden pada Peringatan Hari Koperasi Nasional Ke-79 Tahun 2026,https://www.setneg.go.id/baca/index/sambutan_presiden_pada_peringatan_hari_koperasi_nasional_ke_79_tahun_2026,"Kalau kita mampu hanya lima ribu, kita resmikan lima ribu.",kalau kita mampu hanya lima ribu kita resmikan lima ribu,kalau mampu lima ribu resmikan lima ribu,-5,negatif
Sambutan Presiden pada Peringatan Hari Koperasi Nasional Ke-79 Tahun 2026,https://www.setneg.go.id/baca/index/sambutan_presiden_pada_peringatan_hari_koperasi_nasional_ke_79_tahun_2026,Nanti kapan.,nanti kapan,kapan,0,netral
Sambutan Presiden pada Peringatan Hari Koperasi Nasional Ke-79 Tahun 2026,https://www.setneg.go.id/baca/index/sambutan_presiden_pada_peringatan_hari_koperasi_nasional_ke_79_tahun_2026,Insyaallah.,insyaallah,insyaallah,2,positif
Sambutan Presiden pada Peringatan Hari Koperasi Nasional Ke-79 Tahun 2026,https://www.setneg.go.id/baca/index/sambutan_presiden_pada_peringatan_hari_koperasi_nasional_ke_79_tahun_2026,"Langkah 1.000 kilometer dimulai, perjalanan 1.000 kilometer dimulai dengan satu langkah.",langkah kilometer dimulai perjalanan kilometer dimulai dengan satu langkah,langkah kilometer dimulai perjalanan kilometer dimulai satu langkah,9,positif
Sambutan Presiden pada Peringatan Hari Koperasi Nasional Ke-79 Tahun 2026,https://www.setneg.go.id/baca/index/sambutan_presiden_pada_peringatan_hari_koperasi_nasional_ke_79_tahun_2026,Tidak masalah.,tidak masalah,masalah,-4,negatif
Sambutan Presiden pada Peringatan Hari Koperasi Nasional Ke-79 Tahun 2026,https://www.setneg.go.id/baca/index/sambutan_presiden_pada_peringatan_hari_koperasi_nasional_ke_79_tahun_2026,"Saya dapat laporan sudah, sudah operasional 1.000 koperasi lebih.",saya dapat laporan sudah sudah operasional koperasi lebih,dapat laporan sudah operasional koperasi lebih,-8,negatif
Sambutan Presiden pada Peringatan Hari Koperasi Nasional Ke-79 Tahun 2026,https://www.setneg.go.id/baca/index/sambutan_presiden_pada_peringatan_hari_koperasi_nasional_ke_79_tahun_2026,"Dalam waktu dekat mungkin akan jadi lima ribu atau enam ribu, silakan.",dalam waktu dekat mungkin akan jadi lima ribu atau enam ribu silakan,waktu dekat mungkin jadi lima ribu enam ribu silakan,-6,negatif
Sambutan Presiden pada Peringatan Hari Koperasi Nasional Ke-79 Tahun 2026,https://www.setneg.go.id/baca/index/sambutan_presiden_pada_peringatan_hari_koperasi_nasional_ke_79_tahun_2026,Insyaallah kita akan sampai tujuan kita dan pasti kita sampai.,insyaallah kita akan sampai tujuan kita dan pasti kita sampai,insyaallah akan tujuan dan kita,2,positif
Sambutan Presiden pada Peringatan Hari Koperasi Nasional Ke-79 Tahun 2026,https://www.setneg.go.id/baca/index/sambutan_presiden_pada_peringatan_hari_koperasi_nasional_ke_79_tahun_2026,"Kalau target kita 1,5 tahun dan target itu tidak tercapai, enggak apa-apa.",kalau target kita tahun dan target itu tidak tercapai enggak apa apa,kalau target tahun target tidak tercapai enggak apa apa,-9,negatif
Sambutan Presiden pada Peringatan Hari Koperasi Nasional Ke-79 Tahun 2026,https://www.setneg.go.id/baca/index/sambutan_presiden_pada_peringatan_hari_koperasi_nasional_ke_79_tahun_2026,Kita bisanyusul.,kita bisanyusul,bisanyusul,0,netral
Sambutan Presiden pada Peringatan Hari Koperasi Nasional Ke-79 Tahun 2026,https://www.setneg.go.id/baca/index/sambutan_presiden_pada_peringatan_hari_koperasi_nasional_ke_79_tahun_2026,"Tapi kalau kita tidak punya target, tidak akan sampai-sampai, Saudara-saudara sekalian.",tapi kalau kita tidak punya target tidak akan sampai sampai saudara saudara sekalian,kalau punya target tidak akan sampai saudara saudara sekalian,-7,negatif
Sambutan Presiden pada Peringatan Hari Koperasi Nasional Ke-79 Tahun 2026,https://www.setneg.go.id/baca/index/sambutan_presiden_pada_peringatan_hari_koperasi_nasional_ke_79_tahun_2026,"Kita harus hilangkan pemikiran, “Apa bisa?” Bisa, harus bisa, akan bisa, dan akan berhasil, Saudara-saudara sekalian.",kita harus hilangkan pemikiran apa bisa bisa harus bisa akan bisa dan akan berhasil saudara saudara sekalian,hilangkan pemikiran apa bisa harus bisa bisa akan berhasil saudara saudara sekalian,-8,negatif
Sambutan Presiden pada Peringatan Hari Koperasi Nasional Ke-79 Tahun 2026,https://www.setneg.go.id/baca/index/sambutan_presiden_pada_peringatan_hari_koperasi_nasional_ke_79_tahun_2026,Menang atau kalah ada di pikiran dan di hati kita.,menang atau kalah ada di pikiran dan di hati kita,menang kalah di pikiran di hati,-11,negatif
Sambutan Presiden pada Peringatan Hari Koperasi Nasional Ke-79 Tahun 2026,https://www.setneg.go.id/baca/index/sambutan_presiden_pada_peringatan_hari_koperasi_nasional_ke_79_tahun_2026,"Menang atau kalah, kalau kita, kalau kita berpikir, “Oh, mungkin kalah.",menang atau kalah kalau kita kalau kita berpikir oh mungkin kalah,menang kalah kalau kalau berpikir mungkin kalah,-16,negatif
Sambutan Presiden pada Peringatan Hari Koperasi Nasional Ke-79 Tahun 2026,https://www.setneg.go.id/baca/index/sambutan_presiden_pada_peringatan_hari_koperasi_nasional_ke_79_tahun_2026,"Oh, mungkin gagal.” Kita sesungguhnya sudah gagal.",oh mungkin gagal kita sesungguhnya sudah gagal,mungkin gagal sesungguhnya gagal,-5,negatif
Sambutan Presiden pada Peringatan Hari Koperasi Nasional Ke-79 Tahun 2026,https://www.setneg.go.id/baca/index/sambutan_presiden_pada_peringatan_hari_koperasi_nasional_ke_79_tahun_2026,"Tapi kalau kita yakin menang, yakin berhasil, yakin untuk rakyat, kita akan sampai ke situ, Saudara-saudara sekalian.",tapi kalau kita yakin menang yakin berhasil yakin untuk rakyat kita akan sampai ke situ saudara saudara sekalian,kalau yakin menang yakin berhasil yakin rakyat akan ke situ saudara saudara sekalian,6,positif
Sambutan Presiden pada Peringatan Hari Koperasi Nasional Ke-79 Tahun 2026,https://www.setneg.go.id/baca/index/sambutan_presiden_pada_peringatan_hari_koperasi_nasional_ke_79_tahun_2026,"Saya kira sudah cukup, ya, saya sampaikan semua.",saya kira sudah cukup ya saya sampaikan semua,kira cukup saya sampaikan semua,-13,negatif
Sambutan Presiden pada Peringatan Hari Koperasi Nasional Ke-79 Tahun 2026,https://www.setneg.go.id/baca/index/sambutan_presiden_pada_peringatan_hari_koperasi_nasional_ke_79_tahun_2026,Ini angka-angka.,ini angka angka,angka angka,0,netral
Sambutan Presiden pada Peringatan Hari Koperasi Nasional Ke-79 Tahun 2026,https://www.setneg.go.id/baca/index/sambutan_presiden_pada_peringatan_hari_koperasi_nasional_ke_79_tahun_2026,"Tapi, ini angka-angka bagus.",tapi ini angka angka bagus,ini angka angka bagus,-4,negatif
Sambutan Presiden pada Peringatan Hari Koperasi Nasional Ke-79 Tahun 2026,https://www.setneg.go.id/baca/index/sambutan_presiden_pada_peringatan_hari_koperasi_nasional_ke_79_tahun_2026,Kalau itu saya mau sampaikan angka-angka ini.,kalau itu saya mau sampaikan angka angka ini,kalau saya mau sampaikan angka angka,-5,negatif
Sambutan Presiden pada Peringatan Hari Koperasi Nasional Ke-79 Tahun 2026,https://www.setneg.go.id/baca/index/sambutan_presiden_pada_peringatan_hari_koperasi_nasional_ke_79_tahun_2026,"Koperasi kita nanti, Koperasi Desa/Kelurahan Merah Putih (KDKMP), koperasi yang anggotanya seluruh, seluruh rakyat penduduk di desa itu.",koperasi kita nanti koperasi desa kelurahan merah putih kdkmp koperasi yang anggotanya seluruh seluruh rakyat penduduk di desa itu,koperasi nanti koperasi desa kelurahan merah putih kdkmp koperasi anggotanya seluruh seluruh rakyat penduduk desa,-9,negatif
Sambutan Presiden pada Peringatan Hari Koperasi Nasional Ke-79 Tahun 2026,https://www.setneg.go.id/baca/index/sambutan_presiden_pada_peringatan_hari_koperasi_nasional_ke_79_tahun_2026,Seluruhnya.,seluruhnya,seluruhnya,-3,negatif
Sambutan Presiden pada Peringatan Hari Koperasi Nasional Ke-79 Tahun 2026,https://www.setneg.go.id/baca/index/sambutan_presiden_pada_peringatan_hari_koperasi_nasional_ke_79_tahun_2026,"Dan, koperasi nanti tidak hanya untuk simpan pinjam.",dan koperasi nanti tidak hanya untuk simpan pinjam,koperasi tidak untuk simpan pinjam,-8,negatif
Sambutan Presiden pada Peringatan Hari Koperasi Nasional Ke-79 Tahun 2026,https://www.setneg.go.id/baca/index/sambutan_presiden_pada_peringatan_hari_koperasi_nasional_ke_79_tahun_2026,Tapi nanti akan ada gerai simpan pinjam kredit yang murah.,tapi nanti akan ada gerai simpan pinjam kredit yang murah,nanti ada gerai simpan pinjam kredit murah,-10,negatif
Sambutan Presiden pada Peringatan Hari Koperasi Nasional Ke-79 Tahun 2026,https://www.setneg.go.id/baca/index/sambutan_presiden_pada_peringatan_hari_koperasi_nasional_ke_79_tahun_2026,Mikrokredit dan super mikrokredit.,mikrokredit dan super mikrokredit,mikrokredit super mikrokredit,-2,negatif
Sambutan Presiden pada Peringatan Hari Koperasi Nasional Ke-79 Tahun 2026,https://www.setneg.go.id/baca/index/sambutan_presiden_pada_peringatan_hari_koperasi_nasional_ke_79_tahun_2026,"Super mikrokredit yang Mekaar itu, ya?",super mikrokredit yang mekaar itu ya,super mikrokredit mekaar ya,2,positif
Sambutan Presiden pada Peringatan Hari Koperasi Nasional Ke-79 Tahun 2026,https://www.setneg.go.id/baca/index/sambutan_presiden_pada_peringatan_hari_koperasi_nasional_ke_79_tahun_2026,"Mekaar yang super mikrokredit, yang tadinya bunganya 22 persen ya, saya turunkan jadi delapan persen, Saudara-saudara sekalian.",mekaar yang super mikrokredit yang tadinya bunganya persen ya saya turunkan jadi delapan persen saudara saudara sekalian,mekaar super mikrokredit tadinya bunganya persen saya turunkan jadi delapan persen saudara saudara sekalian,-3,negatif
Sambutan Presiden pada Peringatan Hari Koperasi Nasional Ke-79 Tahun 2026,https://www.setneg.go.id/baca/index/sambutan_presiden_pada_peringatan_hari_koperasi_nasional_ke_79_tahun_2026,Saya maunya lima persen.,saya maunya lima persen,maunya lima persen,1,positif
Sambutan Presiden pada Peringatan Hari Koperasi Nasional Ke-79 Tahun 2026,https://www.setneg.go.id/baca/index/sambutan_presiden_pada_peringatan_hari_koperasi_nasional_ke_79_tahun_2026,"Tapi, bankir-bankir Pak Rosan CS itu, “Jangan, Pak, terlalu, terlalu tipis kita punya ongkos.” Oke, delapan persen.",tapi bankir bankir pak rosan cs itu jangan pak terlalu terlalu tipis kita punya ongkos oke delapan persen,bankir bankir pak rosan cs jangan pak terlalu terlalu tipis punya ongkos oke delapan persen,-2,negatif
Sambutan Presiden pada Peringatan Hari Koperasi Nasional Ke-79 Tahun 2026,https://www.setneg.go.id/baca/index/sambutan_presiden_pada_peringatan_hari_koperasi_nasional_ke_79_tahun_2026,"Tapi dibandingkan dengan 22 persen, lumayan delapan persen.",tapi dibandingkan dengan persen lumayan delapan persen,dibandingkan persen lumayan delapan persen,2,positif
Sambutan Presiden pada Peringatan Hari Koperasi Nasional Ke-79 Tahun 2026,https://www.setneg.go.id/baca/index/sambutan_presiden_pada_peringatan_hari_koperasi_nasional_ke_79_tahun_2026,Betul tidak?,betul tidak,betul,-4,negatif
Sambutan Presiden pada Peringatan Hari Koperasi Nasional Ke-79 Tahun 2026,https://www.setneg.go.id/baca/index/sambutan_presiden_pada_peringatan_hari_koperasi_nasional_ke_79_tahun_2026,"Begitu, dong.",begitu dong,dong,0,netral
Sambutan Presiden pada Peringatan Hari Koperasi Nasional Ke-79 Tahun 2026,https://www.setneg.go.id/baca/index/sambutan_presiden_pada_peringatan_hari_koperasi_nasional_ke_79_tahun_2026,Semangat.,semangat,semangat,-1,negatif
Sambutan Presiden pada Peringatan Hari Koperasi Nasional Ke-79 Tahun 2026,https://www.setneg.go.id/baca/index/sambutan_presiden_pada_peringatan_hari_koperasi_nasional_ke_79_tahun_2026,"Saudara-saudara,KDKMP (Koperasi Desa/Kelurahan Merah Putih) nanti akan jadi pusat pelayanan ekonomi desa yang terintegrasi.",saudara saudara kdkmp koperasi desa kelurahan merah putih nanti akan jadi pusat pelayanan ekonomi desa yang terintegrasi,saudara saudara kdkmp koperasi desa kelurahan merah putih akan jadi pusat pelayanan ekonomi desa terintegrasi,-3,negatif
Sambutan Presiden pada Peringatan Hari Koperasi Nasional Ke-79 Tahun 2026,https://www.setneg.go.id/baca/index/sambutan_presiden_pada_peringatan_hari_koperasi_nasional_ke_79_tahun_2026,"Di dalam ada kantor koperasi, toko sembako, layanan simpan pinjam, apotik desa.",di dalam ada kantor koperasi toko sembako layanan simpan pinjam apotik desa,dalam kantor koperasi toko sembako layanan simpan pinjam apotik desa,3,positif
Sambutan Presiden pada Peringatan Hari Koperasi Nasional Ke-79 Tahun 2026,https://www.setneg.go.id/baca/index/sambutan_presiden_pada_peringatan_hari_koperasi_nasional_ke_79_tahun_2026,"Kita akan buka apotek di desa, obat-obatnya obat generik yang harganya jauh lebih murah dari apotek di kota.",kita akan buka apotek di desa obat obatnya obat generik yang harganya jauh lebih murah dari apotek di kota,akan buka apotek desa obat obatnya obat generik harganya jauh lebih murah apotek kota,-15,negatif
Sambutan Presiden pada Peringatan Hari Koperasi Nasional Ke-79 Tahun 2026,https://www.setneg.go.id/baca/index/sambutan_presiden_pada_peringatan_hari_koperasi_nasional_ke_79_tahun_2026,"Akan ada logistik desa, akan ada gudang, akan adacold storage(ruang pendingin), supaya hasil-hasil petani tidak akan rusak, dan berbagai layanan ekonomi lainnya.",akan ada logistik desa akan ada gudang akan adacold storage ruang pendingin supaya hasil hasil petani tidak akan rusak dan berbagai layanan ekonomi lainnya,ada logistik desa ada gudang adacold storage ruang pendingin hasil hasil petani akan rusak berbagai layanan ekonomi lainnya,-1,negatif
Sambutan Presiden pada Peringatan Hari Koperasi Nasional Ke-79 Tahun 2026,https://www.setneg.go.id/baca/index/sambutan_presiden_pada_peringatan_hari_koperasi_nasional_ke_79_tahun_2026,"Saudara-saudara,Saya ambil keputusan, semua barang subsidi harus disalurkan kepada rakyat melalui Koperasi Desa Merah Putih.",saudara saudara saya ambil keputusan semua barang subsidi harus disalurkan kepada rakyat melalui koperasi desa merah putih,saudara saudara ambil keputusan semua barang subsidi disalurkan rakyat melalui koperasi desa merah putih,-8,negatif
Sambutan Presiden pada Peringatan Hari Koperasi Nasional Ke-79 Tahun 2026,https://www.setneg.go.id/baca/index/sambutan_presiden_pada_peringatan_hari_koperasi_nasional_ke_79_tahun_2026,Harus.,harus,,0,netral
Sambutan Presiden pada Peringatan Hari Koperasi Nasional Ke-79 Tahun 2026,https://www.setneg.go.id/baca/index/sambutan_presiden_pada_peringatan_hari_koperasi_nasional_ke_79_tahun_2026,"Saya katakan, ini harus.",saya katakan ini harus,katakan harus,-5,negatif
Sambutan Presiden pada Peringatan Hari Koperasi Nasional Ke-79 Tahun 2026,https://www.setneg.go.id/baca/index/sambutan_presiden_pada_peringatan_hari_koperasi_nasional_ke_79_tahun_2026,"Barang subsidi rakyat tidak boleh diperdagangkan, supaya yang membutuhkan dialah yang terima.",barang subsidi rakyat tidak boleh diperdagangkan supaya yang membutuhkan dialah yang terima,barang subsidi rakyat boleh diperdagangkan membutuhkan dialah yang terima,-1,negatif
Sambutan Presiden pada Peringatan Hari Koperasi Nasional Ke-79 Tahun 2026,https://www.setneg.go.id/baca/index/sambutan_presiden_pada_peringatan_hari_koperasi_nasional_ke_79_tahun_2026,Kita juga akan buka desa-desa dan koperasi-koperasi nelayan.,kita juga akan buka desa desa dan koperasi koperasi nelayan,juga buka desa desa koperasi koperasi nelayan,-3,negatif
Sambutan Presiden pada Peringatan Hari Koperasi Nasional Ke-79 Tahun 2026,https://www.setneg.go.id/baca/index/sambutan_presiden_pada_peringatan_hari_koperasi_nasional_ke_79_tahun_2026,"Untuk pertama kali dalam sejarah Republik Indonesia, nelayan-nelayan kita akan kita urus.",untuk pertama kali dalam sejarah republik indonesia nelayan nelayan kita akan kita urus,pertama kali sejarah republik indonesia nelayan nelayan akan urus,0,netral
Sambutan Presiden pada Peringatan Hari Koperasi Nasional Ke-79 Tahun 2026,https://www.setneg.go.id/baca/index/sambutan_presiden_pada_peringatan_hari_koperasi_nasional_ke_79_tahun_2026,Mereka juga akan punya gudang pendingin supaya ikan mereka bertahan.,mereka juga akan punya gudang pendingin supaya ikan mereka bertahan,juga punya gudang pendingin ikan bertahan,-1,negatif
Sambutan Presiden pada Peringatan Hari Koperasi Nasional Ke-79 Tahun 2026,https://www.setneg.go.id/baca/index/sambutan_presiden_pada_peringatan_hari_koperasi_nasional_ke_79_tahun_2026,"Untuk pertama kali, mereka akan punya pabrik es supaya mereka melaut bawa es, dan kita akan bagi kapal-kapal besar untuk tiap desa nelayan yang akan dikerjakan, yang akan dimiliki dan dikerjakan oleh koperasi-koperasi nelayan itu sendiri, Saudara-saudara.",untuk pertama kali mereka akan punya pabrik es supaya mereka melaut bawa es dan kita akan bagi kapal kapal besar untuk tiap desa nelayan yang akan dikerjakan yang akan dimiliki dan dikerjakan oleh koperasi koperasi nelayan itu sendiri saudara saudara,pertama kali punya pabrik es mereka melaut bawa es kita akan bagi kapal kapal besar tiap desa nelayan akan dikerjakan akan dimiliki dikerjakan koperasi koperasi nelayan sendiri saudara saudara,-14,negatif
Sambutan Presiden pada Peringatan Hari Koperasi Nasional Ke-79 Tahun 2026,https://www.setneg.go.id/baca/index/sambutan_presiden_pada_peringatan_hari_koperasi_nasional_ke_79_tahun_2026,"Dan, mereka bukan terima, mereka bukan terima hadiah, mereka cicil kembali dari hasil tangkapan ikan mereka.",dan mereka bukan terima mereka bukan terima hadiah mereka cicil kembali dari hasil tangkapan ikan mereka,bukan terima bukan terima hadiah cicil dari hasil tangkapan ikan mereka,-8,negatif
Sambutan Presiden pada Peringatan Hari Koperasi Nasional Ke-79 Tahun 2026,https://www.setneg.go.id/baca/index/sambutan_presiden_pada_peringatan_hari_koperasi_nasional_ke_79_tahun_2026,Mereka akan cicil semua uang yang kita.,mereka akan cicil semua uang yang kita,akan cicil semua uang kita,-3,negatif
Sambutan Presiden pada Peringatan Hari Koperasi Nasional Ke-79 Tahun 2026,https://www.setneg.go.id/baca/index/sambutan_presiden_pada_peringatan_hari_koperasi_nasional_ke_79_tahun_2026,"Jadi uang di desa nelayan, uang di desa-desa ini, koperasi adalah uang pinjaman yang akan dibayar kembali.",jadi uang di desa nelayan uang di desa desa ini koperasi adalah uang pinjaman yang akan dibayar kembali,jadi uang desa nelayan uang desa desa koperasi uang pinjaman akan dibayar,1,positif
Sambutan Presiden pada Peringatan Hari Koperasi Nasional Ke-79 Tahun 2026,https://www.setneg.go.id/baca/index/sambutan_presiden_pada_peringatan_hari_koperasi_nasional_ke_79_tahun_2026,"Saudara-saudara,Kita proyeksikan uang KDKMP bisa meningkatkan kesejahteraan rakyat sebesar 223 triliun, tiap tahun akan beredar di desa-desa.",saudara saudara kita proyeksikan uang kdkmp bisa meningkatkan kesejahteraan rakyat sebesar triliun tiap tahun akan beredar di desa desa,saudara saudara proyeksikan uang kdkmp meningkatkan kesejahteraan rakyat sebesar triliun tiap tahun beredar desa desa,2,positif
Sambutan Presiden pada Peringatan Hari Koperasi Nasional Ke-79 Tahun 2026,https://www.setneg.go.id/baca/index/sambutan_presiden_pada_peringatan_hari_koperasi_nasional_ke_79_tahun_2026,"Tidak keluar, akan beredar di desa-desa.",tidak keluar akan beredar di desa desa,keluar beredar desa desa,-1,negatif
Sambutan Presiden pada Peringatan Hari Koperasi Nasional Ke-79 Tahun 2026,https://www.setneg.go.id/baca/index/sambutan_presiden_pada_peringatan_hari_koperasi_nasional_ke_79_tahun_2026,"Nanti akan ada pendapatan produsen yang juga meningkat sebesar 202 triliun di petani, peternak, dan nelayan.",nanti akan ada pendapatan produsen yang juga meningkat sebesar triliun di petani peternak dan nelayan,akan pendapatan produsen juga meningkat sebesar triliun petani peternak nelayan,-3,negatif
Sambutan Presiden pada Peringatan Hari Koperasi Nasional Ke-79 Tahun 2026,https://www.setneg.go.id/baca/index/sambutan_presiden_pada_peringatan_hari_koperasi_nasional_ke_79_tahun_2026,"Saudara-saudara, semua ahli mengatakan logistik Indonesia paling tidak efisien dan paling mahal.",saudara saudara semua ahli mengatakan logistik indonesia paling tidak efisien dan paling mahal,saudara saudara semua ahli mengatakan logistik indonesia paling efisien paling mahal,5,positif
Sambutan Presiden pada Peringatan Hari Koperasi Nasional Ke-79 Tahun 2026,https://www.setneg.go.id/baca/index/sambutan_presiden_pada_peringatan_hari_koperasi_nasional_ke_79_tahun_2026,"Ini yang kita akan membersihkan, kita akan membuat lebih efisien.",ini yang kita akan membersihkan kita akan membuat lebih efisien,yang akan membersihkan akan membuat lebih efisien,-4,negatif
Sambutan Presiden pada Peringatan Hari Koperasi Nasional Ke-79 Tahun 2026,https://www.setneg.go.id/baca/index/sambutan_presiden_pada_peringatan_hari_koperasi_nasional_ke_79_tahun_2026,"Dengan demikian, Saudara-saudara, sekali lagi, Selamat Hari Koperasi.",dengan demikian saudara saudara sekali lagi selamat hari koperasi,demikian saudara saudara sekali selamat hari koperasi,4,positif
Sambutan Presiden pada Peringatan Hari Koperasi Nasional Ke-79 Tahun 2026,https://www.setneg.go.id/baca/index/sambutan_presiden_pada_peringatan_hari_koperasi_nasional_ke_79_tahun_2026,"Sekali lagi, saya mengajak semua unsur untuk bersatu.",sekali lagi saya mengajak semua unsur untuk bersatu,sekali saya mengajak semua unsur bersatu,-8,negatif
Sambutan Presiden pada Peringatan Hari Koperasi Nasional Ke-79 Tahun 2026,https://www.setneg.go.id/baca/index/sambutan_presiden_pada_peringatan_hari_koperasi_nasional_ke_79_tahun_2026,"Koperasi nanti ini akan berada di semua desa di semua daerah, tidak pandang apakah desa itu desa yangmilihGerindra atau tidak.",koperasi nanti ini akan berada di semua desa di semua daerah tidak pandang apakah desa itu desa yangmilihgerindra atau tidak,koperasi ini berada semua desa semua daerah pandang desa desa yangmilihgerindra tidak,-6,negatif
Sambutan Presiden pada Peringatan Hari Koperasi Nasional Ke-79 Tahun 2026,https://www.setneg.go.id/baca/index/sambutan_presiden_pada_peringatan_hari_koperasi_nasional_ke_79_tahun_2026,Tidak peduli apakah di kabupaten itu Prabowo menang atau tidak.,tidak peduli apakah di kabupaten itu prabowo menang atau tidak,peduli di kabupaten prabowo menang tidak,-11,negatif
Sambutan Presiden pada Peringatan Hari Koperasi Nasional Ke-79 Tahun 2026,https://www.setneg.go.id/baca/index/sambutan_presiden_pada_peringatan_hari_koperasi_nasional_ke_79_tahun_2026,Tidak ada urusan itu.,tidak ada urusan itu,ada urusan,-3,negatif
Sambutan Presiden pada Peringatan Hari Koperasi Nasional Ke-79 Tahun 2026,https://www.setneg.go.id/baca/index/sambutan_presiden_pada_peringatan_hari_koperasi_nasional_ke_79_tahun_2026,Siapapun tidak ada urusan.,siapapun tidak ada urusan,siapapun ada urusan,-3,negatif
Sambutan Presiden pada Peringatan Hari Koperasi Nasional Ke-79 Tahun 2026,https://www.setneg.go.id/baca/index/sambutan_presiden_pada_peringatan_hari_koperasi_nasional_ke_79_tahun_2026,"Saya sekarang, saya sekarang mengatakan saya bukan presidennya Gerindra.",saya sekarang saya sekarang mengatakan saya bukan presidennya gerindra,sekarang sekarang mengatakan bukan presidennya gerindra,0,netral
Sambutan Presiden pada Peringatan Hari Koperasi Nasional Ke-79 Tahun 2026,https://www.setneg.go.id/baca/index/sambutan_presiden_pada_peringatan_hari_koperasi_nasional_ke_79_tahun_2026,Saya bukan presidennya siapa-siapa.,saya bukan presidennya siapa siapa,bukan presidennya siapa siapa,-7,negatif
Sambutan Presiden pada Peringatan Hari Koperasi Nasional Ke-79 Tahun 2026,https://www.setneg.go.id/baca/index/sambutan_presiden_pada_peringatan_hari_koperasi_nasional_ke_79_tahun_2026,"Saya presidennya rakyat Indonesia semuanya, Saudara-saudara.",saya presidennya rakyat indonesia semuanya saudara saudara,presidennya rakyat indonesia semuanya saudara saudara,-3,negatif
Sambutan Presiden pada Peringatan Hari Koperasi Nasional Ke-79 Tahun 2026,https://www.setneg.go.id/baca/index/sambutan_presiden_pada_peringatan_hari_koperasi_nasional_ke_79_tahun_2026,Dirgahayu Koperasi Indonesia ke-79.,dirgahayu koperasi indonesia ke,dirgahayu koperasi indonesia,0,netral
Sambutan Presiden pada Peringatan Hari Koperasi Nasional Ke-79 Tahun 2026,https://www.setneg.go.id/baca/index/sambutan_presiden_pada_peringatan_hari_koperasi_nasional_ke_79_tahun_2026,"Koperasi Berdaya, Indonesia Berjaya.",koperasi berdaya indonesia berjaya,koperasi berdaya indonesia berjaya,7,positif
Sambutan Presiden pada Peringatan Hari Koperasi Nasional Ke-79 Tahun 2026,https://www.setneg.go.id/baca/index/sambutan_presiden_pada_peringatan_hari_koperasi_nasional_ke_79_tahun_2026,"Oh, iya, ada tambahan.",oh iya ada tambahan,iya tambahan,5,positif
Sambutan Presiden pada Peringatan Hari Koperasi Nasional Ke-79 Tahun 2026,https://www.setneg.go.id/baca/index/sambutan_presiden_pada_peringatan_hari_koperasi_nasional_ke_79_tahun_2026,"Minta izin saya minum dulu, saya minum kopi ini.",minta izin saya minum dulu saya minum kopi ini,minta izin minum dulu minum kopi,-13,negatif
Sambutan Presiden pada Peringatan Hari Koperasi Nasional Ke-79 Tahun 2026,https://www.setneg.go.id/baca/index/sambutan_presiden_pada_peringatan_hari_koperasi_nasional_ke_79_tahun_2026,Saya minta maaf.,saya minta maaf,minta maaf,-6,negatif
Sambutan Presiden pada Peringatan Hari Koperasi Nasional Ke-79 Tahun 2026,https://www.setneg.go.id/baca/index/sambutan_presiden_pada_peringatan_hari_koperasi_nasional_ke_79_tahun_2026,"Sebetulnya, saya kemarin ini flu, rasa tenggorokan sakit, hampir saya enggak hadir.",sebetulnya saya kemarin ini flu rasa tenggorokan sakit hampir saya enggak hadir,kemarin flu rasa tenggorokan sakit hampir saya enggak hadir,-16,negatif
Sambutan Presiden pada Peringatan Hari Koperasi Nasional Ke-79 Tahun 2026,https://www.setneg.go.id/baca/index/sambutan_presiden_pada_peringatan_hari_koperasi_nasional_ke_79_tahun_2026,"Tapi, saya pikir-pikir, bayangkan kalau saya enggak hadir.",tapi saya pikir pikir bayangkan kalau saya enggak hadir,pikir pikir bayangkan kalau saya enggak hadir,-11,negatif
Sambutan Presiden pada Peringatan Hari Koperasi Nasional Ke-79 Tahun 2026,https://www.setneg.go.id/baca/index/sambutan_presiden_pada_peringatan_hari_koperasi_nasional_ke_79_tahun_2026,"Koperasi Merah Putih, rakyat koperasi sudah kumpul.",koperasi merah putih rakyat koperasi sudah kumpul,koperasi merah putih rakyat koperasi kumpul,-7,negatif
Sambutan Presiden pada Peringatan Hari Koperasi Nasional Ke-79 Tahun 2026,https://www.setneg.go.id/baca/index/sambutan_presiden_pada_peringatan_hari_koperasi_nasional_ke_79_tahun_2026,"Tapi, yang saya paling takut nanti malam kalau saya enggak hadir, Pak Margono dan Pak Mitro turun, saya ditempeleng malam-malam.",tapi yang saya paling takut nanti malam kalau saya enggak hadir pak margono dan pak mitro turun saya ditempeleng malam malam,yang paling takut malam kalau enggak hadir pak margono pak mitro turun ditempeleng malam malam,-19,negatif
Sambutan Presiden pada Peringatan Hari Koperasi Nasional Ke-79 Tahun 2026,https://www.setneg.go.id/baca/index/sambutan_presiden_pada_peringatan_hari_koperasi_nasional_ke_79_tahun_2026,"Akhirnya bangkit, minum kopi, semangat, hadir di sini.",akhirnya bangkit minum kopi semangat hadir di sini,akhirnya bangkit minum kopi semangat hadir sini,-11,negatif
Sambutan Presiden pada Peringatan Hari Koperasi Nasional Ke-79 Tahun 2026,https://www.setneg.go.id/baca/index/sambutan_presiden_pada_peringatan_hari_koperasi_nasional_ke_79_tahun_2026,"Nah, ini yang paling terakhir.",nah ini yang paling terakhir,nah yang paling terakhir,-5,negatif
Sambutan Presiden pada Peringatan Hari Koperasi Nasional Ke-79 Tahun 2026,https://www.setneg.go.id/baca/index/sambutan_presiden_pada_peringatan_hari_koperasi_nasional_ke_79_tahun_2026,Ini kebetulan.,ini kebetulan,kebetulan,0,netral
Sambutan Presiden pada Peringatan Hari Koperasi Nasional Ke-79 Tahun 2026,https://www.setneg.go.id/baca/index/sambutan_presiden_pada_peringatan_hari_koperasi_nasional_ke_79_tahun_2026,"Tanya Pak Ferry, ya.",tanya pak ferry ya,tanya pak ferry,-2,negatif
Sambutan Presiden pada Peringatan Hari Koperasi Nasional Ke-79 Tahun 2026,https://www.setneg.go.id/baca/index/sambutan_presiden_pada_peringatan_hari_koperasi_nasional_ke_79_tahun_2026,Ini dia yang rencanakan.,ini dia yang rencanakan,dia rencanakan,-3,negatif
Sambutan Presiden pada Peringatan Hari Koperasi Nasional Ke-79 Tahun 2026,https://www.setneg.go.id/baca/index/sambutan_presiden_pada_peringatan_hari_koperasi_nasional_ke_79_tahun_2026,"Tanggalnya dia yang pilih, harinya dia pilih.",tanggalnya dia yang pilih harinya dia pilih,tanggalnya yang pilih harinya pilih,-9,negatif
Sambutan Presiden pada Peringatan Hari Koperasi Nasional Ke-79 Tahun 2026,https://www.setneg.go.id/baca/index/sambutan_presiden_pada_peringatan_hari_koperasi_nasional_ke_79_tahun_2026,"Tapi saya lihat-lihat, ya, ini angka ini, menarik.",tapi saya lihat lihat ya ini angka ini menarik,saya lihat lihat angka ini menarik,-1,negatif
Sambutan Presiden pada Peringatan Hari Koperasi Nasional Ke-79 Tahun 2026,https://www.setneg.go.id/baca/index/sambutan_presiden_pada_peringatan_hari_koperasi_nasional_ke_79_tahun_2026,"Bukan saya atur, ya.",bukan saya atur ya,bukan atur,-7,negatif
Sambutan Presiden pada Peringatan Hari Koperasi Nasional Ke-79 Tahun 2026,https://www.setneg.go.id/baca/index/sambutan_presiden_pada_peringatan_hari_koperasi_nasional_ke_79_tahun_2026,"Ini adalah Hari Koperasi ke-79, ya.",ini adalah hari koperasi ke ya,adalah hari koperasi ya,4,positif
Sambutan Presiden pada Peringatan Hari Koperasi Nasional Ke-79 Tahun 2026,https://www.setneg.go.id/baca/index/sambutan_presiden_pada_peringatan_hari_koperasi_nasional_ke_79_tahun_2026,"Tujuhplussembilan, 16, ya.",tujuhplussembilan ya,tujuhplussembilan,0,netral
Sambutan Presiden pada Peringatan Hari Koperasi Nasional Ke-79 Tahun 2026,https://www.setneg.go.id/baca/index/sambutan_presiden_pada_peringatan_hari_koperasi_nasional_ke_79_tahun_2026,"16, satu sama enam, tujuh.",satu sama enam tujuh,satu sama enam tujuh,2,positif
Sambutan Presiden pada Peringatan Hari Koperasi Nasional Ke-79 Tahun 2026,https://www.setneg.go.id/baca/index/sambutan_presiden_pada_peringatan_hari_koperasi_nasional_ke_79_tahun_2026,"2026 [dijumlah] 10, ya.",dijumlah ya,dijumlah,0,netral
Sambutan Presiden pada Peringatan Hari Koperasi Nasional Ke-79 Tahun 2026,https://www.setneg.go.id/baca/index/sambutan_presiden_pada_peringatan_hari_koperasi_nasional_ke_79_tahun_2026,"Tujuh sama 10, 17.",tujuh sama,tujuh sama,3,positif
Sambutan Presiden pada Peringatan Hari Koperasi Nasional Ke-79 Tahun 2026,https://www.setneg.go.id/baca/index/sambutan_presiden_pada_peringatan_hari_koperasi_nasional_ke_79_tahun_2026,"Satu sama tujuh, delapan.",satu sama tujuh delapan,satu sama tujuh delapan,2,positif
Sambutan Presiden pada Peringatan Hari Koperasi Nasional Ke-79 Tahun 2026,https://www.setneg.go.id/baca/index/sambutan_presiden_pada_peringatan_hari_koperasi_nasional_ke_79_tahun_2026,"Jadi, memang ini hari baik.",jadi memang ini hari baik,jadi memang hari baik,-5,negatif
Sambutan Presiden pada Peringatan Hari Koperasi Nasional Ke-79 Tahun 2026,https://www.setneg.go.id/baca/index/sambutan_presiden_pada_peringatan_hari_koperasi_nasional_ke_79_tahun_2026,Saya enggak atur.,saya enggak atur,enggak atur,-4,negatif
Sambutan Presiden pada Peringatan Hari Koperasi Nasional Ke-79 Tahun 2026,https://www.setneg.go.id/baca/index/sambutan_presiden_pada_peringatan_hari_koperasi_nasional_ke_79_tahun_2026,"Di mana saya muncul, kok, ada angka delapan.",di mana saya muncul kok ada angka delapan,mana muncul kok angka delapan,-3,negatif
Sambutan Presiden pada Peringatan Hari Koperasi Nasional Ke-79 Tahun 2026,https://www.setneg.go.id/baca/index/sambutan_presiden_pada_peringatan_hari_koperasi_nasional_ke_79_tahun_2026,Saya enggak mengerti itu.,saya enggak mengerti itu,enggak mengerti,-2,negatif
Sambutan Presiden pada Peringatan Hari Koperasi Nasional Ke-79 Tahun 2026,https://www.setneg.go.id/baca/index/sambutan_presiden_pada_peringatan_hari_koperasi_nasional_ke_79_tahun_2026,Berarti adatondo-tondoini.,berarti adatondo tondoini,berarti adatondo tondoini,1,positif
Sambutan Presiden pada Peringatan Hari Koperasi Nasional Ke-79 Tahun 2026,https://www.setneg.go.id/baca/index/sambutan_presiden_pada_peringatan_hari_koperasi_nasional_ke_79_tahun_2026,"Makanya, saya enggak berani enggak hadir.",makanya saya enggak berani enggak hadir,makanya enggak berani enggak hadir,-3,negatif
Sambutan Presiden pada Peringatan Hari Koperasi Nasional Ke-79 Tahun 2026,https://www.setneg.go.id/baca/index/sambutan_presiden_pada_peringatan_hari_koperasi_nasional_ke_79_tahun_2026,"Dirgahayu Gerakan Koperasi Indonesia!Selamat berjuang!Percaya kepada pemimpinmu, percaya kepada pemerintahmu.",dirgahayu gerakan koperasi indonesia selamat berjuang percaya kepada pemimpinmu percaya kepada pemerintahmu,dirgahayu gerakan koperasi indonesia selamat berjuang percaya pemimpinmu percaya pemerintahmu,13,positif
Sambutan Presiden pada Peringatan Hari Koperasi Nasional Ke-79 Tahun 2026,https://www.setneg.go.id/baca/index/sambutan_presiden_pada_peringatan_hari_koperasi_nasional_ke_79_tahun_2026,"Bersatu semua unsur untuk rakyat, untuk bangsa.",bersatu semua unsur untuk rakyat untuk bangsa,bersatu semua unsur rakyat bangsa,-4,negatif
Sambutan Presiden pada Peringatan Hari Koperasi Nasional Ke-79 Tahun 2026,https://www.setneg.go.id/baca/index/sambutan_presiden_pada_peringatan_hari_koperasi_nasional_ke_79_tahun_2026,"Jangan mau dihasut, jangan mau diatur oleh kelompok-kelompok ekstrem atau bangsa lain.",jangan mau dihasut jangan mau diatur oleh kelompok kelompok ekstrem atau bangsa lain,jangan mau dihasut jangan mau diatur kelompok kelompok ekstrem bangsa,-22,negatif
Sambutan Presiden pada Peringatan Hari Koperasi Nasional Ke-79 Tahun 2026,https://www.setneg.go.id/baca/index/sambutan_presiden_pada_peringatan_hari_koperasi_nasional_ke_79_tahun_2026,"Indonesia kuat, Indonesia hebat, Indonesia maju, Indonesia akan bangkit sebagai negara besar.",indonesia kuat indonesia hebat indonesia maju indonesia akan bangkit sebagai negara besar,indonesia kuat indonesia hebat indonesia maju indonesia bangkit negara besar,-9,negatif
Sambutan Presiden pada Peringatan Hari Koperasi Nasional Ke-79 Tahun 2026,https://www.setneg.go.id/baca/index/sambutan_presiden_pada_peringatan_hari_koperasi_nasional_ke_79_tahun_2026,"Wassalamu’alaikum warahmatullahi wabarakatuh,Salam sejahtera bagi kita sekalian,Syalom,Salve,Om swastiastu,Namo Buddhaya,Salam kebajikan.",wassalamu alaikum warahmatullahi wabarakatuh salam sejahtera bagi kita sekalian syalom salve om swastiastu namo buddhaya salam kebajikan,wassalamu alaikum warahmatullahi wabarakatuh salam sejahtera kita sekalian syalom salve om swastiastu namo buddhaya salam kebajikan,6,positif
Sambutan Presiden pada Peringatan Hari Koperasi Nasional Ke-79 Tahun 2026,https://www.setneg.go.id/baca/index/sambutan_presiden_pada_peringatan_hari_koperasi_nasional_ke_79_tahun_2026,Merdeka!,merdeka,merdeka,0,netral
Sambutan Presiden pada Peringatan Hari Koperasi Nasional Ke-79 Tahun 2026,https://www.setneg.go.id/baca/index/sambutan_presiden_pada_peringatan_hari_koperasi_nasional_ke_79_tahun_2026,Merdeka!,merdeka,merdeka,0,netral
Sambutan Presiden pada Peringatan Hari Koperasi Nasional Ke-79 Tahun 2026,https://www.setneg.go.id/baca/index/sambutan_presiden_pada_peringatan_hari_koperasi_nasional_ke_79_tahun_2026,Merdeka!,merdeka,merdeka,0,netral
Sambutan Presiden pada Peringatan Hari Koperasi Nasional Ke-79 Tahun 2026,https://www.setneg.go.id/baca/index/sambutan_presiden_pada_peringatan_hari_koperasi_nasional_ke_79_tahun_2026,"Kalau saya teriak Koperasi Berdaya, kalian jawab, Indonesia Berjaya!Koperasi Berdaya, Indonesia Berjaya!",kalau saya teriak koperasi berdaya kalian jawab indonesia berjaya koperasi berdaya indonesia berjaya,kalau teriak koperasi berdaya kalian jawab indonesia berjaya koperasi berdaya indonesia berjaya,6,positif
Sambutan Presiden pada Peringatan Hari Koperasi Nasional Ke-79 Tahun 2026,https://www.setneg.go.id/baca/index/sambutan_presiden_pada_peringatan_hari_koperasi_nasional_ke_79_tahun_2026,Terima kasih.,terima kasih,terima kasih,1,positif
Sambutan Presiden pada Peringatan Hari Koperasi Nasional Ke-79 Tahun 2026,https://www.setneg.go.id/baca/index/sambutan_presiden_pada_peringatan_hari_koperasi_nasional_ke_79_tahun_2026,"Kamis, 30 Juli 2026
Kamis, 30 Juli 2026
Rabu, 29 Juli 2026
Rabu, 22 Juli 2026
Senin, 20 Juli 2026",kamis juli kamis juli rabu juli rabu juli senin juli,kamis juli kamis juli rabu juli rabu juli senin juli,0,netral
"Sambutan Presiden pada Peresmian Bendungan Meninting, Bendungan Rukoh, Bendungan Keureuto, Bendungan Jlantah, dan Bendungan Sidan",https://www.setneg.go.id/baca/index/sambutan_presiden_pada_peresmian_bendungan_meninting_bendungan_rukoh_bendungan_keureuto_bendungan_jlantah_dan_bendungan_sidan,Bismillahirrahmanirrahim.,bismillahirrahmanirrahim,bismillahirrahmanirrahim,0,netral
"Sambutan Presiden pada Peresmian Bendungan Meninting, Bendungan Rukoh, Bendungan Keureuto, Bendungan Jlantah, dan Bendungan Sidan",https://www.setneg.go.id/baca/index/sambutan_presiden_pada_peresmian_bendungan_meninting_bendungan_rukoh_bendungan_keureuto_bendungan_jlantah_dan_bendungan_sidan,"Assalamu’alaikum warahmatullahi wabarakatuh,Selamat siang,Salam sejahtera bagi kita sekalian,Syalom,Salve,Om swastiastu,Namo Buddhaya,Salam kebajikan.",assalamu alaikum warahmatullahi wabarakatuh selamat siang salam sejahtera bagi kita sekalian syalom salve om swastiastu namo buddhaya salam kebajikan,assalamu alaikum warahmatullahi wabarakatuh selamat siang salam sejahtera kita sekalian syalom salve om swastiastu namo buddhaya salam kebajikan,11,positif
"Sambutan Presiden pada Peresmian Bendungan Meninting, Bendungan Rukoh, Bendungan Keureuto, Bendungan Jlantah, dan Bendungan Sidan",https://www.setneg.go.id/baca/index/sambutan_presiden_pada_peresmian_bendungan_meninting_bendungan_rukoh_bendungan_keureuto_bendungan_jlantah_dan_bendungan_sidan,"Yang saya hormati, Menteri Pekerjaan Umum sebagai penyelenggara acara, Saudara Dody Hanggodo, beserta seluruh jajaran Kementerian Pekerjaan Umum;Menteri Koordinator Infrastruktur dan Pembangunan Kewilayahan Saudara Agus Harimurti Yudhoyono, Menteri Koordinator Pangan Saudara Zulkifli Hasan, Menteri Sekretaris Negara Saudara Prasetyo Hadi, Menteri Pertanian Saudara Andi Amran Sulaiman, Panglima Tentara Nasional Indonesia (TNI) Jenderal TNI Agus Subianto, Kepala Kepolisian Negara Republik Indonesia Jenderal Polisi Listyo Sigit Prabowo, Sekretaris Kabinet Republik Indonesia Letkol.",yang saya hormati menteri pekerjaan umum sebagai penyelenggara acara saudara dody hanggodo beserta seluruh jajaran kementerian pekerjaan umum menteri koordinator infrastruktur dan pembangunan kewilayahan saudara agus harimurti yudhoyono menteri koordinator pangan saudara zulkifli hasan menteri sekretaris negara saudara prasetyo hadi menteri pertanian saudara andi amran sulaiman panglima tentara nasional indonesia tni jenderal tni agus subianto kepala kepolisian negara republik indonesia jenderal polisi listyo sigit prabowo sekretaris kabinet republik indonesia letkol,saya hormati menteri pekerjaan umum penyelenggara acara saudara dody hanggodo beserta seluruh jajaran kementerian pekerjaan umum menteri koordinator infrastruktur pembangunan kewilayahan saudara agus harimurti yudhoyono menteri koordinator pangan saudara zulkifli hasan menteri sekretaris negara saudara prasetyo hadi menteri pertanian saudara andi amran sulaiman panglima tentara nasional indonesia tni jenderal tni agus subianto kepala kepolisian negara republik indonesia jenderal polisi listyo sigit prabowo sekretaris kabinet republik indonesia letkol,5,positif
"Sambutan Presiden pada Peresmian Bendungan Meninting, Bendungan Rukoh, Bendungan Keureuto, Bendungan Jlantah, dan Bendungan Sidan",https://www.setneg.go.id/baca/index/sambutan_presiden_pada_peresmian_bendungan_meninting_bendungan_rukoh_bendungan_keureuto_bendungan_jlantah_dan_bendungan_sidan,"Teddy Indra Wijaya;Gubernur Nusa Tenggara Barat Saudara Muhammad Iqbal, beserta Forkopimda Provinsi NTB yang hadir;Gubernur Bali melaluivideo conference (vicon)Saudara I Wayan Koster, Bupati Lombok Barat Saudara Lalu Ahmad Zaini, Bupati Bima saya ulangi, Wali Kota Mataram Saudara Mohan Rolieskana, Bupati Bima Saudara Andi Mahyudi Bupati Dompu Saudara Bambang Firdaus, Bupati Sumbawa Saudara Syarafudin Jarot, Bupati Lombok Timur Saudara Khairul Warisin, Bupati Lombok Tengah Saudara Lalu Fathul Bahri, Bupati Lombok Utara Saudara Najmul Akhyar, ini mereka hadirviconsemua?",teddy indra wijaya gubernur nusa tenggara barat saudara muhammad iqbal beserta forkopimda provinsi ntb yang hadir gubernur bali melaluivideo conference vicon saudara i wayan koster bupati lombok barat saudara lalu ahmad zaini bupati bima saya ulangi wali kota mataram saudara mohan rolieskana bupati bima saudara andi mahyudi bupati dompu saudara bambang firdaus bupati sumbawa saudara syarafudin jarot bupati lombok timur saudara khairul warisin bupati lombok tengah saudara lalu fathul bahri bupati lombok utara saudara najmul akhyar ini mereka hadirviconsemua,teddy indra wijaya gubernur nusa tenggara barat saudara muhammad iqbal beserta forkopimda provinsi ntb hadir gubernur bali melaluivideo conference vicon saudara i wayan koster bupati lombok barat saudara lalu ahmad zaini bupati bima ulangi wali kota mataram saudara mohan rolieskana bupati bima saudara andi mahyudi bupati dompu saudara bambang firdaus bupati sumbawa saudara syarafudin jarot bupati lombok timur saudara khairul warisin bupati lombok tengah saudara lalu fathul bahri bupati lombok utara saudara najmul akhyar mereka hadirviconsemua,4,positif
"Sambutan Presiden pada Peresmian Bendungan Meninting, Bendungan Rukoh, Bendungan Keureuto, Bendungan Jlantah, dan Bendungan Sidan",https://www.setneg.go.id/baca/index/sambutan_presiden_pada_peresmian_bendungan_meninting_bendungan_rukoh_bendungan_keureuto_bendungan_jlantah_dan_bendungan_sidan,"Oh, ada semua tadi;Yang saya hormati para pimpinan perusahaan BUMN dan swasta yang hadir, para anggota Dewan Perwakilan Rakyat RI yang hadir;Para pimpinan daerah dan forkopimda pada empat bendungan yang hadir melaluivideo conference: Bendungan Jlantah di Kabupaten Karanganyar Provinsi Jawa Tengah, Bendungan Sidan di Kabupaten Gianyar Provinsi Bali, Bendungan Keureuto di Kabupaten Aceh Utara Provinsi Aceh, Bendungan Rukoh di Kabupaten Pidie, Provinsi Aceh;Para tokoh agama, para tokoh masyarakat, para kelompok tani yang saya hormati yang hadir, seluruh warga masyarakat di sekitar bendungan;Para hadirin tamu undangan Saudara-saudara sebangsa dan setanah air di mana pun engkau berada yang mengikuti acara ini.",oh ada semua tadi yang saya hormati para pimpinan perusahaan bumn dan swasta yang hadir para anggota dewan perwakilan rakyat ri yang hadir para pimpinan daerah dan forkopimda pada empat bendungan yang hadir melaluivideo conference bendungan jlantah di kabupaten karanganyar provinsi jawa tengah bendungan sidan di kabupaten gianyar provinsi bali bendungan keureuto di kabupaten aceh utara provinsi aceh bendungan rukoh di kabupaten pidie provinsi aceh para tokoh agama para tokoh masyarakat para kelompok tani yang saya hormati yang hadir seluruh warga masyarakat di sekitar bendungan para hadirin tamu undangan saudara saudara sebangsa dan setanah air di mana pun engkau berada yang mengikuti acara ini,ada semua tadi saya hormati pimpinan perusahaan bumn swasta hadir anggota dewan perwakilan rakyat ri hadir pimpinan daerah forkopimda empat bendungan hadir melaluivideo conference bendungan jlantah kabupaten karanganyar provinsi jawa tengah bendungan sidan kabupaten gianyar provinsi bali bendungan keureuto kabupaten aceh utara provinsi aceh bendungan rukoh kabupaten pidie provinsi aceh tokoh agama tokoh masyarakat kelompok tani saya hormati hadir seluruh warga masyarakat sekitar bendungan hadirin tamu undangan saudara saudara sebangsa setanah air mana engkau berada mengikuti acara,-33,negatif
"Sambutan Presiden pada Peresmian Bendungan Meninting, Bendungan Rukoh, Bendungan Keureuto, Bendungan Jlantah, dan Bendungan Sidan",https://www.setneg.go.id/baca/index/sambutan_presiden_pada_peresmian_bendungan_meninting_bendungan_rukoh_bendungan_keureuto_bendungan_jlantah_dan_bendungan_sidan,"Tentunya, sebagai insan yang bertakwa, kita selalu tidak henti-hentinya memanjatkan puji syukur ke hadirat Allah subhanahu wa ta’ala Tuhan Mahabesar, Tuhan Mahakuasa yang memiliki sekalian alam, hanya kepada-Nya lah kita berdoa dan hanya kepada-Nya lah kita meminta pertolongan.",tentunya sebagai insan yang bertakwa kita selalu tidak henti hentinya memanjatkan puji syukur ke hadirat allah subhanahu wa ta ala tuhan mahabesar tuhan mahakuasa yang memiliki sekalian alam hanya kepada nya lah kita berdoa dan hanya kepada nya lah kita meminta pertolongan,tentunya insan bertakwa selalu henti hentinya memanjatkan puji syukur hadirat allah subhanahu wa ta ala tuhan mahabesar tuhan mahakuasa memiliki sekalian alam nya lah berdoa hanya kepada nya lah meminta pertolongan,15,positif
"Sambutan Presiden pada Peresmian Bendungan Meninting, Bendungan Rukoh, Bendungan Keureuto, Bendungan Jlantah, dan Bendungan Sidan",https://www.setneg.go.id/baca/index/sambutan_presiden_pada_peresmian_bendungan_meninting_bendungan_rukoh_bendungan_keureuto_bendungan_jlantah_dan_bendungan_sidan,"Kita bersyukur atas segala karunia, berkah, kebaikan, kedamaian yang masih diberikan kepada kita, atas kesehatan, atas napas yang masih diberikan kepada kita, sehingga hari ini kita dapat berkumpul bersama di tempat yang berbahagia ini.",kita bersyukur atas segala karunia berkah kebaikan kedamaian yang masih diberikan kepada kita atas kesehatan atas napas yang masih diberikan kepada kita sehingga hari ini kita dapat berkumpul bersama di tempat yang berbahagia ini,bersyukur atas segala karunia berkah kebaikan kedamaian masih diberikan kita atas kesehatan atas napas masih diberikan kita hari kita berkumpul bersama tempat berbahagia,4,positif
"Sambutan Presiden pada Peresmian Bendungan Meninting, Bendungan Rukoh, Bendungan Keureuto, Bendungan Jlantah, dan Bendungan Sidan",https://www.setneg.go.id/baca/index/sambutan_presiden_pada_peresmian_bendungan_meninting_bendungan_rukoh_bendungan_keureuto_bendungan_jlantah_dan_bendungan_sidan,"Saya merasa sangat bangga, saya merasa dihormati untuk diundang hari ini, bertemu langsung dengan masyarakat NTB yang kebetulan dari dulu selalu mendukung saya.",saya merasa sangat bangga saya merasa dihormati untuk diundang hari ini bertemu langsung dengan masyarakat ntb yang kebetulan dari dulu selalu mendukung saya,merasa sangat bangga merasa dihormati diundang hari bertemu langsung masyarakat ntb kebetulan dulu selalu mendukung,-1,negatif
"Sambutan Presiden pada Peresmian Bendungan Meninting, Bendungan Rukoh, Bendungan Keureuto, Bendungan Jlantah, dan Bendungan Sidan",https://www.setneg.go.id/baca/index/sambutan_presiden_pada_peresmian_bendungan_meninting_bendungan_rukoh_bendungan_keureuto_bendungan_jlantah_dan_bendungan_sidan,"Walaupun berkali-kali kalah, tapi NTB terus setia kepada saya.",walaupun berkali kali kalah tapi ntb terus setia kepada saya,walaupun berkali kali kalah ntb terus setia saya,-11,negatif
"Sambutan Presiden pada Peresmian Bendungan Meninting, Bendungan Rukoh, Bendungan Keureuto, Bendungan Jlantah, dan Bendungan Sidan",https://www.setneg.go.id/baca/index/sambutan_presiden_pada_peresmian_bendungan_meninting_bendungan_rukoh_bendungan_keureuto_bendungan_jlantah_dan_bendungan_sidan,Rasanya saya masih utang banyak sama rakyat NTB.,rasanya saya masih utang banyak sama rakyat ntb,rasanya masih utang banyak sama rakyat ntb,-4,negatif
"Sambutan Presiden pada Peresmian Bendungan Meninting, Bendungan Rukoh, Bendungan Keureuto, Bendungan Jlantah, dan Bendungan Sidan",https://www.setneg.go.id/baca/index/sambutan_presiden_pada_peresmian_bendungan_meninting_bendungan_rukoh_bendungan_keureuto_bendungan_jlantah_dan_bendungan_sidan,"Tenang saja, masih ada berapa tahun kita.",tenang saja masih ada berapa tahun kita,tenang masih berapa tahun,-1,negatif
"Sambutan Presiden pada Peresmian Bendungan Meninting, Bendungan Rukoh, Bendungan Keureuto, Bendungan Jlantah, dan Bendungan Sidan",https://www.setneg.go.id/baca/index/sambutan_presiden_pada_peresmian_bendungan_meninting_bendungan_rukoh_bendungan_keureuto_bendungan_jlantah_dan_bendungan_sidan,Terima kasih atas kesempatan ini.,terima kasih atas kesempatan ini,terima kasih atas kesempatan,-3,negatif
"Sambutan Presiden pada Peresmian Bendungan Meninting, Bendungan Rukoh, Bendungan Keureuto, Bendungan Jlantah, dan Bendungan Sidan",https://www.setneg.go.id/baca/index/sambutan_presiden_pada_peresmian_bendungan_meninting_bendungan_rukoh_bendungan_keureuto_bendungan_jlantah_dan_bendungan_sidan,"Terima kasih, Menko Infrastruktur dan Pembangunan Kewilayahan.",terima kasih menko infrastruktur dan pembangunan kewilayahan,terima kasih menko infrastruktur pembangunan kewilayahan,1,positif
"Sambutan Presiden pada Peresmian Bendungan Meninting, Bendungan Rukoh, Bendungan Keureuto, Bendungan Jlantah, dan Bendungan Sidan",https://www.setneg.go.id/baca/index/sambutan_presiden_pada_peresmian_bendungan_meninting_bendungan_rukoh_bendungan_keureuto_bendungan_jlantah_dan_bendungan_sidan,"Terima kasih,  keluarga besar PU atas pekerjaan yang Saudara laksanakan bertahun-tahun.",terima kasih keluarga besar pu atas pekerjaan yang saudara laksanakan bertahun tahun,terima kasih keluarga besar pu atas pekerjaan saudara laksanakan bertahun tahun,-5,negatif
"Sambutan Presiden pada Peresmian Bendungan Meninting, Bendungan Rukoh, Bendungan Keureuto, Bendungan Jlantah, dan Bendungan Sidan",https://www.setneg.go.id/baca/index/sambutan_presiden_pada_peresmian_bendungan_meninting_bendungan_rukoh_bendungan_keureuto_bendungan_jlantah_dan_bendungan_sidan,"Saudara-saudara,Pembangunan suatu bangsa itu adalah pekerjaan yang besar, perjuangan yang panjang.",saudara saudara pembangunan suatu bangsa itu adalah pekerjaan yang besar perjuangan yang panjang,saudara saudara pembangunan suatu bangsa adalah pekerjaan besar perjuangan panjang,3,positif
"Sambutan Presiden pada Peresmian Bendungan Meninting, Bendungan Rukoh, Bendungan Keureuto, Bendungan Jlantah, dan Bendungan Sidan",https://www.setneg.go.id/baca/index/sambutan_presiden_pada_peresmian_bendungan_meninting_bendungan_rukoh_bendungan_keureuto_bendungan_jlantah_dan_bendungan_sidan,"Pembangunan bangsa itu tidak satu tahun, tidak dua tahun,  belasan tahun, puluhan tahun.",pembangunan bangsa itu tidak satu tahun tidak dua tahun belasan tahun puluhan tahun,pembangunan bangsa satu tahun tidak dua tahun belasan tahun puluhan tahun,-9,negatif
"Sambutan Presiden pada Peresmian Bendungan Meninting, Bendungan Rukoh, Bendungan Keureuto, Bendungan Jlantah, dan Bendungan Sidan",https://www.setneg.go.id/baca/index/sambutan_presiden_pada_peresmian_bendungan_meninting_bendungan_rukoh_bendungan_keureuto_bendungan_jlantah_dan_bendungan_sidan,"Bendungan ini tadi disebut dimulai pada tahun, tahun berapa?",bendungan ini tadi disebut dimulai pada tahun tahun berapa,bendungan tadi disebut dimulai tahun tahun berapa,1,positif
"Sambutan Presiden pada Peresmian Bendungan Meninting, Bendungan Rukoh, Bendungan Keureuto, Bendungan Jlantah, dan Bendungan Sidan",https://www.setneg.go.id/baca/index/sambutan_presiden_pada_peresmian_bendungan_meninting_bendungan_rukoh_bendungan_keureuto_bendungan_jlantah_dan_bendungan_sidan,"[Tahun] 2015, 2014.",tahun,tahun,0,netral
"Sambutan Presiden pada Peresmian Bendungan Meninting, Bendungan Rukoh, Bendungan Keureuto, Bendungan Jlantah, dan Bendungan Sidan",https://www.setneg.go.id/baca/index/sambutan_presiden_pada_peresmian_bendungan_meninting_bendungan_rukoh_bendungan_keureuto_bendungan_jlantah_dan_bendungan_sidan,"Kalau semua teriak, saya tidak bisa dengar.",kalau semua teriak saya tidak bisa dengar,kalau semua teriak tidak dengar,-9,negatif
"Sambutan Presiden pada Peresmian Bendungan Meninting, Bendungan Rukoh, Bendungan Keureuto, Bendungan Jlantah, dan Bendungan Sidan",https://www.setneg.go.id/baca/index/sambutan_presiden_pada_peresmian_bendungan_meninting_bendungan_rukoh_bendungan_keureuto_bendungan_jlantah_dan_bendungan_sidan,"Menteri PU, tahun berapa ini dimulai?",menteri pu tahun berapa ini dimulai,menteri pu tahun berapa dimulai,1,positif
"Sambutan Presiden pada Peresmian Bendungan Meninting, Bendungan Rukoh, Bendungan Keureuto, Bendungan Jlantah, dan Bendungan Sidan",https://www.setneg.go.id/baca/index/sambutan_presiden_pada_peresmian_bendungan_meninting_bendungan_rukoh_bendungan_keureuto_bendungan_jlantah_dan_bendungan_sidan,"[Tahun] 2019, baik.",tahun baik,tahun baik,-1,negatif
"Sambutan Presiden pada Peresmian Bendungan Meninting, Bendungan Rukoh, Bendungan Keureuto, Bendungan Jlantah, dan Bendungan Sidan",https://www.setneg.go.id/baca/index/sambutan_presiden_pada_peresmian_bendungan_meninting_bendungan_rukoh_bendungan_keureuto_bendungan_jlantah_dan_bendungan_sidan,"Apa pun pembangunan seperti ini memerlukan waktu, memerlukan biaya, memerlukan sumber daya.",apa pun pembangunan seperti ini memerlukan waktu memerlukan biaya memerlukan sumber daya,apa pembangunan ini memerlukan waktu memerlukan biaya memerlukan sumber daya,-3,negatif
"Sambutan Presiden pada Peresmian Bendungan Meninting, Bendungan Rukoh, Bendungan Keureuto, Bendungan Jlantah, dan Bendungan Sidan",https://www.setneg.go.id/baca/index/sambutan_presiden_pada_peresmian_bendungan_meninting_bendungan_rukoh_bendungan_keureuto_bendungan_jlantah_dan_bendungan_sidan,"Saya bersyukur bendungan ini bisa saya yang resmikan, tetapi pendahulu-pendahulu saya semua berjasa.",saya bersyukur bendungan ini bisa saya yang resmikan tetapi pendahulu pendahulu saya semua berjasa,bersyukur bendungan bisa yang resmikan pendahulu pendahulu semua berjasa,1,positif
"Sambutan Presiden pada Peresmian Bendungan Meninting, Bendungan Rukoh, Bendungan Keureuto, Bendungan Jlantah, dan Bendungan Sidan",https://www.setneg.go.id/baca/index/sambutan_presiden_pada_peresmian_bendungan_meninting_bendungan_rukoh_bendungan_keureuto_bendungan_jlantah_dan_bendungan_sidan,"Saya selalu ingatkan seluruh bangsa, berpikirlah untuk bangsa, berpikirlah untuk rakyat berfikirlah untuk kebaikan semua, berpikirlah untuk seluruh keluarga besar, seluruh rakyat Indonesia dari mana rakyat berasal apa pun sukunya, apa pun agamanya, apa pun latar belakangnya.",saya selalu ingatkan seluruh bangsa berpikirlah untuk bangsa berpikirlah untuk rakyat berfikirlah untuk kebaikan semua berpikirlah untuk seluruh keluarga besar seluruh rakyat indonesia dari mana rakyat berasal apa pun sukunya apa pun agamanya apa pun latar belakangnya,selalu ingatkan seluruh bangsa berpikirlah bangsa berpikirlah rakyat berfikirlah kebaikan semua berpikirlah seluruh keluarga besar seluruh rakyat indonesia mana rakyat berasal apa sukunya apa agamanya apa latar belakangnya,-16,negatif
"Sambutan Presiden pada Peresmian Bendungan Meninting, Bendungan Rukoh, Bendungan Keureuto, Bendungan Jlantah, dan Bendungan Sidan",https://www.setneg.go.id/baca/index/sambutan_presiden_pada_peresmian_bendungan_meninting_bendungan_rukoh_bendungan_keureuto_bendungan_jlantah_dan_bendungan_sidan,Ini yang saya selalu mengajak.,ini yang saya selalu mengajak,yang selalu mengajak,-5,negatif
"Sambutan Presiden pada Peresmian Bendungan Meninting, Bendungan Rukoh, Bendungan Keureuto, Bendungan Jlantah, dan Bendungan Sidan",https://www.setneg.go.id/baca/index/sambutan_presiden_pada_peresmian_bendungan_meninting_bendungan_rukoh_bendungan_keureuto_bendungan_jlantah_dan_bendungan_sidan,"Saya kebetulan, saya ini suka belajar sejarah, itu hobi saya.",saya kebetulan saya ini suka belajar sejarah itu hobi saya,kebetulan ini suka belajar sejarah hobi,2,positif
"Sambutan Presiden pada Peresmian Bendungan Meninting, Bendungan Rukoh, Bendungan Keureuto, Bendungan Jlantah, dan Bendungan Sidan",https://www.setneg.go.id/baca/index/sambutan_presiden_pada_peresmian_bendungan_meninting_bendungan_rukoh_bendungan_keureuto_bendungan_jlantah_dan_bendungan_sidan,"Saya belajar sejarah terus, tidak pernah berhenti sampai hari ini, sampai hari ini.",saya belajar sejarah terus tidak pernah berhenti sampai hari ini sampai hari ini,belajar sejarah terus pernah berhenti hari sampai hari,-1,negatif
"Sambutan Presiden pada Peresmian Bendungan Meninting, Bendungan Rukoh, Bendungan Keureuto, Bendungan Jlantah, dan Bendungan Sidan",https://www.setneg.go.id/baca/index/sambutan_presiden_pada_peresmian_bendungan_meninting_bendungan_rukoh_bendungan_keureuto_bendungan_jlantah_dan_bendungan_sidan,Ada hal-hal yang saya dapat dari belajar sejarah peradaban manusia.,ada hal hal yang saya dapat dari belajar sejarah peradaban manusia,hal yang dapat belajar sejarah peradaban manusia,-1,negatif
"Sambutan Presiden pada Peresmian Bendungan Meninting, Bendungan Rukoh, Bendungan Keureuto, Bendungan Jlantah, dan Bendungan Sidan",https://www.setneg.go.id/baca/index/sambutan_presiden_pada_peresmian_bendungan_meninting_bendungan_rukoh_bendungan_keureuto_bendungan_jlantah_dan_bendungan_sidan,"Ada hal-hal yang saya dapat, yang saya yakini.",ada hal hal yang saya dapat yang saya yakini,hal dapat yang saya yakini,-10,negatif
"Sambutan Presiden pada Peresmian Bendungan Meninting, Bendungan Rukoh, Bendungan Keureuto, Bendungan Jlantah, dan Bendungan Sidan",https://www.setneg.go.id/baca/index/sambutan_presiden_pada_peresmian_bendungan_meninting_bendungan_rukoh_bendungan_keureuto_bendungan_jlantah_dan_bendungan_sidan,"Bangsa yang berhasil, bangsa yang besar, bangsa yang bisa meraih kemakmuran untuk rakyatnya adalah bangsa yang bersatu.",bangsa yang berhasil bangsa yang besar bangsa yang bisa meraih kemakmuran untuk rakyatnya adalah bangsa yang bersatu,bangsa berhasil bangsa besar bangsa bisa meraih kemakmuran rakyatnya bangsa bersatu,-3,negatif
"Sambutan Presiden pada Peresmian Bendungan Meninting, Bendungan Rukoh, Bendungan Keureuto, Bendungan Jlantah, dan Bendungan Sidan",https://www.setneg.go.id/baca/index/sambutan_presiden_pada_peresmian_bendungan_meninting_bendungan_rukoh_bendungan_keureuto_bendungan_jlantah_dan_bendungan_sidan,"Bangsa yang punya jiwa besar, bukan jiwa kecil, bukan bangsa yang punya dendam.",bangsa yang punya jiwa besar bukan jiwa kecil bukan bangsa yang punya dendam,bangsa punya jiwa besar bukan jiwa kecil bukan bangsa punya dendam,-10,negatif
"Sambutan Presiden pada Peresmian Bendungan Meninting, Bendungan Rukoh, Bendungan Keureuto, Bendungan Jlantah, dan Bendungan Sidan",https://www.setneg.go.id/baca/index/sambutan_presiden_pada_peresmian_bendungan_meninting_bendungan_rukoh_bendungan_keureuto_bendungan_jlantah_dan_bendungan_sidan,"Bukan bangsa yang terpecah-pecah, terkotak-kotak, yang saling iri.",bukan bangsa yang terpecah pecah terkotak kotak yang saling iri,bukan bangsa terpecah pecah terkotak kotak saling iri,-11,negatif
"Sambutan Presiden pada Peresmian Bendungan Meninting, Bendungan Rukoh, Bendungan Keureuto, Bendungan Jlantah, dan Bendungan Sidan",https://www.setneg.go.id/baca/index/sambutan_presiden_pada_peresmian_bendungan_meninting_bendungan_rukoh_bendungan_keureuto_bendungan_jlantah_dan_bendungan_sidan,"Bukan bangsa yang penuh dengki, penuh curiga.",bukan bangsa yang penuh dengki penuh curiga,bukan bangsa penuh dengki penuh curiga,-12,negatif
"Sambutan Presiden pada Peresmian Bendungan Meninting, Bendungan Rukoh, Bendungan Keureuto, Bendungan Jlantah, dan Bendungan Sidan",https://www.setneg.go.id/baca/index/sambutan_presiden_pada_peresmian_bendungan_meninting_bendungan_rukoh_bendungan_keureuto_bendungan_jlantah_dan_bendungan_sidan,"Bukan bangsa yang hanya mikir diri sendiri, kelompoknya.",bukan bangsa yang hanya mikir diri sendiri kelompoknya,bukan bangsa hanya mikir diri sendiri kelompoknya,-13,negatif
"Sambutan Presiden pada Peresmian Bendungan Meninting, Bendungan Rukoh, Bendungan Keureuto, Bendungan Jlantah, dan Bendungan Sidan",https://www.setneg.go.id/baca/index/sambutan_presiden_pada_peresmian_bendungan_meninting_bendungan_rukoh_bendungan_keureuto_bendungan_jlantah_dan_bendungan_sidan,"Cinta kita adalah cinta tanah air, cinta merah putih, cinta negara dan bangsa.",cinta kita adalah cinta tanah air cinta merah putih cinta negara dan bangsa,cinta adalah cinta tanah air cinta merah putih cinta negara bangsa,-12,negatif
"Sambutan Presiden pada Peresmian Bendungan Meninting, Bendungan Rukoh, Bendungan Keureuto, Bendungan Jlantah, dan Bendungan Sidan",https://www.setneg.go.id/baca/index/sambutan_presiden_pada_peresmian_bendungan_meninting_bendungan_rukoh_bendungan_keureuto_bendungan_jlantah_dan_bendungan_sidan,"Hanya dengan cinta tanah air, berarti kita cinta bangsa Indonesia.",hanya dengan cinta tanah air berarti kita cinta bangsa indonesia,dengan cinta tanah air berarti cinta bangsa indonesia,-2,negatif
"Sambutan Presiden pada Peresmian Bendungan Meninting, Bendungan Rukoh, Bendungan Keureuto, Bendungan Jlantah, dan Bendungan Sidan",https://www.setneg.go.id/baca/index/sambutan_presiden_pada_peresmian_bendungan_meninting_bendungan_rukoh_bendungan_keureuto_bendungan_jlantah_dan_bendungan_sidan,Kita harus hormati dan cintai bangsa kita sendiri.,kita harus hormati dan cintai bangsa kita sendiri,harus hormati cintai bangsa sendiri,-4,negatif
"Sambutan Presiden pada Peresmian Bendungan Meninting, Bendungan Rukoh, Bendungan Keureuto, Bendungan Jlantah, dan Bendungan Sidan",https://www.setneg.go.id/baca/index/sambutan_presiden_pada_peresmian_bendungan_meninting_bendungan_rukoh_bendungan_keureuto_bendungan_jlantah_dan_bendungan_sidan,Tidak ada bangsa lain yang akan menghormati kita.,tidak ada bangsa lain yang akan menghormati kita,ada bangsa yang menghormati,-8,negatif
"Sambutan Presiden pada Peresmian Bendungan Meninting, Bendungan Rukoh, Bendungan Keureuto, Bendungan Jlantah, dan Bendungan Sidan",https://www.setneg.go.id/baca/index/sambutan_presiden_pada_peresmian_bendungan_meninting_bendungan_rukoh_bendungan_keureuto_bendungan_jlantah_dan_bendungan_sidan,"Tidak ada bangsa lain yang akan kasihan sama kita, bahkan dari dulu mereka ingin pecah belah kita, pecah belah kita, pecah belah kita,diveda et impera.",tidak ada bangsa lain yang akan kasihan sama kita bahkan dari dulu mereka ingin pecah belah kita pecah belah kita pecah belah kita diveda et impera,ada bangsa yang kasihan sama bahkan dulu ingin pecah belah pecah belah pecah belah diveda et impera,-23,negatif
"Sambutan Presiden pada Peresmian Bendungan Meninting, Bendungan Rukoh, Bendungan Keureuto, Bendungan Jlantah, dan Bendungan Sidan",https://www.setneg.go.id/baca/index/sambutan_presiden_pada_peresmian_bendungan_meninting_bendungan_rukoh_bendungan_keureuto_bendungan_jlantah_dan_bendungan_sidan,"Jadi, Saudara saudara, saya bersyukur, ini simbol kerja keras, ini simbol persatuan Pemerintah yang investasi pertama, pemerintah yanggroundbreaking, pemerintah yang mulai bangun mungkin bukan pemerintah yang meresmikan.",jadi saudara saudara saya bersyukur ini simbol kerja keras ini simbol persatuan pemerintah yang investasi pertama pemerintah yanggroundbreaking pemerintah yang mulai bangun mungkin bukan pemerintah yang meresmikan,jadi saudara saudara bersyukur simbol kerja keras simbol persatuan pemerintah investasi pertama pemerintah yanggroundbreaking pemerintah mulai bangun mungkin bukan pemerintah meresmikan,2,positif
"Sambutan Presiden pada Peresmian Bendungan Meninting, Bendungan Rukoh, Bendungan Keureuto, Bendungan Jlantah, dan Bendungan Sidan",https://www.setneg.go.id/baca/index/sambutan_presiden_pada_peresmian_bendungan_meninting_bendungan_rukoh_bendungan_keureuto_bendungan_jlantah_dan_bendungan_sidan,"Inilah namanya pembangunan bangsa, ini namanya kebangkitan bangsa.",inilah namanya pembangunan bangsa ini namanya kebangkitan bangsa,inilah namanya pembangunan bangsa namanya kebangkitan bangsa,-5,negatif
"Sambutan Presiden pada Peresmian Bendungan Meninting, Bendungan Rukoh, Bendungan Keureuto, Bendungan Jlantah, dan Bendungan Sidan",https://www.setneg.go.id/baca/index/sambutan_presiden_pada_peresmian_bendungan_meninting_bendungan_rukoh_bendungan_keureuto_bendungan_jlantah_dan_bendungan_sidan,"Pembangunan bangsa, kebangkitan bangsa bukan jatuh dari langit.",pembangunan bangsa kebangkitan bangsa bukan jatuh dari langit,pembangunan bangsa kebangkitan bangsa bukan jatuh langit,-11,negatif
"Sambutan Presiden pada Peresmian Bendungan Meninting, Bendungan Rukoh, Bendungan Keureuto, Bendungan Jlantah, dan Bendungan Sidan",https://www.setneg.go.id/baca/index/sambutan_presiden_pada_peresmian_bendungan_meninting_bendungan_rukoh_bendungan_keureuto_bendungan_jlantah_dan_bendungan_sidan,"Kemakmuran tidak ada di pohon, jatuh dari langit, tidak.",kemakmuran tidak ada di pohon jatuh dari langit tidak,kemakmuran ada pohon jatuh langit,-13,negatif
"Sambutan Presiden pada Peresmian Bendungan Meninting, Bendungan Rukoh, Bendungan Keureuto, Bendungan Jlantah, dan Bendungan Sidan",https://www.setneg.go.id/baca/index/sambutan_presiden_pada_peresmian_bendungan_meninting_bendungan_rukoh_bendungan_keureuto_bendungan_jlantah_dan_bendungan_sidan,"Kemakmuran kerja besar, kerja keras, kerja bersatu.",kemakmuran kerja besar kerja keras kerja bersatu,kemakmuran kerja besar kerja keras kerja bersatu,0,netral
"Sambutan Presiden pada Peresmian Bendungan Meninting, Bendungan Rukoh, Bendungan Keureuto, Bendungan Jlantah, dan Bendungan Sidan",https://www.setneg.go.id/baca/index/sambutan_presiden_pada_peresmian_bendungan_meninting_bendungan_rukoh_bendungan_keureuto_bendungan_jlantah_dan_bendungan_sidan,"Saudara-saudara,Dari yang saya belajar dari sejarah tadi, bangsa yang berhasil bangsa yang bersatu, terutama elitenya, pemimpin-pemimpinnya harus bersatu, haruslegowo.",saudara saudara dari yang saya belajar dari sejarah tadi bangsa yang berhasil bangsa yang bersatu terutama elitenya pemimpin pemimpinnya harus bersatu haruslegowo,saudara saudara belajar sejarah tadi bangsa berhasil bangsa yang bersatu terutama elitenya pemimpin pemimpinnya bersatu haruslegowo,3,positif
"Sambutan Presiden pada Peresmian Bendungan Meninting, Bendungan Rukoh, Bendungan Keureuto, Bendungan Jlantah, dan Bendungan Sidan",https://www.setneg.go.id/baca/index/sambutan_presiden_pada_peresmian_bendungan_meninting_bendungan_rukoh_bendungan_keureuto_bendungan_jlantah_dan_bendungan_sidan,"Legowoitu bahasa Jawa, ya.",legowoitu bahasa jawa ya,legowoitu bahasa jawa,-4,negatif
"Sambutan Presiden pada Peresmian Bendungan Meninting, Bendungan Rukoh, Bendungan Keureuto, Bendungan Jlantah, dan Bendungan Sidan",https://www.setneg.go.id/baca/index/sambutan_presiden_pada_peresmian_bendungan_meninting_bendungan_rukoh_bendungan_keureuto_bendungan_jlantah_dan_bendungan_sidan,"Pak Lalu, bahasa Lombok apa?",pak lalu bahasa lombok apa,pak lalu bahasa lombok apa,-4,negatif
"Sambutan Presiden pada Peresmian Bendungan Meninting, Bendungan Rukoh, Bendungan Keureuto, Bendungan Jlantah, dan Bendungan Sidan",https://www.setneg.go.id/baca/index/sambutan_presiden_pada_peresmian_bendungan_meninting_bendungan_rukoh_bendungan_keureuto_bendungan_jlantah_dan_bendungan_sidan,"Lapang dada, lapang dada.",lapang dada lapang dada,lapang dada lapang dada,6,positif
"Sambutan Presiden pada Peresmian Bendungan Meninting, Bendungan Rukoh, Bendungan Keureuto, Bendungan Jlantah, dan Bendungan Sidan",https://www.setneg.go.id/baca/index/sambutan_presiden_pada_peresmian_bendungan_meninting_bendungan_rukoh_bendungan_keureuto_bendungan_jlantah_dan_bendungan_sidan,"Jadi, kita sebagai bangsa yang pernah ratusan tahun dijajah, dihina, dianggap lebih rendah dari anjing, kekayaan kita diperas, sampai hari ini, sampai hari ini kita masih dianggap rendah.",jadi kita sebagai bangsa yang pernah ratusan tahun dijajah dihina dianggap lebih rendah dari anjing kekayaan kita diperas sampai hari ini sampai hari ini kita masih dianggap rendah,jadi sebagai bangsa pernah ratusan tahun dijajah dihina dianggap lebih rendah anjing kekayaan diperas hari sampai hari kita dianggap rendah,-20,negatif
"Sambutan Presiden pada Peresmian Bendungan Meninting, Bendungan Rukoh, Bendungan Keureuto, Bendungan Jlantah, dan Bendungan Sidan",https://www.setneg.go.id/baca/index/sambutan_presiden_pada_peresmian_bendungan_meninting_bendungan_rukoh_bendungan_keureuto_bendungan_jlantah_dan_bendungan_sidan,"Ada kelompok-kelompok tertentu, ada bangsa-bangsa tertentu, ada negara-negara tertentu yang iri sama kita, yang iri karena kita kaya, yang memikirkan bagaimana bisa mencuri kekayaan kita dan kalau bisa Indonesia pecah.",ada kelompok kelompok tertentu ada bangsa bangsa tertentu ada negara negara tertentu yang iri sama kita yang iri karena kita kaya yang memikirkan bagaimana bisa mencuri kekayaan kita dan kalau bisa indonesia pecah,kelompok kelompok tertentu bangsa bangsa tertentu negara negara tertentu iri sama iri kaya yang memikirkan bagaimana mencuri kekayaan kita dan kalau indonesia pecah,-31,negatif
"Sambutan Presiden pada Peresmian Bendungan Meninting, Bendungan Rukoh, Bendungan Keureuto, Bendungan Jlantah, dan Bendungan Sidan",https://www.setneg.go.id/baca/index/sambutan_presiden_pada_peresmian_bendungan_meninting_bendungan_rukoh_bendungan_keureuto_bendungan_jlantah_dan_bendungan_sidan,"Saudara-saudara,Ini saya di setiap kesempatan, saya memberi peringatan.",saudara saudara ini saya di setiap kesempatan saya memberi peringatan,saudara saudara setiap kesempatan saya memberi peringatan,-5,negatif
"Sambutan Presiden pada Peresmian Bendungan Meninting, Bendungan Rukoh, Bendungan Keureuto, Bendungan Jlantah, dan Bendungan Sidan",https://www.setneg.go.id/baca/index/sambutan_presiden_pada_peresmian_bendungan_meninting_bendungan_rukoh_bendungan_keureuto_bendungan_jlantah_dan_bendungan_sidan,"Ada, ada yang tidak percaya sama Prabowo.",ada ada yang tidak percaya sama prabowo,ada tidak percaya sama prabowo,-3,negatif
"Sambutan Presiden pada Peresmian Bendungan Meninting, Bendungan Rukoh, Bendungan Keureuto, Bendungan Jlantah, dan Bendungan Sidan",https://www.setneg.go.id/baca/index/sambutan_presiden_pada_peresmian_bendungan_meninting_bendungan_rukoh_bendungan_keureuto_bendungan_jlantah_dan_bendungan_sidan,"Ada, enggak apa-apa.",ada enggak apa apa,enggak apa apa,-6,negatif
"Sambutan Presiden pada Peresmian Bendungan Meninting, Bendungan Rukoh, Bendungan Keureuto, Bendungan Jlantah, dan Bendungan Sidan",https://www.setneg.go.id/baca/index/sambutan_presiden_pada_peresmian_bendungan_meninting_bendungan_rukoh_bendungan_keureuto_bendungan_jlantah_dan_bendungan_sidan,"Yang penting, kita mengerti.",yang penting kita mengerti,penting mengerti,-6,negatif
"Sambutan Presiden pada Peresmian Bendungan Meninting, Bendungan Rukoh, Bendungan Keureuto, Bendungan Jlantah, dan Bendungan Sidan",https://www.setneg.go.id/baca/index/sambutan_presiden_pada_peresmian_bendungan_meninting_bendungan_rukoh_bendungan_keureuto_bendungan_jlantah_dan_bendungan_sidan,"Saya terima kasih, saya mengerti, saya paham, saya diberi kepercayaan oleh rakyat Indonesia, saya dipilih oleh rakyat Indonesia, dan saya akan setia kepada rakyat Indonesia dengan segala apa yang saya miliki, dengan segala tenaga, dengan segala pikiran, dengan segala energi yang saya miliki.",saya terima kasih saya mengerti saya paham saya diberi kepercayaan oleh rakyat indonesia saya dipilih oleh rakyat indonesia dan saya akan setia kepada rakyat indonesia dengan segala apa yang saya miliki dengan segala tenaga dengan segala pikiran dengan segala energi yang saya miliki,terima kasih mengerti paham diberi kepercayaan rakyat indonesia dipilih rakyat indonesia saya setia rakyat indonesia segala apa saya miliki segala tenaga segala pikiran segala energi saya miliki,-14,negatif
"Sambutan Presiden pada Peresmian Bendungan Meninting, Bendungan Rukoh, Bendungan Keureuto, Bendungan Jlantah, dan Bendungan Sidan",https://www.setneg.go.id/baca/index/sambutan_presiden_pada_peresmian_bendungan_meninting_bendungan_rukoh_bendungan_keureuto_bendungan_jlantah_dan_bendungan_sidan,"Hanya satu, saya akan mengabdi kepada bangsa dan rakyat saya.",hanya satu saya akan mengabdi kepada bangsa dan rakyat saya,satu akan mengabdi bangsa rakyat,-4,negatif
"Sambutan Presiden pada Peresmian Bendungan Meninting, Bendungan Rukoh, Bendungan Keureuto, Bendungan Jlantah, dan Bendungan Sidan",https://www.setneg.go.id/baca/index/sambutan_presiden_pada_peresmian_bendungan_meninting_bendungan_rukoh_bendungan_keureuto_bendungan_jlantah_dan_bendungan_sidan,"Dan, saya tidak akan gentar, saya tidak akan pernah menyerah,  apalagi kalau rakyat saya terancam.",dan saya tidak akan gentar saya tidak akan pernah menyerah apalagi kalau rakyat saya terancam,gentar tidak akan pernah menyerah kalau rakyat saya terancam,-17,negatif
"Sambutan Presiden pada Peresmian Bendungan Meninting, Bendungan Rukoh, Bendungan Keureuto, Bendungan Jlantah, dan Bendungan Sidan",https://www.setneg.go.id/baca/index/sambutan_presiden_pada_peresmian_bendungan_meninting_bendungan_rukoh_bendungan_keureuto_bendungan_jlantah_dan_bendungan_sidan,"Saya tidak rela rakyat Indonesia miskin, saya tidak rela.",saya tidak rela rakyat indonesia miskin saya tidak rela,tidak rela rakyat indonesia miskin tidak rela,-21,negatif
"Sambutan Presiden pada Peresmian Bendungan Meninting, Bendungan Rukoh, Bendungan Keureuto, Bendungan Jlantah, dan Bendungan Sidan",https://www.setneg.go.id/baca/index/sambutan_presiden_pada_peresmian_bendungan_meninting_bendungan_rukoh_bendungan_keureuto_bendungan_jlantah_dan_bendungan_sidan,"Saya tidak rela ada anak-anak Indonesia yang lapar, saya tidak rela.",saya tidak rela ada anak anak indonesia yang lapar saya tidak rela,tidak rela anak anak indonesia lapar tidak rela,-27,negatif
"Sambutan Presiden pada Peresmian Bendungan Meninting, Bendungan Rukoh, Bendungan Keureuto, Bendungan Jlantah, dan Bendungan Sidan",https://www.setneg.go.id/baca/index/sambutan_presiden_pada_peresmian_bendungan_meninting_bendungan_rukoh_bendungan_keureuto_bendungan_jlantah_dan_bendungan_sidan,"Apa pun segelintir elite di Jakarta berpendapat bahwa perut lapar itu tidak penting, saya berbeda.",apa pun segelintir elite di jakarta berpendapat bahwa perut lapar itu tidak penting saya berbeda,apa segelintir elite jakarta berpendapat perut lapar tidak penting berbeda,-13,negatif
"Sambutan Presiden pada Peresmian Bendungan Meninting, Bendungan Rukoh, Bendungan Keureuto, Bendungan Jlantah, dan Bendungan Sidan",https://www.setneg.go.id/baca/index/sambutan_presiden_pada_peresmian_bendungan_meninting_bendungan_rukoh_bendungan_keureuto_bendungan_jlantah_dan_bendungan_sidan,"Ada rakyat Indonesia yang lapar, itu penting bagi saya.",ada rakyat indonesia yang lapar itu penting bagi saya,rakyat indonesia lapar penting saya,-12,negatif
"Sambutan Presiden pada Peresmian Bendungan Meninting, Bendungan Rukoh, Bendungan Keureuto, Bendungan Jlantah, dan Bendungan Sidan",https://www.setneg.go.id/baca/index/sambutan_presiden_pada_peresmian_bendungan_meninting_bendungan_rukoh_bendungan_keureuto_bendungan_jlantah_dan_bendungan_sidan,"Tidak ada negara yang berhasil kalau tidak bisa menghasilkan pangan bagi rakyatnya sendiri, dan alhamdulillah Indonesia sekarang yang mampu memberi pangan untuk rakyatnya sendiri.",tidak ada negara yang berhasil kalau tidak bisa menghasilkan pangan bagi rakyatnya sendiri dan alhamdulillah indonesia sekarang yang mampu memberi pangan untuk rakyatnya sendiri,ada negara berhasil kalau bisa menghasilkan pangan rakyatnya sendiri alhamdulillah indonesia sekarang mampu memberi pangan rakyatnya sendiri,-8,negatif
"Sambutan Presiden pada Peresmian Bendungan Meninting, Bendungan Rukoh, Bendungan Keureuto, Bendungan Jlantah, dan Bendungan Sidan",https://www.setneg.go.id/baca/index/sambutan_presiden_pada_peresmian_bendungan_meninting_bendungan_rukoh_bendungan_keureuto_bendungan_jlantah_dan_bendungan_sidan,"Masalah bagi bangsa Indonesia, juga masalah bagi kita semua.",masalah bagi bangsa indonesia juga masalah bagi kita semua,masalah bangsa indonesia masalah kita semua,-11,negatif
"Sambutan Presiden pada Peresmian Bendungan Meninting, Bendungan Rukoh, Bendungan Keureuto, Bendungan Jlantah, dan Bendungan Sidan",https://www.setneg.go.id/baca/index/sambutan_presiden_pada_peresmian_bendungan_meninting_bendungan_rukoh_bendungan_keureuto_bendungan_jlantah_dan_bendungan_sidan,"Saya minta kita introspeksi, terutama para birokrat.",saya minta kita introspeksi terutama para birokrat,minta introspeksi terutama birokrat,-2,negatif
"Sambutan Presiden pada Peresmian Bendungan Meninting, Bendungan Rukoh, Bendungan Keureuto, Bendungan Jlantah, dan Bendungan Sidan",https://www.setneg.go.id/baca/index/sambutan_presiden_pada_peresmian_bendungan_meninting_bendungan_rukoh_bendungan_keureuto_bendungan_jlantah_dan_bendungan_sidan,"Ini banyak birokrat di sini saya lihat, ya.",ini banyak birokrat di sini saya lihat ya,banyak birokrat sini lihat,-3,negatif
"Sambutan Presiden pada Peresmian Bendungan Meninting, Bendungan Rukoh, Bendungan Keureuto, Bendungan Jlantah, dan Bendungan Sidan",https://www.setneg.go.id/baca/index/sambutan_presiden_pada_peresmian_bendungan_meninting_bendungan_rukoh_bendungan_keureuto_bendungan_jlantah_dan_bendungan_sidan,"Birokrat, introspeksi.",birokrat introspeksi,birokrat introspeksi,-3,negatif
"Sambutan Presiden pada Peresmian Bendungan Meninting, Bendungan Rukoh, Bendungan Keureuto, Bendungan Jlantah, dan Bendungan Sidan",https://www.setneg.go.id/baca/index/sambutan_presiden_pada_peresmian_bendungan_meninting_bendungan_rukoh_bendungan_keureuto_bendungan_jlantah_dan_bendungan_sidan,Kita semua introspeksi.,kita semua introspeksi,semua introspeksi,-3,negatif
"Sambutan Presiden pada Peresmian Bendungan Meninting, Bendungan Rukoh, Bendungan Keureuto, Bendungan Jlantah, dan Bendungan Sidan",https://www.setneg.go.id/baca/index/sambutan_presiden_pada_peresmian_bendungan_meninting_bendungan_rukoh_bendungan_keureuto_bendungan_jlantah_dan_bendungan_sidan,"Pejabat-pejabat militer dan polisi, introspeksi.",pejabat pejabat militer dan polisi introspeksi,pejabat pejabat militer polisi introspeksi,-6,negatif
"Sambutan Presiden pada Peresmian Bendungan Meninting, Bendungan Rukoh, Bendungan Keureuto, Bendungan Jlantah, dan Bendungan Sidan",https://www.setneg.go.id/baca/index/sambutan_presiden_pada_peresmian_bendungan_meninting_bendungan_rukoh_bendungan_keureuto_bendungan_jlantah_dan_bendungan_sidan,Saudara adalah milik rakyat.,saudara adalah milik rakyat,saudara milik rakyat,1,positif
"Sambutan Presiden pada Peresmian Bendungan Meninting, Bendungan Rukoh, Bendungan Keureuto, Bendungan Jlantah, dan Bendungan Sidan",https://www.setneg.go.id/baca/index/sambutan_presiden_pada_peresmian_bendungan_meninting_bendungan_rukoh_bendungan_keureuto_bendungan_jlantah_dan_bendungan_sidan,"Bintangmu dari rakyat, sepatumu dari rakyat, topimu dari rakyat, jangan pernah lupa itu.",bintangmu dari rakyat sepatumu dari rakyat topimu dari rakyat jangan pernah lupa itu,bintangmu rakyat sepatumu rakyat topimu rakyat jangan pernah lupa,-6,negatif
"Sambutan Presiden pada Peresmian Bendungan Meninting, Bendungan Rukoh, Bendungan Keureuto, Bendungan Jlantah, dan Bendungan Sidan",https://www.setneg.go.id/baca/index/sambutan_presiden_pada_peresmian_bendungan_meninting_bendungan_rukoh_bendungan_keureuto_bendungan_jlantah_dan_bendungan_sidan,"Kejaksaan, demikian juga.",kejaksaan demikian juga,kejaksaan juga,0,netral
"Sambutan Presiden pada Peresmian Bendungan Meninting, Bendungan Rukoh, Bendungan Keureuto, Bendungan Jlantah, dan Bendungan Sidan",https://www.setneg.go.id/baca/index/sambutan_presiden_pada_peresmian_bendungan_meninting_bendungan_rukoh_bendungan_keureuto_bendungan_jlantah_dan_bendungan_sidan,"Anda Kejaksaan, ya.",anda kejaksaan ya,kejaksaan,0,netral
"Sambutan Presiden pada Peresmian Bendungan Meninting, Bendungan Rukoh, Bendungan Keureuto, Bendungan Jlantah, dan Bendungan Sidan",https://www.setneg.go.id/baca/index/sambutan_presiden_pada_peresmian_bendungan_meninting_bendungan_rukoh_bendungan_keureuto_bendungan_jlantah_dan_bendungan_sidan,"Pakai bintang juga kau, kau juga milik rakyat.",pakai bintang juga kau kau juga milik rakyat,pakai bintang kau kau milik rakyat,1,positif
"Sambutan Presiden pada Peresmian Bendungan Meninting, Bendungan Rukoh, Bendungan Keureuto, Bendungan Jlantah, dan Bendungan Sidan",https://www.setneg.go.id/baca/index/sambutan_presiden_pada_peresmian_bendungan_meninting_bendungan_rukoh_bendungan_keureuto_bendungan_jlantah_dan_bendungan_sidan,"Saudara-saudara,Kita bersyukur, prestasi-prestasi yang sudah kita hasilkan dalam waktu yang singkat dengan perlawanan-perlawanan banyak dari kelompok-kelompok, terutama koruptor-koruptor itu.",saudara saudara kita bersyukur prestasi prestasi yang sudah kita hasilkan dalam waktu yang singkat dengan perlawanan perlawanan banyak dari kelompok kelompok terutama koruptor koruptor itu,saudara saudara bersyukur prestasi prestasi sudah hasilkan waktu singkat perlawanan perlawanan banyak kelompok kelompok terutama koruptor koruptor,-19,negatif
"Sambutan Presiden pada Peresmian Bendungan Meninting, Bendungan Rukoh, Bendungan Keureuto, Bendungan Jlantah, dan Bendungan Sidan",https://www.setneg.go.id/baca/index/sambutan_presiden_pada_peresmian_bendungan_meninting_bendungan_rukoh_bendungan_keureuto_bendungan_jlantah_dan_bendungan_sidan,"Ini ada wartawan, jadi saya enggak boleh bicara, saya harus bicara hati-hati.",ini ada wartawan jadi saya enggak boleh bicara saya harus bicara hati hati,ada wartawan jadi enggak bicara harus bicara hati hati,-14,negatif
"Sambutan Presiden pada Peresmian Bendungan Meninting, Bendungan Rukoh, Bendungan Keureuto, Bendungan Jlantah, dan Bendungan Sidan",https://www.setneg.go.id/baca/index/sambutan_presiden_pada_peresmian_bendungan_meninting_bendungan_rukoh_bendungan_keureuto_bendungan_jlantah_dan_bendungan_sidan,Saya harus bicara sopan.,saya harus bicara sopan,harus bicara sopan,-5,negatif
"Sambutan Presiden pada Peresmian Bendungan Meninting, Bendungan Rukoh, Bendungan Keureuto, Bendungan Jlantah, dan Bendungan Sidan",https://www.setneg.go.id/baca/index/sambutan_presiden_pada_peresmian_bendungan_meninting_bendungan_rukoh_bendungan_keureuto_bendungan_jlantah_dan_bendungan_sidan,"Saya enggak boleh bilang koruptor itu bajingan, enggak boleh itu.",saya enggak boleh bilang koruptor itu bajingan enggak boleh itu,enggak bilang koruptor bajingan enggak itu,-2,negatif
"Sambutan Presiden pada Peresmian Bendungan Meninting, Bendungan Rukoh, Bendungan Keureuto, Bendungan Jlantah, dan Bendungan Sidan",https://www.setneg.go.id/baca/index/sambutan_presiden_pada_peresmian_bendungan_meninting_bendungan_rukoh_bendungan_keureuto_bendungan_jlantah_dan_bendungan_sidan,Nanti ini yang nanti di-blow upyang ini.,nanti ini yang nanti di blow upyang ini,nanti blow upyang ini,-2,negatif
"Sambutan Presiden pada Peresmian Bendungan Meninting, Bendungan Rukoh, Bendungan Keureuto, Bendungan Jlantah, dan Bendungan Sidan",https://www.setneg.go.id/baca/index/sambutan_presiden_pada_peresmian_bendungan_meninting_bendungan_rukoh_bendungan_keureuto_bendungan_jlantah_dan_bendungan_sidan,"Presiden ngomongnya harus sopan, halus.",presiden ngomongnya harus sopan halus,presiden ngomongnya sopan halus,3,positif
"Sambutan Presiden pada Peresmian Bendungan Meninting, Bendungan Rukoh, Bendungan Keureuto, Bendungan Jlantah, dan Bendungan Sidan",https://www.setneg.go.id/baca/index/sambutan_presiden_pada_peresmian_bendungan_meninting_bendungan_rukoh_bendungan_keureuto_bendungan_jlantah_dan_bendungan_sidan,Benar?,benar,benar,-4,negatif
"Sambutan Presiden pada Peresmian Bendungan Meninting, Bendungan Rukoh, Bendungan Keureuto, Bendungan Jlantah, dan Bendungan Sidan",https://www.setneg.go.id/baca/index/sambutan_presiden_pada_peresmian_bendungan_meninting_bendungan_rukoh_bendungan_keureuto_bendungan_jlantah_dan_bendungan_sidan,Benar?,benar,benar,-4,negatif
"Sambutan Presiden pada Peresmian Bendungan Meninting, Bendungan Rukoh, Bendungan Keureuto, Bendungan Jlantah, dan Bendungan Sidan",https://www.setneg.go.id/baca/index/sambutan_presiden_pada_peresmian_bendungan_meninting_bendungan_rukoh_bendungan_keureuto_bendungan_jlantah_dan_bendungan_sidan,Anda mau saya bicara sopan atau mau saya bicara jujur?,anda mau saya bicara sopan atau mau saya bicara jujur,mau bicara sopan mau bicara jujur,-3,negatif
"Sambutan Presiden pada Peresmian Bendungan Meninting, Bendungan Rukoh, Bendungan Keureuto, Bendungan Jlantah, dan Bendungan Sidan",https://www.setneg.go.id/baca/index/sambutan_presiden_pada_peresmian_bendungan_meninting_bendungan_rukoh_bendungan_keureuto_bendungan_jlantah_dan_bendungan_sidan,"Saya kadang-kadang, saya kadang-kadang bersyukur saya ini sudah pensiun.",saya kadang kadang saya kadang kadang bersyukur saya ini sudah pensiun,kadang kadang kadang kadang bersyukur ini pensiun,14,positif
"Sambutan Presiden pada Peresmian Bendungan Meninting, Bendungan Rukoh, Bendungan Keureuto, Bendungan Jlantah, dan Bendungan Sidan",https://www.setneg.go.id/baca/index/sambutan_presiden_pada_peresmian_bendungan_meninting_bendungan_rukoh_bendungan_keureuto_bendungan_jlantah_dan_bendungan_sidan,"Kadang-kadang saya itu hadapi maling-maling koruptor itu rasanya itu, tapi harus sesuai prosedur hukum.",kadang kadang saya itu hadapi maling maling koruptor itu rasanya itu tapi harus sesuai prosedur hukum,kadang kadang hadapi maling maling koruptor rasanya itu tapi sesuai prosedur hukum,0,netral
"Sambutan Presiden pada Peresmian Bendungan Meninting, Bendungan Rukoh, Bendungan Keureuto, Bendungan Jlantah, dan Bendungan Sidan",https://www.setneg.go.id/baca/index/sambutan_presiden_pada_peresmian_bendungan_meninting_bendungan_rukoh_bendungan_keureuto_bendungan_jlantah_dan_bendungan_sidan,"Ya kita laksanakan, kita akan tegakkan hukum, Saudara-saudara.",ya kita laksanakan kita akan tegakkan hukum saudara saudara,laksanakan kita akan tegakkan hukum saudara saudara,-3,negatif
"Sambutan Presiden pada Peresmian Bendungan Meninting, Bendungan Rukoh, Bendungan Keureuto, Bendungan Jlantah, dan Bendungan Sidan",https://www.setneg.go.id/baca/index/sambutan_presiden_pada_peresmian_bendungan_meninting_bendungan_rukoh_bendungan_keureuto_bendungan_jlantah_dan_bendungan_sidan,"Dan, hukum itu untuk semua, bukan untuk hanya orang kuat saja, bukan hanya hukum untuk orang kaya saja.",dan hukum itu untuk semua bukan untuk hanya orang kuat saja bukan hanya hukum untuk orang kaya saja,hukum semua bukan orang kuat bukan hanya hukum untuk orang kaya,-23,negatif
"Sambutan Presiden pada Peresmian Bendungan Meninting, Bendungan Rukoh, Bendungan Keureuto, Bendungan Jlantah, dan Bendungan Sidan",https://www.setneg.go.id/baca/index/sambutan_presiden_pada_peresmian_bendungan_meninting_bendungan_rukoh_bendungan_keureuto_bendungan_jlantah_dan_bendungan_sidan,"Saudara-saudara,Lima bendungan yang kita resmikan hari ini adalah investasi negara sekitar 9,79 triliun, 9,79 triliun.",saudara saudara lima bendungan yang kita resmikan hari ini adalah investasi negara sekitar triliun triliun,saudara saudara lima bendungan kita resmikan hari adalah investasi negara triliun triliun,0,netral
"Sambutan Presiden pada Peresmian Bendungan Meninting, Bendungan Rukoh, Bendungan Keureuto, Bendungan Jlantah, dan Bendungan Sidan",https://www.setneg.go.id/baca/index/sambutan_presiden_pada_peresmian_bendungan_meninting_bendungan_rukoh_bendungan_keureuto_bendungan_jlantah_dan_bendungan_sidan,Kemarin adalah hari yang sangat bersejarah.,kemarin adalah hari yang sangat bersejarah,kemarin hari sangat bersejarah,-5,negatif
"Sambutan Presiden pada Peresmian Bendungan Meninting, Bendungan Rukoh, Bendungan Keureuto, Bendungan Jlantah, dan Bendungan Sidan",https://www.setneg.go.id/baca/index/sambutan_presiden_pada_peresmian_bendungan_meninting_bendungan_rukoh_bendungan_keureuto_bendungan_jlantah_dan_bendungan_sidan,"saya meresmikanlaunchingIndonesia negara pertama di dunia yang bisa membuat solar dari tanaman nabati, dari kelapa sawit.",saya meresmikanlaunchingindonesia negara pertama di dunia yang bisa membuat solar dari tanaman nabati dari kelapa sawit,meresmikanlaunchingindonesia negara pertama dunia bisa membuat solar tanaman nabati kelapa sawit,-1,negatif
"Sambutan Presiden pada Peresmian Bendungan Meninting, Bendungan Rukoh, Bendungan Keureuto, Bendungan Jlantah, dan Bendungan Sidan",https://www.setneg.go.id/baca/index/sambutan_presiden_pada_peresmian_bendungan_meninting_bendungan_rukoh_bendungan_keureuto_bendungan_jlantah_dan_bendungan_sidan,"Solar kita sekarang,  solar kita sekarang 50 persen dari kelapa sawit.",solar kita sekarang solar kita sekarang persen dari kelapa sawit,solar sekarang solar sekarang persen kelapa sawit,2,positif
"Sambutan Presiden pada Peresmian Bendungan Meninting, Bendungan Rukoh, Bendungan Keureuto, Bendungan Jlantah, dan Bendungan Sidan",https://www.setneg.go.id/baca/index/sambutan_presiden_pada_peresmian_bendungan_meninting_bendungan_rukoh_bendungan_keureuto_bendungan_jlantah_dan_bendungan_sidan,"Dan, mulai hari-hari ini kita sudah mulai menghentikan impor solar dari luar negeri.",dan mulai hari hari ini kita sudah mulai menghentikan impor solar dari luar negeri,mulai hari hari kita mulai menghentikan impor solar luar negeri,-3,negatif
"Sambutan Presiden pada Peresmian Bendungan Meninting, Bendungan Rukoh, Bendungan Keureuto, Bendungan Jlantah, dan Bendungan Sidan",https://www.setneg.go.id/baca/index/sambutan_presiden_pada_peresmian_bendungan_meninting_bendungan_rukoh_bendungan_keureuto_bendungan_jlantah_dan_bendungan_sidan,"Dengan demikian, dengan demikian kita akan menghemat 170 triliun Bayangkan, hari ini kita resmikan lima bendungan yang Menteri Pertanian melaporkan kepada saya,  lima bendungan ini nanti dengan teknologi, dengan benih yang terbaik bisa menghasilkan satu juta ton beras.",dengan demikian dengan demikian kita akan menghemat triliun bayangkan hari ini kita resmikan lima bendungan yang menteri pertanian melaporkan kepada saya lima bendungan ini nanti dengan teknologi dengan benih yang terbaik bisa menghasilkan satu juta ton beras,demikian demikian akan menghemat triliun bayangkan hari kita resmikan lima bendungan menteri pertanian melaporkan saya lima bendungan nanti teknologi benih terbaik menghasilkan satu juta ton beras,1,positif
"Sambutan Presiden pada Peresmian Bendungan Meninting, Bendungan Rukoh, Bendungan Keureuto, Bendungan Jlantah, dan Bendungan Sidan",https://www.setneg.go.id/baca/index/sambutan_presiden_pada_peresmian_bendungan_meninting_bendungan_rukoh_bendungan_keureuto_bendungan_jlantah_dan_bendungan_sidan,"Lima bendungan ini, lima bendungan ini 9,79 triliun.",lima bendungan ini lima bendungan ini triliun,lima bendungan lima bendungan triliun,0,netral
"Sambutan Presiden pada Peresmian Bendungan Meninting, Bendungan Rukoh, Bendungan Keureuto, Bendungan Jlantah, dan Bendungan Sidan",https://www.setneg.go.id/baca/index/sambutan_presiden_pada_peresmian_bendungan_meninting_bendungan_rukoh_bendungan_keureuto_bendungan_jlantah_dan_bendungan_sidan,"Dari B50, kita akan menghemat 170 triliun.",dari b kita akan menghemat triliun,b akan menghemat triliun,0,netral
"Sambutan Presiden pada Peresmian Bendungan Meninting, Bendungan Rukoh, Bendungan Keureuto, Bendungan Jlantah, dan Bendungan Sidan",https://www.setneg.go.id/baca/index/sambutan_presiden_pada_peresmian_bendungan_meninting_bendungan_rukoh_bendungan_keureuto_bendungan_jlantah_dan_bendungan_sidan,Bayangkan berapa puluh bendungan yang kita bisa bangun tiap tahun.,bayangkan berapa puluh bendungan yang kita bisa bangun tiap tahun,bayangkan berapa puluh bendungan kita bangun tiap tahun,0,netral
"Sambutan Presiden pada Peresmian Bendungan Meninting, Bendungan Rukoh, Bendungan Keureuto, Bendungan Jlantah, dan Bendungan Sidan",https://www.setneg.go.id/baca/index/sambutan_presiden_pada_peresmian_bendungan_meninting_bendungan_rukoh_bendungan_keureuto_bendungan_jlantah_dan_bendungan_sidan,"Berarti 17 kali 5, kira-kira ya.",berarti kali kira kira ya,berarti kali kira kira,-3,negatif
"Sambutan Presiden pada Peresmian Bendungan Meninting, Bendungan Rukoh, Bendungan Keureuto, Bendungan Jlantah, dan Bendungan Sidan",https://www.setneg.go.id/baca/index/sambutan_presiden_pada_peresmian_bendungan_meninting_bendungan_rukoh_bendungan_keureuto_bendungan_jlantah_dan_bendungan_sidan,"Berapa Mensesneg, 17 kali 5?",berapa mensesneg kali,berapa mensesneg kali,0,netral
"Sambutan Presiden pada Peresmian Bendungan Meninting, Bendungan Rukoh, Bendungan Keureuto, Bendungan Jlantah, dan Bendungan Sidan",https://www.setneg.go.id/baca/index/sambutan_presiden_pada_peresmian_bendungan_meninting_bendungan_rukoh_bendungan_keureuto_bendungan_jlantah_dan_bendungan_sidan,85.,,,0,netral
"Sambutan Presiden pada Peresmian Bendungan Meninting, Bendungan Rukoh, Bendungan Keureuto, Bendungan Jlantah, dan Bendungan Sidan",https://www.setneg.go.id/baca/index/sambutan_presiden_pada_peresmian_bendungan_meninting_bendungan_rukoh_bendungan_keureuto_bendungan_jlantah_dan_bendungan_sidan,"Ini Mensesneg pintar, makanya dia jadi Mensesneg ini.",ini mensesneg pintar makanya dia jadi mensesneg ini,mensesneg pintar makanya jadi mensesneg,-2,negatif
"Sambutan Presiden pada Peresmian Bendungan Meninting, Bendungan Rukoh, Bendungan Keureuto, Bendungan Jlantah, dan Bendungan Sidan",https://www.setneg.go.id/baca/index/sambutan_presiden_pada_peresmian_bendungan_meninting_bendungan_rukoh_bendungan_keureuto_bendungan_jlantah_dan_bendungan_sidan,"Saudara-saudara,Jadi, ini prestasi, kita negara pertama di dunia.",saudara saudara jadi ini prestasi kita negara pertama di dunia,saudara saudara jadi prestasi negara pertama dunia,-4,negatif
"Sambutan Presiden pada Peresmian Bendungan Meninting, Bendungan Rukoh, Bendungan Keureuto, Bendungan Jlantah, dan Bendungan Sidan",https://www.setneg.go.id/baca/index/sambutan_presiden_pada_peresmian_bendungan_meninting_bendungan_rukoh_bendungan_keureuto_bendungan_jlantah_dan_bendungan_sidan,"Satu, yang berani bikin B50 Dua, berhasil bikin B50.",satu yang berani bikin b dua berhasil bikin b,satu berani bikin b berhasil bikin b,2,positif
"Sambutan Presiden pada Peresmian Bendungan Meninting, Bendungan Rukoh, Bendungan Keureuto, Bendungan Jlantah, dan Bendungan Sidan",https://www.setneg.go.id/baca/index/sambutan_presiden_pada_peresmian_bendungan_meninting_bendungan_rukoh_bendungan_keureuto_bendungan_jlantah_dan_bendungan_sidan,"Dulu waktu kita mulai, waduh, banyak yang menentang.",dulu waktu kita mulai waduh banyak yang menentang,dulu waktu mulai waduh banyak menentang,-10,negatif
"Sambutan Presiden pada Peresmian Bendungan Meninting, Bendungan Rukoh, Bendungan Keureuto, Bendungan Jlantah, dan Bendungan Sidan",https://www.setneg.go.id/baca/index/sambutan_presiden_pada_peresmian_bendungan_meninting_bendungan_rukoh_bendungan_keureuto_bendungan_jlantah_dan_bendungan_sidan,"Tidak bisa, nanti mesin rusak, nanti pabrik tidak mau kasih kita mesin, nanti ini, nanti itu.",tidak bisa nanti mesin rusak nanti pabrik tidak mau kasih kita mesin nanti ini nanti itu,bisa mesin rusak pabrik mau kasih mesin ini itu,-8,negatif
"Sambutan Presiden pada Peresmian Bendungan Meninting, Bendungan Rukoh, Bendungan Keureuto, Bendungan Jlantah, dan Bendungan Sidan",https://www.setneg.go.id/baca/index/sambutan_presiden_pada_peresmian_bendungan_meninting_bendungan_rukoh_bendungan_keureuto_bendungan_jlantah_dan_bendungan_sidan,"Pokoknya mereka tidak mau kita B50, karena dia mau supaya apa itu import.",pokoknya mereka tidak mau kita b karena dia mau supaya apa itu import,pokoknya tidak mau b dia mau apa import,-14,negatif
"Sambutan Presiden pada Peresmian Bendungan Meninting, Bendungan Rukoh, Bendungan Keureuto, Bendungan Jlantah, dan Bendungan Sidan",https://www.setneg.go.id/baca/index/sambutan_presiden_pada_peresmian_bendungan_meninting_bendungan_rukoh_bendungan_keureuto_bendungan_jlantah_dan_bendungan_sidan,"Dia mau impor-impor, di situ dia ambil komisi.",dia mau impor impor di situ dia ambil komisi,mau impor impor situ ambil komisi,-3,negatif
"Sambutan Presiden pada Peresmian Bendungan Meninting, Bendungan Rukoh, Bendungan Keureuto, Bendungan Jlantah, dan Bendungan Sidan",https://www.setneg.go.id/baca/index/sambutan_presiden_pada_peresmian_bendungan_meninting_bendungan_rukoh_bendungan_keureuto_bendungan_jlantah_dan_bendungan_sidan,"Bayangkan 170 triliun, kalau komisinya 20 persen, berapa itu?",bayangkan triliun kalau komisinya persen berapa itu,bayangkan triliun kalau komisinya persen berapa,1,positif
"Sambutan Presiden pada Peresmian Bendungan Meninting, Bendungan Rukoh, Bendungan Keureuto, Bendungan Jlantah, dan Bendungan Sidan",https://www.setneg.go.id/baca/index/sambutan_presiden_pada_peresmian_bendungan_meninting_bendungan_rukoh_bendungan_keureuto_bendungan_jlantah_dan_bendungan_sidan,"[Sebesar] 30 triliun, 34 triliun, dimakan hanya berapa belas orang.",sebesar triliun triliun dimakan hanya berapa belas orang,sebesar triliun triliun dimakan berapa belas orang,-5,negatif
"Sambutan Presiden pada Peresmian Bendungan Meninting, Bendungan Rukoh, Bendungan Keureuto, Bendungan Jlantah, dan Bendungan Sidan",https://www.setneg.go.id/baca/index/sambutan_presiden_pada_peresmian_bendungan_meninting_bendungan_rukoh_bendungan_keureuto_bendungan_jlantah_dan_bendungan_sidan,"Yang kita perjuangkan, yang saya perjuangkan bersama pemerintah yang mendukung saya, bersama koalisi yang mendukung saya, dengan mandat yang diberikan oleh rakyat, yang kita perjuangkan adalah meraih kemakmuran untuk rakyat Indonesia dengan mengurangi, kalau bisa menghabisi korupsi, melakukan penghematan, melakukan efisiensi.",yang kita perjuangkan yang saya perjuangkan bersama pemerintah yang mendukung saya bersama koalisi yang mendukung saya dengan mandat yang diberikan oleh rakyat yang kita perjuangkan adalah meraih kemakmuran untuk rakyat indonesia dengan mengurangi kalau bisa menghabisi korupsi melakukan penghematan melakukan efisiensi,kita perjuangkan perjuangkan bersama pemerintah mendukung bersama koalisi mendukung saya mandat diberikan rakyat kita perjuangkan meraih kemakmuran rakyat indonesia dengan mengurangi kalau menghabisi korupsi melakukan penghematan melakukan efisiensi,-9,negatif
"Sambutan Presiden pada Peresmian Bendungan Meninting, Bendungan Rukoh, Bendungan Keureuto, Bendungan Jlantah, dan Bendungan Sidan",https://www.setneg.go.id/baca/index/sambutan_presiden_pada_peresmian_bendungan_meninting_bendungan_rukoh_bendungan_keureuto_bendungan_jlantah_dan_bendungan_sidan,Ini perjuangan kita untuk Indonesia makmur.,ini perjuangan kita untuk indonesia makmur,perjuangan untuk indonesia makmur,4,positif
"Sambutan Presiden pada Peresmian Bendungan Meninting, Bendungan Rukoh, Bendungan Keureuto, Bendungan Jlantah, dan Bendungan Sidan",https://www.setneg.go.id/baca/index/sambutan_presiden_pada_peresmian_bendungan_meninting_bendungan_rukoh_bendungan_keureuto_bendungan_jlantah_dan_bendungan_sidan,"Indonesia tidak mungkin makmur, kalau korupsi masih merajalela.",indonesia tidak mungkin makmur kalau korupsi masih merajalela,indonesia mungkin makmur kalau korupsi merajalela,-6,negatif
"Sambutan Presiden pada Peresmian Bendungan Meninting, Bendungan Rukoh, Bendungan Keureuto, Bendungan Jlantah, dan Bendungan Sidan",https://www.setneg.go.id/baca/index/sambutan_presiden_pada_peresmian_bendungan_meninting_bendungan_rukoh_bendungan_keureuto_bendungan_jlantah_dan_bendungan_sidan,"Indonesia tidak mungkin makmur, kalau banyak kebocoran.",indonesia tidak mungkin makmur kalau banyak kebocoran,indonesia mungkin makmur kalau banyak kebocoran,-1,negatif
"Sambutan Presiden pada Peresmian Bendungan Meninting, Bendungan Rukoh, Bendungan Keureuto, Bendungan Jlantah, dan Bendungan Sidan",https://www.setneg.go.id/baca/index/sambutan_presiden_pada_peresmian_bendungan_meninting_bendungan_rukoh_bendungan_keureuto_bendungan_jlantah_dan_bendungan_sidan,"Saudara-saudara sekalian,Saya selalu berpesan kepada aparat negara, kepada petugas-petugas negara yang ada di pemerintahan, yang ada di birokrasi, di setiap kementerian, di setiap lembaga, marilah kita bersama-sama benahi diri, perbaiki diri.",saudara saudara sekalian saya selalu berpesan kepada aparat negara kepada petugas petugas negara yang ada di pemerintahan yang ada di birokrasi di setiap kementerian di setiap lembaga marilah kita bersama sama benahi diri perbaiki diri,saudara saudara sekalian selalu berpesan aparat negara petugas petugas negara ada pemerintahan ada birokrasi setiap kementerian setiap lembaga marilah bersama sama benahi diri perbaiki diri,-15,negatif
"Sambutan Presiden pada Peresmian Bendungan Meninting, Bendungan Rukoh, Bendungan Keureuto, Bendungan Jlantah, dan Bendungan Sidan",https://www.setneg.go.id/baca/index/sambutan_presiden_pada_peresmian_bendungan_meninting_bendungan_rukoh_bendungan_keureuto_bendungan_jlantah_dan_bendungan_sidan,"Saya tidak mau lihat ke belakang, tapi saya mohon perbaiki diri, mawas diri.",saya tidak mau lihat ke belakang tapi saya mohon perbaiki diri mawas diri,tidak mau lihat belakang saya mohon perbaiki diri mawas diri,-10,negatif
"Sambutan Presiden pada Peresmian Bendungan Meninting, Bendungan Rukoh, Bendungan Keureuto, Bendungan Jlantah, dan Bendungan Sidan",https://www.setneg.go.id/baca/index/sambutan_presiden_pada_peresmian_bendungan_meninting_bendungan_rukoh_bendungan_keureuto_bendungan_jlantah_dan_bendungan_sidan,Jangan melawan kehendak rakyat.,jangan melawan kehendak rakyat,jangan melawan kehendak rakyat,-3,negatif
"Sambutan Presiden pada Peresmian Bendungan Meninting, Bendungan Rukoh, Bendungan Keureuto, Bendungan Jlantah, dan Bendungan Sidan",https://www.setneg.go.id/baca/index/sambutan_presiden_pada_peresmian_bendungan_meninting_bendungan_rukoh_bendungan_keureuto_bendungan_jlantah_dan_bendungan_sidan,"Rakyat tidak Ingin korupsi dibiarkan, rakyat tidak ingin penipuan-penipuan dilanjutkan.",rakyat tidak ingin korupsi dibiarkan rakyat tidak ingin penipuan penipuan dilanjutkan,rakyat ingin korupsi dibiarkan rakyat ingin penipuan penipuan dilanjutkan,-4,negatif
"Sambutan Presiden pada Peresmian Bendungan Meninting, Bendungan Rukoh, Bendungan Keureuto, Bendungan Jlantah, dan Bendungan Sidan",https://www.setneg.go.id/baca/index/sambutan_presiden_pada_peresmian_bendungan_meninting_bendungan_rukoh_bendungan_keureuto_bendungan_jlantah_dan_bendungan_sidan,"Saudara-saudara,Saya juga merasa besar hati, bangga, beberapa hari ini saya dapat laporan-laporan hasil, hasil-hasil yang kita dapatkan.",saudara saudara saya juga merasa besar hati bangga beberapa hari ini saya dapat laporan laporan hasil hasil hasil yang kita dapatkan,saudara saudara juga merasa besar hati bangga beberapa hari saya laporan laporan hasil hasil hasil kita dapatkan,-5,negatif
"Sambutan Presiden pada Peresmian Bendungan Meninting, Bendungan Rukoh, Bendungan Keureuto, Bendungan Jlantah, dan Bendungan Sidan",https://www.setneg.go.id/baca/index/sambutan_presiden_pada_peresmian_bendungan_meninting_bendungan_rukoh_bendungan_keureuto_bendungan_jlantah_dan_bendungan_sidan,BUMN-BUMN Yang merupakan sarang korupsi puluhan tahun sedikit demi sedikit mulai kita benahi.,bumn bumn yang merupakan sarang korupsi puluhan tahun sedikit demi sedikit mulai kita benahi,bumn bumn merupakan sarang korupsi puluhan tahun sedikit sedikit mulai benahi,-11,negatif
"Sambutan Presiden pada Peresmian Bendungan Meninting, Bendungan Rukoh, Bendungan Keureuto, Bendungan Jlantah, dan Bendungan Sidan",https://www.setneg.go.id/baca/index/sambutan_presiden_pada_peresmian_bendungan_meninting_bendungan_rukoh_bendungan_keureuto_bendungan_jlantah_dan_bendungan_sidan,"Saya waktu dilantik, boleh ya saya bicara agak panjang, boleh?",saya waktu dilantik boleh ya saya bicara agak panjang boleh,waktu dilantik ya bicara panjang,6,positif
"Sambutan Presiden pada Peresmian Bendungan Meninting, Bendungan Rukoh, Bendungan Keureuto, Bendungan Jlantah, dan Bendungan Sidan",https://www.setneg.go.id/baca/index/sambutan_presiden_pada_peresmian_bendungan_meninting_bendungan_rukoh_bendungan_keureuto_bendungan_jlantah_dan_bendungan_sidan,"Pak Gubernur, boleh, Pak Gubernur?",pak gubernur boleh pak gubernur,pak gubernur pak gubernur,0,netral
"Sambutan Presiden pada Peresmian Bendungan Meninting, Bendungan Rukoh, Bendungan Keureuto, Bendungan Jlantah, dan Bendungan Sidan",https://www.setneg.go.id/baca/index/sambutan_presiden_pada_peresmian_bendungan_meninting_bendungan_rukoh_bendungan_keureuto_bendungan_jlantah_dan_bendungan_sidan,"Nanti masa saya datang resmikan, selesai, pulang.",nanti masa saya datang resmikan selesai pulang,masa datang resmikan selesai pulang,-8,negatif
"Sambutan Presiden pada Peresmian Bendungan Meninting, Bendungan Rukoh, Bendungan Keureuto, Bendungan Jlantah, dan Bendungan Sidan",https://www.setneg.go.id/baca/index/sambutan_presiden_pada_peresmian_bendungan_meninting_bendungan_rukoh_bendungan_keureuto_bendungan_jlantah_dan_bendungan_sidan,"Kalian mau, datang [memperagakan peresmian]?",kalian mau datang memperagakan peresmian,kalian mau datang memperagakan peresmian,-5,negatif
"Sambutan Presiden pada Peresmian Bendungan Meninting, Bendungan Rukoh, Bendungan Keureuto, Bendungan Jlantah, dan Bendungan Sidan",https://www.setneg.go.id/baca/index/sambutan_presiden_pada_peresmian_bendungan_meninting_bendungan_rukoh_bendungan_keureuto_bendungan_jlantah_dan_bendungan_sidan,Kalau birokrat-birokrat saya tidak mengerti.,kalau birokrat birokrat saya tidak mengerti,kalau birokrat birokrat tidak mengerti,-14,negatif
"Sambutan Presiden pada Peresmian Bendungan Meninting, Bendungan Rukoh, Bendungan Keureuto, Bendungan Jlantah, dan Bendungan Sidan",https://www.setneg.go.id/baca/index/sambutan_presiden_pada_peresmian_bendungan_meninting_bendungan_rukoh_bendungan_keureuto_bendungan_jlantah_dan_bendungan_sidan,Rakyat mau saya terus atau tidak?,rakyat mau saya terus atau tidak,rakyat mau terus tidak,-6,negatif
"Sambutan Presiden pada Peresmian Bendungan Meninting, Bendungan Rukoh, Bendungan Keureuto, Bendungan Jlantah, dan Bendungan Sidan",https://www.setneg.go.id/baca/index/sambutan_presiden_pada_peresmian_bendungan_meninting_bendungan_rukoh_bendungan_keureuto_bendungan_jlantah_dan_bendungan_sidan,"Karena, ini penting, penting.",karena ini penting penting,ini penting penting,-8,negatif
"Sambutan Presiden pada Peresmian Bendungan Meninting, Bendungan Rukoh, Bendungan Keureuto, Bendungan Jlantah, dan Bendungan Sidan",https://www.setneg.go.id/baca/index/sambutan_presiden_pada_peresmian_bendungan_meninting_bendungan_rukoh_bendungan_keureuto_bendungan_jlantah_dan_bendungan_sidan,"Jadi, Saudara-saudara, karena ada suatu penyakit, bukan hanya di negara kita tapi di dunia ini, sosmed Ini bisa diperalat.",jadi saudara saudara karena ada suatu penyakit bukan hanya di negara kita tapi di dunia ini sosmed ini bisa diperalat,jadi saudara saudara ada suatu penyakit bukan negara tapi di dunia sosmed bisa diperalat,-14,negatif
"Sambutan Presiden pada Peresmian Bendungan Meninting, Bendungan Rukoh, Bendungan Keureuto, Bendungan Jlantah, dan Bendungan Sidan",https://www.setneg.go.id/baca/index/sambutan_presiden_pada_peresmian_bendungan_meninting_bendungan_rukoh_bendungan_keureuto_bendungan_jlantah_dan_bendungan_sidan,"Orang punya duit, dia bisa main di sosmed.",orang punya duit dia bisa main di sosmed,orang punya duit bisa main sosmed,1,positif
"Sambutan Presiden pada Peresmian Bendungan Meninting, Bendungan Rukoh, Bendungan Keureuto, Bendungan Jlantah, dan Bendungan Sidan",https://www.setneg.go.id/baca/index/sambutan_presiden_pada_peresmian_bendungan_meninting_bendungan_rukoh_bendungan_keureuto_bendungan_jlantah_dan_bendungan_sidan,"Jadi, cerita di sosmed belum tentu cerita yang sebenarnya.",jadi cerita di sosmed belum tentu cerita yang sebenarnya,jadi cerita sosmed tentu cerita sebenarnya,-9,negatif
"Sambutan Presiden pada Peresmian Bendungan Meninting, Bendungan Rukoh, Bendungan Keureuto, Bendungan Jlantah, dan Bendungan Sidan",https://www.setneg.go.id/baca/index/sambutan_presiden_pada_peresmian_bendungan_meninting_bendungan_rukoh_bendungan_keureuto_bendungan_jlantah_dan_bendungan_sidan,Rakyat jangan tertipu.,rakyat jangan tertipu,rakyat jangan tertipu,-3,negatif
"Sambutan Presiden pada Peresmian Bendungan Meninting, Bendungan Rukoh, Bendungan Keureuto, Bendungan Jlantah, dan Bendungan Sidan",https://www.setneg.go.id/baca/index/sambutan_presiden_pada_peresmian_bendungan_meninting_bendungan_rukoh_bendungan_keureuto_bendungan_jlantah_dan_bendungan_sidan,Rakyat jangan tertipu.,rakyat jangan tertipu,rakyat jangan tertipu,-3,negatif
"Sambutan Presiden pada Peresmian Bendungan Meninting, Bendungan Rukoh, Bendungan Keureuto, Bendungan Jlantah, dan Bendungan Sidan",https://www.setneg.go.id/baca/index/sambutan_presiden_pada_peresmian_bendungan_meninting_bendungan_rukoh_bendungan_keureuto_bendungan_jlantah_dan_bendungan_sidan,Percayalah kepada pemimpin yang telah kau pilih.,percayalah kepada pemimpin yang telah kau pilih,percayalah pemimpin telah kau pilih,-2,negatif
"Sambutan Presiden pada Peresmian Bendungan Meninting, Bendungan Rukoh, Bendungan Keureuto, Bendungan Jlantah, dan Bendungan Sidan",https://www.setneg.go.id/baca/index/sambutan_presiden_pada_peresmian_bendungan_meninting_bendungan_rukoh_bendungan_keureuto_bendungan_jlantah_dan_bendungan_sidan,"Saudara-saudara,Jadi, saya dapat laporan bahwa beberapa BUMN yang sekian puluh tahun rugi-rugi, tahun ini mulai untung, Saudara sekailan.",saudara saudara jadi saya dapat laporan bahwa beberapa bumn yang sekian puluh tahun rugi rugi tahun ini mulai untung saudara sekailan,saudara saudara jadi dapat laporan beberapa bumn sekian puluh tahun rugi rugi tahun mulai untung saudara sekailan,-19,negatif
"Sambutan Presiden pada Peresmian Bendungan Meninting, Bendungan Rukoh, Bendungan Keureuto, Bendungan Jlantah, dan Bendungan Sidan",https://www.setneg.go.id/baca/index/sambutan_presiden_pada_peresmian_bendungan_meninting_bendungan_rukoh_bendungan_keureuto_bendungan_jlantah_dan_bendungan_sidan,Mulai untung.,mulai untung,mulai untung,0,netral
"Sambutan Presiden pada Peresmian Bendungan Meninting, Bendungan Rukoh, Bendungan Keureuto, Bendungan Jlantah, dan Bendungan Sidan",https://www.setneg.go.id/baca/index/sambutan_presiden_pada_peresmian_bendungan_meninting_bendungan_rukoh_bendungan_keureuto_bendungan_jlantah_dan_bendungan_sidan,"Dulu saya juga waktu dilantik jadi presiden, minggu-minggu pertama saya kaget, kaget.",dulu saya juga waktu dilantik jadi presiden minggu minggu pertama saya kaget kaget,dulu juga waktu dilantik jadi presiden minggu minggu pertama kaget kaget,-5,negatif
"Sambutan Presiden pada Peresmian Bendungan Meninting, Bendungan Rukoh, Bendungan Keureuto, Bendungan Jlantah, dan Bendungan Sidan",https://www.setneg.go.id/baca/index/sambutan_presiden_pada_peresmian_bendungan_meninting_bendungan_rukoh_bendungan_keureuto_bendungan_jlantah_dan_bendungan_sidan,"Saya tidak pernah tahu bahwa BUMN kita begitu banyak, perkiraan saya dari dulu BUMN kita ya 300, maksimal 400.",saya tidak pernah tahu bahwa bumn kita begitu banyak perkiraan saya dari dulu bumn kita ya maksimal,tidak pernah tahu bumn begitu banyak perkiraan dari dulu bumn ya maksimal,-5,negatif
"Sambutan Presiden pada Peresmian Bendungan Meninting, Bendungan Rukoh, Bendungan Keureuto, Bendungan Jlantah, dan Bendungan Sidan",https://www.setneg.go.id/baca/index/sambutan_presiden_pada_peresmian_bendungan_meninting_bendungan_rukoh_bendungan_keureuto_bendungan_jlantah_dan_bendungan_sidan,"Begitu saya dilantik jadi presiden, baru saya diberi tahu BUMN kita seribu, 1.077.",begitu saya dilantik jadi presiden baru saya diberi tahu bumn kita seribu,dilantik jadi presiden baru saya diberi tahu bumn seribu,-6,negatif
"Sambutan Presiden pada Peresmian Bendungan Meninting, Bendungan Rukoh, Bendungan Keureuto, Bendungan Jlantah, dan Bendungan Sidan",https://www.setneg.go.id/baca/index/sambutan_presiden_pada_peresmian_bendungan_meninting_bendungan_rukoh_bendungan_keureuto_bendungan_jlantah_dan_bendungan_sidan,"Itu pun jangan-jangan ada lagi anak perusahaan, ada lagi cucu perusahaan, ada lagi cicit perusahaan, dan itu adalah cara mereka untuk sembunyi,sembunyiinuang negara,sembunyiinuang rakyat, ini kita tertibkan.",itu pun jangan jangan ada lagi anak perusahaan ada lagi cucu perusahaan ada lagi cicit perusahaan dan itu adalah cara mereka untuk sembunyi sembunyiinuang negara sembunyiinuang rakyat ini kita tertibkan,pun jangan jangan lagi anak perusahaan lagi cucu perusahaan lagi cicit perusahaan itu cara untuk sembunyi sembunyiinuang negara sembunyiinuang rakyat kita tertibkan,-14,negatif
"Sambutan Presiden pada Peresmian Bendungan Meninting, Bendungan Rukoh, Bendungan Keureuto, Bendungan Jlantah, dan Bendungan Sidan",https://www.setneg.go.id/baca/index/sambutan_presiden_pada_peresmian_bendungan_meninting_bendungan_rukoh_bendungan_keureuto_bendungan_jlantah_dan_bendungan_sidan,"Sampai hari ini, kita sudah tutup 240 BUMN yang tidak beres, sudah kita tutup.",sampai hari ini kita sudah tutup bumn yang tidak beres sudah kita tutup,hari kita tutup bumn tidak beres kita tutup,-9,negatif
"Sambutan Presiden pada Peresmian Bendungan Meninting, Bendungan Rukoh, Bendungan Keureuto, Bendungan Jlantah, dan Bendungan Sidan",https://www.setneg.go.id/baca/index/sambutan_presiden_pada_peresmian_bendungan_meninting_bendungan_rukoh_bendungan_keureuto_bendungan_jlantah_dan_bendungan_sidan,"Nanti akhir Juli ini, akan 250 BUMN kita tutup.",nanti akhir juli ini akan bumn kita tutup,akhir juli akan bumn tutup,-2,negatif
"Sambutan Presiden pada Peresmian Bendungan Meninting, Bendungan Rukoh, Bendungan Keureuto, Bendungan Jlantah, dan Bendungan Sidan",https://www.setneg.go.id/baca/index/sambutan_presiden_pada_peresmian_bendungan_meninting_bendungan_rukoh_bendungan_keureuto_bendungan_jlantah_dan_bendungan_sidan,"Desember 31, 2026,  akan tutup jumlahnya 800 BUMN yang tidak efisien, yang tidak pernah untung, yang merugi terus kita tutup.",desember akan tutup jumlahnya bumn yang tidak efisien yang tidak pernah untung yang merugi terus kita tutup,desember tutup jumlahnya bumn tidak efisien tidak pernah untung merugi terus tutup,-16,negatif
"Sambutan Presiden pada Peresmian Bendungan Meninting, Bendungan Rukoh, Bendungan Keureuto, Bendungan Jlantah, dan Bendungan Sidan",https://www.setneg.go.id/baca/index/sambutan_presiden_pada_peresmian_bendungan_meninting_bendungan_rukoh_bendungan_keureuto_bendungan_jlantah_dan_bendungan_sidan,"Dari gaji direksi saja sampai sekarang,overheaddan gaji kita sudah bisa menghemat mendekati 70 triliun, 70 triliun sudah kita hemat.",dari gaji direksi saja sampai sekarang overheaddan gaji kita sudah bisa menghemat mendekati triliun triliun sudah kita hemat,gaji direksi sampai sekarang overheaddan gaji menghemat mendekati triliun triliun sudah kita hemat,-12,negatif
"Sambutan Presiden pada Peresmian Bendungan Meninting, Bendungan Rukoh, Bendungan Keureuto, Bendungan Jlantah, dan Bendungan Sidan",https://www.setneg.go.id/baca/index/sambutan_presiden_pada_peresmian_bendungan_meninting_bendungan_rukoh_bendungan_keureuto_bendungan_jlantah_dan_bendungan_sidan,"Saudara-saudara,Banyak sekali perusahaan yang seolah-olah tadinya mau dijual, tadinya mau dijual ke asing, saya larang.",saudara saudara banyak sekali perusahaan yang seolah olah tadinya mau dijual tadinya mau dijual ke asing saya larang,saudara saudara banyak sekali perusahaan seolah olah tadinya mau dijual tadinya mau dijual asing larang,-6,negatif
"Sambutan Presiden pada Peresmian Bendungan Meninting, Bendungan Rukoh, Bendungan Keureuto, Bendungan Jlantah, dan Bendungan Sidan",https://www.setneg.go.id/baca/index/sambutan_presiden_pada_peresmian_bendungan_meninting_bendungan_rukoh_bendungan_keureuto_bendungan_jlantah_dan_bendungan_sidan,"Tadinya industri pertahanan mau dijual, PT PAL mau dijual, PT Pindad mau dijual, PT DI dibunuh mau dijual, kita bangkitkan.",tadinya industri pertahanan mau dijual pt pal mau dijual pt pindad mau dijual pt di dibunuh mau dijual kita bangkitkan,tadinya industri pertahanan mau dijual pt pal mau dijual pt pindad mau dijual pt dibunuh mau dijual bangkitkan,-4,negatif
"Sambutan Presiden pada Peresmian Bendungan Meninting, Bendungan Rukoh, Bendungan Keureuto, Bendungan Jlantah, dan Bendungan Sidan",https://www.setneg.go.id/baca/index/sambutan_presiden_pada_peresmian_bendungan_meninting_bendungan_rukoh_bendungan_keureuto_bendungan_jlantah_dan_bendungan_sidan,"Sekarang, kita akan bangkitkan semua perusahaan-perusahaan itu.",sekarang kita akan bangkitkan semua perusahaan perusahaan itu,sekarang akan bangkitkan semua perusahaan perusahaan,3,positif
"Sambutan Presiden pada Peresmian Bendungan Meninting, Bendungan Rukoh, Bendungan Keureuto, Bendungan Jlantah, dan Bendungan Sidan",https://www.setneg.go.id/baca/index/sambutan_presiden_pada_peresmian_bendungan_meninting_bendungan_rukoh_bendungan_keureuto_bendungan_jlantah_dan_bendungan_sidan,"PT PAL sekarang sudah bisa bikin kapal-kapal perang yang hebat-hebat, PT PAL sekarang sudah bisa bikin kapal selam, PT PAL akan bikin kapal-kapal canggih, Saudara-saudara sekalian.",pt pal sekarang sudah bisa bikin kapal kapal perang yang hebat hebat pt pal sekarang sudah bisa bikin kapal selam pt pal akan bikin kapal kapal canggih saudara saudara sekalian,pt pal sekarang bisa bikin kapal kapal perang hebat hebat pt pal sekarang bisa bikin kapal selam pt pal bikin kapal kapal canggih saudara saudara sekalian,-18,negatif
"Sambutan Presiden pada Peresmian Bendungan Meninting, Bendungan Rukoh, Bendungan Keureuto, Bendungan Jlantah, dan Bendungan Sidan",https://www.setneg.go.id/baca/index/sambutan_presiden_pada_peresmian_bendungan_meninting_bendungan_rukoh_bendungan_keureuto_bendungan_jlantah_dan_bendungan_sidan,"Pindad sekarang, baru saja saya dapat laporan, dapat kontrak dari Arab Saudi.",pindad sekarang baru saja saya dapat laporan dapat kontrak dari arab saudi,pindad sekarang baru saya laporan kontrak arab saudi,-8,negatif
"Sambutan Presiden pada Peresmian Bendungan Meninting, Bendungan Rukoh, Bendungan Keureuto, Bendungan Jlantah, dan Bendungan Sidan",https://www.setneg.go.id/baca/index/sambutan_presiden_pada_peresmian_bendungan_meninting_bendungan_rukoh_bendungan_keureuto_bendungan_jlantah_dan_bendungan_sidan,"Semua senapan dan senapan mesin tentara Arab Saudi akan dibangun oleh PT Pindad, Saudara-saudara.",semua senapan dan senapan mesin tentara arab saudi akan dibangun oleh pt pindad saudara saudara,semua senapan senapan mesin tentara arab saudi dibangun pt pindad saudara saudara,-3,negatif
"Sambutan Presiden pada Peresmian Bendungan Meninting, Bendungan Rukoh, Bendungan Keureuto, Bendungan Jlantah, dan Bendungan Sidan",https://www.setneg.go.id/baca/index/sambutan_presiden_pada_peresmian_bendungan_meninting_bendungan_rukoh_bendungan_keureuto_bendungan_jlantah_dan_bendungan_sidan,Senjata kita teruji.,senjata kita teruji,senjata teruji,0,netral
"Sambutan Presiden pada Peresmian Bendungan Meninting, Bendungan Rukoh, Bendungan Keureuto, Bendungan Jlantah, dan Bendungan Sidan",https://www.setneg.go.id/baca/index/sambutan_presiden_pada_peresmian_bendungan_meninting_bendungan_rukoh_bendungan_keureuto_bendungan_jlantah_dan_bendungan_sidan,"Tentara kita Angkatan Darat 13 kali juara umum di pertandingan menembak Australia, 13 kali, ya?",tentara kita angkatan darat kali juara umum di pertandingan menembak australia kali ya,tentara angkatan darat kali juara umum pertandingan menembak australia kali,-7,negatif
"Sambutan Presiden pada Peresmian Bendungan Meninting, Bendungan Rukoh, Bendungan Keureuto, Bendungan Jlantah, dan Bendungan Sidan",https://www.setneg.go.id/baca/index/sambutan_presiden_pada_peresmian_bendungan_meninting_bendungan_rukoh_bendungan_keureuto_bendungan_jlantah_dan_bendungan_sidan,"Tiga belas kali, pertandingan itu tiap tahun atau tiap dua tahun?",tiga belas kali pertandingan itu tiap tahun atau tiap dua tahun,tiga belas kali pertandingan tiap tahun tiap tahun,-3,negatif
"Sambutan Presiden pada Peresmian Bendungan Meninting, Bendungan Rukoh, Bendungan Keureuto, Bendungan Jlantah, dan Bendungan Sidan",https://www.setneg.go.id/baca/index/sambutan_presiden_pada_peresmian_bendungan_meninting_bendungan_rukoh_bendungan_keureuto_bendungan_jlantah_dan_bendungan_sidan,Dua tahun sekali.,dua tahun sekali,tahun sekali,-1,negatif
"Sambutan Presiden pada Peresmian Bendungan Meninting, Bendungan Rukoh, Bendungan Keureuto, Bendungan Jlantah, dan Bendungan Sidan",https://www.setneg.go.id/baca/index/sambutan_presiden_pada_peresmian_bendungan_meninting_bendungan_rukoh_bendungan_keureuto_bendungan_jlantah_dan_bendungan_sidan,"Jadi, bayangkan sudah 26 tahun Tentara Indonesia juara menembak se-Asia Pasifik, yang ikut tentara Australia, tentara Amerika, tentara Jepang, Vietnam, tentara negara-negara hebat, tentara Malaysia, tentara Singapura.",jadi bayangkan sudah tahun tentara indonesia juara menembak se asia pasifik yang ikut tentara australia tentara amerika tentara jepang vietnam tentara negara negara hebat tentara malaysia tentara singapura,jadi bayangkan tahun tentara indonesia juara menembak se asia pasifik ikut tentara australia tentara amerika tentara jepang vietnam tentara negara negara hebat tentara malaysia tentara singapura,-5,negatif
"Sambutan Presiden pada Peresmian Bendungan Meninting, Bendungan Rukoh, Bendungan Keureuto, Bendungan Jlantah, dan Bendungan Sidan",https://www.setneg.go.id/baca/index/sambutan_presiden_pada_peresmian_bendungan_meninting_bendungan_rukoh_bendungan_keureuto_bendungan_jlantah_dan_bendungan_sidan,"Tiap kali menang mereka curiga, jangan-jangan Indonesia curang.",tiap kali menang mereka curiga jangan jangan indonesia curang,tiap kali menang curiga jangan jangan indonesia curang,-20,negatif
"Sambutan Presiden pada Peresmian Bendungan Meninting, Bendungan Rukoh, Bendungan Keureuto, Bendungan Jlantah, dan Bendungan Sidan",https://www.setneg.go.id/baca/index/sambutan_presiden_pada_peresmian_bendungan_meninting_bendungan_rukoh_bendungan_keureuto_bendungan_jlantah_dan_bendungan_sidan,Mau curang apa?,mau curang apa,mau curang apa,-9,negatif
"Sambutan Presiden pada Peresmian Bendungan Meninting, Bendungan Rukoh, Bendungan Keureuto, Bendungan Jlantah, dan Bendungan Sidan",https://www.setneg.go.id/baca/index/sambutan_presiden_pada_peresmian_bendungan_meninting_bendungan_rukoh_bendungan_keureuto_bendungan_jlantah_dan_bendungan_sidan,"Pertandingan, pertandingan mereka.",pertandingan pertandingan mereka,pertandingan pertandingan,0,netral
"Sambutan Presiden pada Peresmian Bendungan Meninting, Bendungan Rukoh, Bendungan Keureuto, Bendungan Jlantah, dan Bendungan Sidan",https://www.setneg.go.id/baca/index/sambutan_presiden_pada_peresmian_bendungan_meninting_bendungan_rukoh_bendungan_keureuto_bendungan_jlantah_dan_bendungan_sidan,"Panitianya, panitia mereka.",panitianya panitia mereka,panitianya panitia,3,positif
"Sambutan Presiden pada Peresmian Bendungan Meninting, Bendungan Rukoh, Bendungan Keureuto, Bendungan Jlantah, dan Bendungan Sidan",https://www.setneg.go.id/baca/index/sambutan_presiden_pada_peresmian_bendungan_meninting_bendungan_rukoh_bendungan_keureuto_bendungan_jlantah_dan_bendungan_sidan,"Tempatnya, di tempat mereka.",tempatnya di tempat mereka,tempatnya tempat,-3,negatif
"Sambutan Presiden pada Peresmian Bendungan Meninting, Bendungan Rukoh, Bendungan Keureuto, Bendungan Jlantah, dan Bendungan Sidan",https://www.setneg.go.id/baca/index/sambutan_presiden_pada_peresmian_bendungan_meninting_bendungan_rukoh_bendungan_keureuto_bendungan_jlantah_dan_bendungan_sidan,"Sistem pertandingan, sistem pertandingan mereka susun.",sistem pertandingan sistem pertandingan mereka susun,sistem pertandingan sistem pertandingan susun,-8,negatif
"Sambutan Presiden pada Peresmian Bendungan Meninting, Bendungan Rukoh, Bendungan Keureuto, Bendungan Jlantah, dan Bendungan Sidan",https://www.setneg.go.id/baca/index/sambutan_presiden_pada_peresmian_bendungan_meninting_bendungan_rukoh_bendungan_keureuto_bendungan_jlantah_dan_bendungan_sidan,Prajurit kita juara.,prajurit kita juara,prajurit juara,-5,negatif
"Sambutan Presiden pada Peresmian Bendungan Meninting, Bendungan Rukoh, Bendungan Keureuto, Bendungan Jlantah, dan Bendungan Sidan",https://www.setneg.go.id/baca/index/sambutan_presiden_pada_peresmian_bendungan_meninting_bendungan_rukoh_bendungan_keureuto_bendungan_jlantah_dan_bendungan_sidan,Artinya apa?,artinya apa,artinya apa,-3,negatif
"Sambutan Presiden pada Peresmian Bendungan Meninting, Bendungan Rukoh, Bendungan Keureuto, Bendungan Jlantah, dan Bendungan Sidan",https://www.setneg.go.id/baca/index/sambutan_presiden_pada_peresmian_bendungan_meninting_bendungan_rukoh_bendungan_keureuto_bendungan_jlantah_dan_bendungan_sidan,"Prajurit kita berarti anak-anak petani, enggak ada anak orang kaya mau jadi tentara.",prajurit kita berarti anak anak petani enggak ada anak orang kaya mau jadi tentara,prajurit berarti anak anak petani enggak anak orang kaya mau jadi tentara,-18,negatif
"Sambutan Presiden pada Peresmian Bendungan Meninting, Bendungan Rukoh, Bendungan Keureuto, Bendungan Jlantah, dan Bendungan Sidan",https://www.setneg.go.id/baca/index/sambutan_presiden_pada_peresmian_bendungan_meninting_bendungan_rukoh_bendungan_keureuto_bendungan_jlantah_dan_bendungan_sidan,"Ada, enggak?",ada enggak,enggak,0,netral
"Sambutan Presiden pada Peresmian Bendungan Meninting, Bendungan Rukoh, Bendungan Keureuto, Bendungan Jlantah, dan Bendungan Sidan",https://www.setneg.go.id/baca/index/sambutan_presiden_pada_peresmian_bendungan_meninting_bendungan_rukoh_bendungan_keureuto_bendungan_jlantah_dan_bendungan_sidan,"Artinya, prajurit Indonesia dikasih perlengkapan yang tepat, makan yang enggak dikorupsi, dikasih komandan yang baik, dikasih peluru yang cukup, latihan, dia juara.",artinya prajurit indonesia dikasih perlengkapan yang tepat makan yang enggak dikorupsi dikasih komandan yang baik dikasih peluru yang cukup latihan dia juara,artinya prajurit indonesia dikasih perlengkapan tepat makan enggak dikorupsi dikasih komandan baik dikasih peluru cukup latihan juara,-14,negatif
"Sambutan Presiden pada Peresmian Bendungan Meninting, Bendungan Rukoh, Bendungan Keureuto, Bendungan Jlantah, dan Bendungan Sidan",https://www.setneg.go.id/baca/index/sambutan_presiden_pada_peresmian_bendungan_meninting_bendungan_rukoh_bendungan_keureuto_bendungan_jlantah_dan_bendungan_sidan,Juara antara tentara terbaik di dunia.,juara antara tentara terbaik di dunia,juara tentara terbaik dunia,3,positif
"Sambutan Presiden pada Peresmian Bendungan Meninting, Bendungan Rukoh, Bendungan Keureuto, Bendungan Jlantah, dan Bendungan Sidan",https://www.setneg.go.id/baca/index/sambutan_presiden_pada_peresmian_bendungan_meninting_bendungan_rukoh_bendungan_keureuto_bendungan_jlantah_dan_bendungan_sidan,"Ini sekali lagi lambang, simbol,
Saudara-saudara,Kita dalam 18 bulan ini, pemerintahan yang saya pimpin, kita telah mencapai tonggak-tonggak bersejarah Untuk pertama kali dalam sejarah Republik Indonesia, kita bisa turunkan harga pupuk, Saudara-saudara sekalian.",ini sekali lagi lambang simbol saudara saudara kita dalam bulan ini pemerintahan yang saya pimpin kita telah mencapai tonggak tonggak bersejarah untuk pertama kali dalam sejarah republik indonesia kita bisa turunkan harga pupuk saudara saudara sekalian,sekali lambang simbol saudara saudara bulan pemerintahan saya pimpin telah mencapai tonggak tonggak bersejarah pertama kali dalam sejarah republik indonesia bisa turunkan harga pupuk saudara saudara sekalian,-2,negatif
"Sambutan Presiden pada Peresmian Bendungan Meninting, Bendungan Rukoh, Bendungan Keureuto, Bendungan Jlantah, dan Bendungan Sidan",https://www.setneg.go.id/baca/index/sambutan_presiden_pada_peresmian_bendungan_meninting_bendungan_rukoh_bendungan_keureuto_bendungan_jlantah_dan_bendungan_sidan,"Untuk pertama kali dalam beberapa puluh tahun, kita sekarang sudah surplus, surplus beras.",untuk pertama kali dalam beberapa puluh tahun kita sekarang sudah surplus surplus beras,pertama kali beberapa puluh tahun sekarang surplus surplus beras,0,netral
"Sambutan Presiden pada Peresmian Bendungan Meninting, Bendungan Rukoh, Bendungan Keureuto, Bendungan Jlantah, dan Bendungan Sidan",https://www.setneg.go.id/baca/index/sambutan_presiden_pada_peresmian_bendungan_meninting_bendungan_rukoh_bendungan_keureuto_bendungan_jlantah_dan_bendungan_sidan,Bagaimana?,bagaimana,bagaimana,0,netral
"Sambutan Presiden pada Peresmian Bendungan Meninting, Bendungan Rukoh, Bendungan Keureuto, Bendungan Jlantah, dan Bendungan Sidan",https://www.setneg.go.id/baca/index/sambutan_presiden_pada_peresmian_bendungan_meninting_bendungan_rukoh_bendungan_keureuto_bendungan_jlantah_dan_bendungan_sidan,Kita sudah surplus jagung belum?,kita sudah surplus jagung belum,sudah surplus jagung,-2,negatif
"Sambutan Presiden pada Peresmian Bendungan Meninting, Bendungan Rukoh, Bendungan Keureuto, Bendungan Jlantah, dan Bendungan Sidan",https://www.setneg.go.id/baca/index/sambutan_presiden_pada_peresmian_bendungan_meninting_bendungan_rukoh_bendungan_keureuto_bendungan_jlantah_dan_bendungan_sidan,Sudah?,sudah,,0,netral
"Sambutan Presiden pada Peresmian Bendungan Meninting, Bendungan Rukoh, Bendungan Keureuto, Bendungan Jlantah, dan Bendungan Sidan",https://www.setneg.go.id/baca/index/sambutan_presiden_pada_peresmian_bendungan_meninting_bendungan_rukoh_bendungan_keureuto_bendungan_jlantah_dan_bendungan_sidan,"Jagung pakan, pakan sudah.",jagung pakan pakan sudah,jagung pakan pakan,0,netral
"Sambutan Presiden pada Peresmian Bendungan Meninting, Bendungan Rukoh, Bendungan Keureuto, Bendungan Jlantah, dan Bendungan Sidan",https://www.setneg.go.id/baca/index/sambutan_presiden_pada_peresmian_bendungan_meninting_bendungan_rukoh_bendungan_keureuto_bendungan_jlantah_dan_bendungan_sidan,Terima kasih TNI dan Polri atas sumbangan Saudara-saudara.,terima kasih tni dan polri atas sumbangan saudara saudara,terima kasih tni polri atas sumbangan saudara saudara,-3,negatif
"Sambutan Presiden pada Peresmian Bendungan Meninting, Bendungan Rukoh, Bendungan Keureuto, Bendungan Jlantah, dan Bendungan Sidan",https://www.setneg.go.id/baca/index/sambutan_presiden_pada_peresmian_bendungan_meninting_bendungan_rukoh_bendungan_keureuto_bendungan_jlantah_dan_bendungan_sidan,"TNI dan Polri kerja keras untuk bantu kita swasembada, Saudara-saudara sekalian.",tni dan polri kerja keras untuk bantu kita swasembada saudara saudara sekalian,tni polri kerja keras bantu swasembada saudara saudara sekalian,-2,negatif
"Sambutan Presiden pada Peresmian Bendungan Meninting, Bendungan Rukoh, Bendungan Keureuto, Bendungan Jlantah, dan Bendungan Sidan",https://www.setneg.go.id/baca/index/sambutan_presiden_pada_peresmian_bendungan_meninting_bendungan_rukoh_bendungan_keureuto_bendungan_jlantah_dan_bendungan_sidan,"Untuk pertama kali dalam sejarah, kita banyak merintis pertama kali dalam sejarah, untuk pertama kali dalam sejarah Republik Indonesia juga, kita sekarang punya dana kedaulatan kita sendiri,sovereign wealth fundyang namanya Danantara.",untuk pertama kali dalam sejarah kita banyak merintis pertama kali dalam sejarah untuk pertama kali dalam sejarah republik indonesia juga kita sekarang punya dana kedaulatan kita sendiri sovereign wealth fundyang namanya danantara,pertama kali sejarah banyak merintis pertama kali sejarah pertama kali sejarah republik indonesia sekarang punya dana kedaulatan kita sendiri sovereign wealth fundyang namanya danantara,1,positif
"Sambutan Presiden pada Peresmian Bendungan Meninting, Bendungan Rukoh, Bendungan Keureuto, Bendungan Jlantah, dan Bendungan Sidan",https://www.setneg.go.id/baca/index/sambutan_presiden_pada_peresmian_bendungan_meninting_bendungan_rukoh_bendungan_keureuto_bendungan_jlantah_dan_bendungan_sidan,Danantara sekarang sudah mungkin kelima terbesar di dunia.,danantara sekarang sudah mungkin kelima terbesar di dunia,danantara sekarang mungkin kelima terbesar dunia,-3,negatif
"Sambutan Presiden pada Peresmian Bendungan Meninting, Bendungan Rukoh, Bendungan Keureuto, Bendungan Jlantah, dan Bendungan Sidan",https://www.setneg.go.id/baca/index/sambutan_presiden_pada_peresmian_bendungan_meninting_bendungan_rukoh_bendungan_keureuto_bendungan_jlantah_dan_bendungan_sidan,"Dana ini adalah dana kekuatan ekonomi rakyat Indonesia, kita jadikan satu.",dana ini adalah dana kekuatan ekonomi rakyat indonesia kita jadikan satu,dana adalah dana kekuatan ekonomi rakyat indonesia jadikan satu,10,positif
"Sambutan Presiden pada Peresmian Bendungan Meninting, Bendungan Rukoh, Bendungan Keureuto, Bendungan Jlantah, dan Bendungan Sidan",https://www.setneg.go.id/baca/index/sambutan_presiden_pada_peresmian_bendungan_meninting_bendungan_rukoh_bendungan_keureuto_bendungan_jlantah_dan_bendungan_sidan,"Dulu banyak yang menentang,  sekarang sudah terbukti pelan-pelan kita perbaiki.",dulu banyak yang menentang sekarang sudah terbukti pelan pelan kita perbaiki,dulu banyak menentang sekarang terbukti pelan pelan perbaiki,-5,negatif
"Sambutan Presiden pada Peresmian Bendungan Meninting, Bendungan Rukoh, Bendungan Keureuto, Bendungan Jlantah, dan Bendungan Sidan",https://www.setneg.go.id/baca/index/sambutan_presiden_pada_peresmian_bendungan_meninting_bendungan_rukoh_bendungan_keureuto_bendungan_jlantah_dan_bendungan_sidan,"Garuda tadinya mau dijual, saya larang.",garuda tadinya mau dijual saya larang,garuda tadinya mau dijual larang,-4,negatif
"Sambutan Presiden pada Peresmian Bendungan Meninting, Bendungan Rukoh, Bendungan Keureuto, Bendungan Jlantah, dan Bendungan Sidan",https://www.setneg.go.id/baca/index/sambutan_presiden_pada_peresmian_bendungan_meninting_bendungan_rukoh_bendungan_keureuto_bendungan_jlantah_dan_bendungan_sidan,"Sekarang sudah mulai bangkit, bulan depan sudah mulai untung dari sekian puluh tahun rugi.",sekarang sudah mulai bangkit bulan depan sudah mulai untung dari sekian puluh tahun rugi,sekarang mulai bangkit bulan depan mulai untung sekian puluh tahun rugi,-9,negatif
"Sambutan Presiden pada Peresmian Bendungan Meninting, Bendungan Rukoh, Bendungan Keureuto, Bendungan Jlantah, dan Bendungan Sidan",https://www.setneg.go.id/baca/index/sambutan_presiden_pada_peresmian_bendungan_meninting_bendungan_rukoh_bendungan_keureuto_bendungan_jlantah_dan_bendungan_sidan,"Saudara-saudara, pelan-pelan kita perbaiki ini semua, kita perbaiki semua kekurangan.",saudara saudara pelan pelan kita perbaiki ini semua kita perbaiki semua kekurangan,saudara saudara pelan pelan perbaiki semua perbaiki semua kekurangan,-9,negatif
"Sambutan Presiden pada Peresmian Bendungan Meninting, Bendungan Rukoh, Bendungan Keureuto, Bendungan Jlantah, dan Bendungan Sidan",https://www.setneg.go.id/baca/index/sambutan_presiden_pada_peresmian_bendungan_meninting_bendungan_rukoh_bendungan_keureuto_bendungan_jlantah_dan_bendungan_sidan,"Saudara-saudara,Saya titip kepada instansi yang terkait, jaga bendungan-bendungan ini dengan baik, kelola dengan profesional, rawat dengan baik.",saudara saudara saya titip kepada instansi yang terkait jaga bendungan bendungan ini dengan baik kelola dengan profesional rawat dengan baik,saudara saudara titip instansi terkait jaga bendungan bendungan baik kelola profesional rawat dengan baik,-14,negatif
"Sambutan Presiden pada Peresmian Bendungan Meninting, Bendungan Rukoh, Bendungan Keureuto, Bendungan Jlantah, dan Bendungan Sidan",https://www.setneg.go.id/baca/index/sambutan_presiden_pada_peresmian_bendungan_meninting_bendungan_rukoh_bendungan_keureuto_bendungan_jlantah_dan_bendungan_sidan,Pastikan bahwa air yang dibutuhkan petani sampai ke petani.,pastikan bahwa air yang dibutuhkan petani sampai ke petani,pastikan air dibutuhkan petani ke petani,2,positif
"Sambutan Presiden pada Peresmian Bendungan Meninting, Bendungan Rukoh, Bendungan Keureuto, Bendungan Jlantah, dan Bendungan Sidan",https://www.setneg.go.id/baca/index/sambutan_presiden_pada_peresmian_bendungan_meninting_bendungan_rukoh_bendungan_keureuto_bendungan_jlantah_dan_bendungan_sidan,"Para petani adalah produsen pangan, tanpa pangan, tidak ada negara.",para petani adalah produsen pangan tanpa pangan tidak ada negara,petani produsen pangan pangan ada negara,-3,negatif
"Sambutan Presiden pada Peresmian Bendungan Meninting, Bendungan Rukoh, Bendungan Keureuto, Bendungan Jlantah, dan Bendungan Sidan",https://www.setneg.go.id/baca/index/sambutan_presiden_pada_peresmian_bendungan_meninting_bendungan_rukoh_bendungan_keureuto_bendungan_jlantah_dan_bendungan_sidan,"Saudara-saudara sekalian,Setiap Rupiah uang rakyat harus dimanfaatkan dan dinikmati oleh rakyat Indonesia.",saudara saudara sekalian setiap rupiah uang rakyat harus dimanfaatkan dan dinikmati oleh rakyat indonesia,saudara saudara sekalian rupiah uang rakyat dimanfaatkan dinikmati rakyat indonesia,0,netral
"Sambutan Presiden pada Peresmian Bendungan Meninting, Bendungan Rukoh, Bendungan Keureuto, Bendungan Jlantah, dan Bendungan Sidan",https://www.setneg.go.id/baca/index/sambutan_presiden_pada_peresmian_bendungan_meninting_bendungan_rukoh_bendungan_keureuto_bendungan_jlantah_dan_bendungan_sidan,"Saya kira, demikian yang ingin saya sampaikan.",saya kira demikian yang ingin saya sampaikan,kira yang saya sampaikan,-10,negatif
"Sambutan Presiden pada Peresmian Bendungan Meninting, Bendungan Rukoh, Bendungan Keureuto, Bendungan Jlantah, dan Bendungan Sidan",https://www.setneg.go.id/baca/index/sambutan_presiden_pada_peresmian_bendungan_meninting_bendungan_rukoh_bendungan_keureuto_bendungan_jlantah_dan_bendungan_sidan,"Kita, saya yakin kita akan menjadi lumbung pangan dunia.",kita saya yakin kita akan menjadi lumbung pangan dunia,saya yakin akan menjadi lumbung pangan dunia,-2,negatif
"Sambutan Presiden pada Peresmian Bendungan Meninting, Bendungan Rukoh, Bendungan Keureuto, Bendungan Jlantah, dan Bendungan Sidan",https://www.setneg.go.id/baca/index/sambutan_presiden_pada_peresmian_bendungan_meninting_bendungan_rukoh_bendungan_keureuto_bendungan_jlantah_dan_bendungan_sidan,"Dari kita impor, impor, impor,  sekarang kita sudah mulai ekspor, ekspor pangan ke negara-negara lain.",dari kita impor impor impor sekarang kita sudah mulai ekspor ekspor pangan ke negara negara lain,impor impor impor sekarang kita sudah mulai ekspor ekspor pangan negara negara,-1,negatif
"Sambutan Presiden pada Peresmian Bendungan Meninting, Bendungan Rukoh, Bendungan Keureuto, Bendungan Jlantah, dan Bendungan Sidan",https://www.setneg.go.id/baca/index/sambutan_presiden_pada_peresmian_bendungan_meninting_bendungan_rukoh_bendungan_keureuto_bendungan_jlantah_dan_bendungan_sidan,"Kita sekarang diminta bantuan negara-negara, bahkan Australia minta bantuan, mohon kita bisa jual urea ke mereka, Brasil, Filipina, India.",kita sekarang diminta bantuan negara negara bahkan australia minta bantuan mohon kita bisa jual urea ke mereka brasil filipina india,sekarang diminta bantuan negara negara bahkan australia minta bantuan mohon bisa jual urea mereka brasil filipina india,-4,negatif
"Sambutan Presiden pada Peresmian Bendungan Meninting, Bendungan Rukoh, Bendungan Keureuto, Bendungan Jlantah, dan Bendungan Sidan",https://www.setneg.go.id/baca/index/sambutan_presiden_pada_peresmian_bendungan_meninting_bendungan_rukoh_bendungan_keureuto_bendungan_jlantah_dan_bendungan_sidan,"Jadi, Indonesia sekarang tanpa banyak gembar-gembor, kita menunjukkan bahwa Indonesia adalah negara yang sedang bangkit dan akan bangkit terus, Saudara-saudara sekalian.",jadi indonesia sekarang tanpa banyak gembar gembor kita menunjukkan bahwa indonesia adalah negara yang sedang bangkit dan akan bangkit terus saudara saudara sekalian,jadi indonesia sekarang banyak gembar gembor menunjukkan indonesia negara sedang bangkit akan bangkit terus saudara saudara sekalian,-16,negatif
"Sambutan Presiden pada Peresmian Bendungan Meninting, Bendungan Rukoh, Bendungan Keureuto, Bendungan Jlantah, dan Bendungan Sidan",https://www.setneg.go.id/baca/index/sambutan_presiden_pada_peresmian_bendungan_meninting_bendungan_rukoh_bendungan_keureuto_bendungan_jlantah_dan_bendungan_sidan,"Saya titip NTB, pimpinannya, para gubernur, bupati, para elite, pimpinlah dengan arif, pimpinlah dengan baik, pimpinlah dengan cinta kepada rakyat.",saya titip ntb pimpinannya para gubernur bupati para elite pimpinlah dengan arif pimpinlah dengan baik pimpinlah dengan cinta kepada rakyat,titip ntb pimpinannya gubernur bupati elite pimpinlah arif pimpinlah baik pimpinlah cinta rakyat,7,positif
"Sambutan Presiden pada Peresmian Bendungan Meninting, Bendungan Rukoh, Bendungan Keureuto, Bendungan Jlantah, dan Bendungan Sidan",https://www.setneg.go.id/baca/index/sambutan_presiden_pada_peresmian_bendungan_meninting_bendungan_rukoh_bendungan_keureuto_bendungan_jlantah_dan_bendungan_sidan,"Dasarnya adalah demikian, cintai rakyatmu, urus rakyatmu,  Gunakan kebijakan-kebijakan yang akal sehat, hindari niat jadi kaya di atas penderitaan rakyat kecil.",dasarnya adalah demikian cintai rakyatmu urus rakyatmu gunakan kebijakan kebijakan yang akal sehat hindari niat jadi kaya di atas penderitaan rakyat kecil,dasarnya demikian cintai rakyatmu urus rakyatmu gunakan kebijakan kebijakan akal sehat hindari niat jadi kaya atas penderitaan rakyat kecil,-7,negatif
"Sambutan Presiden pada Peresmian Bendungan Meninting, Bendungan Rukoh, Bendungan Keureuto, Bendungan Jlantah, dan Bendungan Sidan",https://www.setneg.go.id/baca/index/sambutan_presiden_pada_peresmian_bendungan_meninting_bendungan_rukoh_bendungan_keureuto_bendungan_jlantah_dan_bendungan_sidan,"Hindari, jauhi pikiran dan niat seperti itu.",hindari jauhi pikiran dan niat seperti itu,hindari jauhi pikiran niat itu,-2,negatif
"Sambutan Presiden pada Peresmian Bendungan Meninting, Bendungan Rukoh, Bendungan Keureuto, Bendungan Jlantah, dan Bendungan Sidan",https://www.setneg.go.id/baca/index/sambutan_presiden_pada_peresmian_bendungan_meninting_bendungan_rukoh_bendungan_keureuto_bendungan_jlantah_dan_bendungan_sidan,"Jauhi, itu dosa yang paling, yang paling jahat.",jauhi itu dosa yang paling yang paling jahat,jauhi dosa paling paling jahat,-8,negatif
"Sambutan Presiden pada Peresmian Bendungan Meninting, Bendungan Rukoh, Bendungan Keureuto, Bendungan Jlantah, dan Bendungan Sidan",https://www.setneg.go.id/baca/index/sambutan_presiden_pada_peresmian_bendungan_meninting_bendungan_rukoh_bendungan_keureuto_bendungan_jlantah_dan_bendungan_sidan,"Jangan lupa, Saudara pemimpin adalah untuk melayani rakyat, bukan untuk buat rakyat lebih susah.",jangan lupa saudara pemimpin adalah untuk melayani rakyat bukan untuk buat rakyat lebih susah,jangan lupa saudara pemimpin melayani rakyat bukan untuk buat rakyat lebih susah,-15,negatif
"Sambutan Presiden pada Peresmian Bendungan Meninting, Bendungan Rukoh, Bendungan Keureuto, Bendungan Jlantah, dan Bendungan Sidan",https://www.setneg.go.id/baca/index/sambutan_presiden_pada_peresmian_bendungan_meninting_bendungan_rukoh_bendungan_keureuto_bendungan_jlantah_dan_bendungan_sidan,Terima kasih.,terima kasih,terima kasih,1,positif
"Sambutan Presiden pada Peresmian Bendungan Meninting, Bendungan Rukoh, Bendungan Keureuto, Bendungan Jlantah, dan Bendungan Sidan",https://www.setneg.go.id/baca/index/sambutan_presiden_pada_peresmian_bendungan_meninting_bendungan_rukoh_bendungan_keureuto_bendungan_jlantah_dan_bendungan_sidan,"Saya mengajak semua unsur, mari kita bersatu, mari kita saling memaafkan kekurangan kita masing-masing.",saya mengajak semua unsur mari kita bersatu mari kita saling memaafkan kekurangan kita masing masing,mengajak semua unsur bersatu kita saling memaafkan kekurangan kita masing masing,-10,negatif
"Sambutan Presiden pada Peresmian Bendungan Meninting, Bendungan Rukoh, Bendungan Keureuto, Bendungan Jlantah, dan Bendungan Sidan",https://www.setneg.go.id/baca/index/sambutan_presiden_pada_peresmian_bendungan_meninting_bendungan_rukoh_bendungan_keureuto_bendungan_jlantah_dan_bendungan_sidan,Kita punya kekurangan semuanya.,kita punya kekurangan semuanya,punya kekurangan semuanya,-3,negatif
"Sambutan Presiden pada Peresmian Bendungan Meninting, Bendungan Rukoh, Bendungan Keureuto, Bendungan Jlantah, dan Bendungan Sidan",https://www.setneg.go.id/baca/index/sambutan_presiden_pada_peresmian_bendungan_meninting_bendungan_rukoh_bendungan_keureuto_bendungan_jlantah_dan_bendungan_sidan,"Mari kita bersatu, mari kita maafkan.",mari kita bersatu mari kita maafkan,kita bersatu kita maafkan,-4,negatif
"Sambutan Presiden pada Peresmian Bendungan Meninting, Bendungan Rukoh, Bendungan Keureuto, Bendungan Jlantah, dan Bendungan Sidan",https://www.setneg.go.id/baca/index/sambutan_presiden_pada_peresmian_bendungan_meninting_bendungan_rukoh_bendungan_keureuto_bendungan_jlantah_dan_bendungan_sidan,Kita bersatu.,kita bersatu,bersatu,-1,negatif
"Sambutan Presiden pada Peresmian Bendungan Meninting, Bendungan Rukoh, Bendungan Keureuto, Bendungan Jlantah, dan Bendungan Sidan",https://www.setneg.go.id/baca/index/sambutan_presiden_pada_peresmian_bendungan_meninting_bendungan_rukoh_bendungan_keureuto_bendungan_jlantah_dan_bendungan_sidan,"Kita berpikir baik, keluarkan kebaikan.",kita berpikir baik keluarkan kebaikan,berpikir baik keluarkan kebaikan,0,netral
"Sambutan Presiden pada Peresmian Bendungan Meninting, Bendungan Rukoh, Bendungan Keureuto, Bendungan Jlantah, dan Bendungan Sidan",https://www.setneg.go.id/baca/index/sambutan_presiden_pada_peresmian_bendungan_meninting_bendungan_rukoh_bendungan_keureuto_bendungan_jlantah_dan_bendungan_sidan,"Jangan berpikir jahat, jangan licik, jangan menipu, jangan bohong.",jangan berpikir jahat jangan licik jangan menipu jangan bohong,jangan berpikir jahat jangan licik jangan menipu jangan bohong,-24,negatif
"Sambutan Presiden pada Peresmian Bendungan Meninting, Bendungan Rukoh, Bendungan Keureuto, Bendungan Jlantah, dan Bendungan Sidan",https://www.setneg.go.id/baca/index/sambutan_presiden_pada_peresmian_bendungan_meninting_bendungan_rukoh_bendungan_keureuto_bendungan_jlantah_dan_bendungan_sidan,"Pemimpin yang suka bohong adalah bencana bagi rakyat, Saudara-saudara sekalian.",pemimpin yang suka bohong adalah bencana bagi rakyat saudara saudara sekalian,pemimpin suka bohong bencana rakyat saudara saudara sekalian,-11,negatif
"Sambutan Presiden pada Peresmian Bendungan Meninting, Bendungan Rukoh, Bendungan Keureuto, Bendungan Jlantah, dan Bendungan Sidan",https://www.setneg.go.id/baca/index/sambutan_presiden_pada_peresmian_bendungan_meninting_bendungan_rukoh_bendungan_keureuto_bendungan_jlantah_dan_bendungan_sidan,"Saya kira cukup, ya.",saya kira cukup ya,kira cukup,-7,negatif
"Sambutan Presiden pada Peresmian Bendungan Meninting, Bendungan Rukoh, Bendungan Keureuto, Bendungan Jlantah, dan Bendungan Sidan",https://www.setneg.go.id/baca/index/sambutan_presiden_pada_peresmian_bendungan_meninting_bendungan_rukoh_bendungan_keureuto_bendungan_jlantah_dan_bendungan_sidan,"Sekian cukup, ya?",sekian cukup ya,sekian cukup,-5,negatif
"Sambutan Presiden pada Peresmian Bendungan Meninting, Bendungan Rukoh, Bendungan Keureuto, Bendungan Jlantah, dan Bendungan Sidan",https://www.setneg.go.id/baca/index/sambutan_presiden_pada_peresmian_bendungan_meninting_bendungan_rukoh_bendungan_keureuto_bendungan_jlantah_dan_bendungan_sidan,"Cukup, ya?",cukup ya,cukup,-5,negatif
"Sambutan Presiden pada Peresmian Bendungan Meninting, Bendungan Rukoh, Bendungan Keureuto, Bendungan Jlantah, dan Bendungan Sidan",https://www.setneg.go.id/baca/index/sambutan_presiden_pada_peresmian_bendungan_meninting_bendungan_rukoh_bendungan_keureuto_bendungan_jlantah_dan_bendungan_sidan,Apa?,apa,apa,-3,negatif
"Sambutan Presiden pada Peresmian Bendungan Meninting, Bendungan Rukoh, Bendungan Keureuto, Bendungan Jlantah, dan Bendungan Sidan",https://www.setneg.go.id/baca/index/sambutan_presiden_pada_peresmian_bendungan_meninting_bendungan_rukoh_bendungan_keureuto_bendungan_jlantah_dan_bendungan_sidan,Lanjut?,lanjut,lanjut,-5,negatif
"Sambutan Presiden pada Peresmian Bendungan Meninting, Bendungan Rukoh, Bendungan Keureuto, Bendungan Jlantah, dan Bendungan Sidan",https://www.setneg.go.id/baca/index/sambutan_presiden_pada_peresmian_bendungan_meninting_bendungan_rukoh_bendungan_keureuto_bendungan_jlantah_dan_bendungan_sidan,Ada kopi?,ada kopi,kopi,0,netral
"Sambutan Presiden pada Peresmian Bendungan Meninting, Bendungan Rukoh, Bendungan Keureuto, Bendungan Jlantah, dan Bendungan Sidan",https://www.setneg.go.id/baca/index/sambutan_presiden_pada_peresmian_bendungan_meninting_bendungan_rukoh_bendungan_keureuto_bendungan_jlantah_dan_bendungan_sidan,"Minta izin ya, boleh, Pak?",minta izin ya boleh pak,minta izin boleh pak,-5,negatif
"Sambutan Presiden pada Peresmian Bendungan Meninting, Bendungan Rukoh, Bendungan Keureuto, Bendungan Jlantah, dan Bendungan Sidan",https://www.setneg.go.id/baca/index/sambutan_presiden_pada_peresmian_bendungan_meninting_bendungan_rukoh_bendungan_keureuto_bendungan_jlantah_dan_bendungan_sidan,"Kalau Ulama bilang boleh, ya saya minum lah.",kalau ulama bilang boleh ya saya minum lah,kalau ulama bilang ya minum lah,3,positif
"Sambutan Presiden pada Peresmian Bendungan Meninting, Bendungan Rukoh, Bendungan Keureuto, Bendungan Jlantah, dan Bendungan Sidan",https://www.setneg.go.id/baca/index/sambutan_presiden_pada_peresmian_bendungan_meninting_bendungan_rukoh_bendungan_keureuto_bendungan_jlantah_dan_bendungan_sidan,Itu baru kopi.,itu baru kopi,baru kopi,0,netral
"Sambutan Presiden pada Peresmian Bendungan Meninting, Bendungan Rukoh, Bendungan Keureuto, Bendungan Jlantah, dan Bendungan Sidan",https://www.setneg.go.id/baca/index/sambutan_presiden_pada_peresmian_bendungan_meninting_bendungan_rukoh_bendungan_keureuto_bendungan_jlantah_dan_bendungan_sidan,"Tapi, bahaya ini kalau saya minum kopi ini tiga jam pidato saya.",tapi bahaya ini kalau saya minum kopi ini tiga jam pidato saya,bahaya kalau minum kopi tiga jam pidato,-9,negatif
"Sambutan Presiden pada Peresmian Bendungan Meninting, Bendungan Rukoh, Bendungan Keureuto, Bendungan Jlantah, dan Bendungan Sidan",https://www.setneg.go.id/baca/index/sambutan_presiden_pada_peresmian_bendungan_meninting_bendungan_rukoh_bendungan_keureuto_bendungan_jlantah_dan_bendungan_sidan,Kuat dengar saya tiga jam?,kuat dengar saya tiga jam,kuat dengar tiga jam,-1,negatif
"Sambutan Presiden pada Peresmian Bendungan Meninting, Bendungan Rukoh, Bendungan Keureuto, Bendungan Jlantah, dan Bendungan Sidan",https://www.setneg.go.id/baca/index/sambutan_presiden_pada_peresmian_bendungan_meninting_bendungan_rukoh_bendungan_keureuto_bendungan_jlantah_dan_bendungan_sidan,Kuat?,kuat,kuat,-3,negatif
"Sambutan Presiden pada Peresmian Bendungan Meninting, Bendungan Rukoh, Bendungan Keureuto, Bendungan Jlantah, dan Bendungan Sidan",https://www.setneg.go.id/baca/index/sambutan_presiden_pada_peresmian_bendungan_meninting_bendungan_rukoh_bendungan_keureuto_bendungan_jlantah_dan_bendungan_sidan,"Yang enggak kuat saya, berdiri.",yang enggak kuat saya berdiri,enggak kuat berdiri,-3,negatif
"Sambutan Presiden pada Peresmian Bendungan Meninting, Bendungan Rukoh, Bendungan Keureuto, Bendungan Jlantah, dan Bendungan Sidan",https://www.setneg.go.id/baca/index/sambutan_presiden_pada_peresmian_bendungan_meninting_bendungan_rukoh_bendungan_keureuto_bendungan_jlantah_dan_bendungan_sidan,"Yang senang itu media nungguin, Prabowo ngomong apa lagi nih?",yang senang itu media nungguin prabowo ngomong apa lagi nih,senang media nungguin prabowo ngomong apa nih,-9,negatif
"Sambutan Presiden pada Peresmian Bendungan Meninting, Bendungan Rukoh, Bendungan Keureuto, Bendungan Jlantah, dan Bendungan Sidan",https://www.setneg.go.id/baca/index/sambutan_presiden_pada_peresmian_bendungan_meninting_bendungan_rukoh_bendungan_keureuto_bendungan_jlantah_dan_bendungan_sidan,"Dia senyum semua itu, benar?",dia senyum semua itu benar,senyum semua benar,-8,negatif
"Sambutan Presiden pada Peresmian Bendungan Meninting, Bendungan Rukoh, Bendungan Keureuto, Bendungan Jlantah, dan Bendungan Sidan",https://www.setneg.go.id/baca/index/sambutan_presiden_pada_peresmian_bendungan_meninting_bendungan_rukoh_bendungan_keureuto_bendungan_jlantah_dan_bendungan_sidan,"Iya, kan?",iya kan,iya kan,0,netral
"Sambutan Presiden pada Peresmian Bendungan Meninting, Bendungan Rukoh, Bendungan Keureuto, Bendungan Jlantah, dan Bendungan Sidan",https://www.setneg.go.id/baca/index/sambutan_presiden_pada_peresmian_bendungan_meninting_bendungan_rukoh_bendungan_keureuto_bendungan_jlantah_dan_bendungan_sidan,"Kalau aku, kalau aku baca pidato, kalian enggak senang.",kalau aku kalau aku baca pidato kalian enggak senang,kalau aku kalau aku baca pidato kalian enggak senang,-9,negatif
"Sambutan Presiden pada Peresmian Bendungan Meninting, Bendungan Rukoh, Bendungan Keureuto, Bendungan Jlantah, dan Bendungan Sidan",https://www.setneg.go.id/baca/index/sambutan_presiden_pada_peresmian_bendungan_meninting_bendungan_rukoh_bendungan_keureuto_bendungan_jlantah_dan_bendungan_sidan,Kalau pidato ini sudah pasti bagus.,kalau pidato ini sudah pasti bagus,kalau pidato sudah bagus,-7,negatif
"Sambutan Presiden pada Peresmian Bendungan Meninting, Bendungan Rukoh, Bendungan Keureuto, Bendungan Jlantah, dan Bendungan Sidan",https://www.setneg.go.id/baca/index/sambutan_presiden_pada_peresmian_bendungan_meninting_bendungan_rukoh_bendungan_keureuto_bendungan_jlantah_dan_bendungan_sidan,"Kalau tanpa teks,nungguini Prabowo salah ngomong.",kalau tanpa teks nungguini prabowo salah ngomong,kalau teks nungguini prabowo salah ngomong,-8,negatif
"Sambutan Presiden pada Peresmian Bendungan Meninting, Bendungan Rukoh, Bendungan Keureuto, Bendungan Jlantah, dan Bendungan Sidan",https://www.setneg.go.id/baca/index/sambutan_presiden_pada_peresmian_bendungan_meninting_bendungan_rukoh_bendungan_keureuto_bendungan_jlantah_dan_bendungan_sidan,"Enggak ada urusan ya, karena saya bicara dari hati saya.",enggak ada urusan ya karena saya bicara dari hati saya,enggak urusan karena bicara hati,-5,negatif
"Sambutan Presiden pada Peresmian Bendungan Meninting, Bendungan Rukoh, Bendungan Keureuto, Bendungan Jlantah, dan Bendungan Sidan",https://www.setneg.go.id/baca/index/sambutan_presiden_pada_peresmian_bendungan_meninting_bendungan_rukoh_bendungan_keureuto_bendungan_jlantah_dan_bendungan_sidan,Saya ingin Indonesia hebat.,saya ingin indonesia hebat,ingin indonesia hebat,0,netral
"Sambutan Presiden pada Peresmian Bendungan Meninting, Bendungan Rukoh, Bendungan Keureuto, Bendungan Jlantah, dan Bendungan Sidan",https://www.setneg.go.id/baca/index/sambutan_presiden_pada_peresmian_bendungan_meninting_bendungan_rukoh_bendungan_keureuto_bendungan_jlantah_dan_bendungan_sidan,Saya ingin Indonesia rakyatnya makmur.,saya ingin indonesia rakyatnya makmur,ingin indonesia rakyatnya makmur,4,positif
"Sambutan Presiden pada Peresmian Bendungan Meninting, Bendungan Rukoh, Bendungan Keureuto, Bendungan Jlantah, dan Bendungan Sidan",https://www.setneg.go.id/baca/index/sambutan_presiden_pada_peresmian_bendungan_meninting_bendungan_rukoh_bendungan_keureuto_bendungan_jlantah_dan_bendungan_sidan,"Saya ingin rakyat yang paling miskin senyum, karena dia ada harapan.",saya ingin rakyat yang paling miskin senyum karena dia ada harapan,ingin rakyat paling miskin senyum dia harapan,-9,negatif
"Sambutan Presiden pada Peresmian Bendungan Meninting, Bendungan Rukoh, Bendungan Keureuto, Bendungan Jlantah, dan Bendungan Sidan",https://www.setneg.go.id/baca/index/sambutan_presiden_pada_peresmian_bendungan_meninting_bendungan_rukoh_bendungan_keureuto_bendungan_jlantah_dan_bendungan_sidan,Saya tidak ingin lihat rakyat miskin.,saya tidak ingin lihat rakyat miskin,tidak lihat rakyat miskin,-7,negatif
"Sambutan Presiden pada Peresmian Bendungan Meninting, Bendungan Rukoh, Bendungan Keureuto, Bendungan Jlantah, dan Bendungan Sidan",https://www.setneg.go.id/baca/index/sambutan_presiden_pada_peresmian_bendungan_meninting_bendungan_rukoh_bendungan_keureuto_bendungan_jlantah_dan_bendungan_sidan,Saya tidak ingin lihat anak-anak lapar.,saya tidak ingin lihat anak anak lapar,tidak lihat anak anak lapar,-13,negatif
"Sambutan Presiden pada Peresmian Bendungan Meninting, Bendungan Rukoh, Bendungan Keureuto, Bendungan Jlantah, dan Bendungan Sidan",https://www.setneg.go.id/baca/index/sambutan_presiden_pada_peresmian_bendungan_meninting_bendungan_rukoh_bendungan_keureuto_bendungan_jlantah_dan_bendungan_sidan,MBG kita teruskan.,mbg kita teruskan,mbg teruskan,0,netral
"Sambutan Presiden pada Peresmian Bendungan Meninting, Bendungan Rukoh, Bendungan Keureuto, Bendungan Jlantah, dan Bendungan Sidan",https://www.setneg.go.id/baca/index/sambutan_presiden_pada_peresmian_bendungan_meninting_bendungan_rukoh_bendungan_keureuto_bendungan_jlantah_dan_bendungan_sidan,"Tapi, kita mengerti dan kita sadar banyak juga yang menyusup ke tubuhnya MBG untuk jadi maling di situ.",tapi kita mengerti dan kita sadar banyak juga yang menyusup ke tubuhnya mbg untuk jadi maling di situ,kita mengerti kita sadar banyak yang menyusup tubuhnya mbg jadi maling situ,-16,negatif
"Sambutan Presiden pada Peresmian Bendungan Meninting, Bendungan Rukoh, Bendungan Keureuto, Bendungan Jlantah, dan Bendungan Sidan",https://www.setneg.go.id/baca/index/sambutan_presiden_pada_peresmian_bendungan_meninting_bendungan_rukoh_bendungan_keureuto_bendungan_jlantah_dan_bendungan_sidan,"Maka, saya minta Gubernur, Bupati Camat, Kepala Desa boleh memeriksa, semua dapur MBG Saudara periksa, laporkan ke Kepala BGN.",maka saya minta gubernur bupati camat kepala desa boleh memeriksa semua dapur mbg saudara periksa laporkan ke kepala bgn,saya minta gubernur bupati camat kepala desa memeriksa semua dapur mbg saudara periksa laporkan kepala bgn,-17,negatif
"Sambutan Presiden pada Peresmian Bendungan Meninting, Bendungan Rukoh, Bendungan Keureuto, Bendungan Jlantah, dan Bendungan Sidan",https://www.setneg.go.id/baca/index/sambutan_presiden_pada_peresmian_bendungan_meninting_bendungan_rukoh_bendungan_keureuto_bendungan_jlantah_dan_bendungan_sidan,"Kalau perlu, lapor langsung ke saya.",kalau perlu lapor langsung ke saya,kalau perlu lapor langsung saya,3,positif
"Sambutan Presiden pada Peresmian Bendungan Meninting, Bendungan Rukoh, Bendungan Keureuto, Bendungan Jlantah, dan Bendungan Sidan",https://www.setneg.go.id/baca/index/sambutan_presiden_pada_peresmian_bendungan_meninting_bendungan_rukoh_bendungan_keureuto_bendungan_jlantah_dan_bendungan_sidan,"Gampang,  ngomong di TikTok, langsung aku kirim tim untuk selesaikan.",gampang ngomong di tiktok langsung aku kirim tim untuk selesaikan,gampang ngomong tiktok langsung aku kirim tim selesaikan,-3,negatif
"Sambutan Presiden pada Peresmian Bendungan Meninting, Bendungan Rukoh, Bendungan Keureuto, Bendungan Jlantah, dan Bendungan Sidan",https://www.setneg.go.id/baca/index/sambutan_presiden_pada_peresmian_bendungan_meninting_bendungan_rukoh_bendungan_keureuto_bendungan_jlantah_dan_bendungan_sidan,Benar?,benar,benar,-4,negatif
"Sambutan Presiden pada Peresmian Bendungan Meninting, Bendungan Rukoh, Bendungan Keureuto, Bendungan Jlantah, dan Bendungan Sidan",https://www.setneg.go.id/baca/index/sambutan_presiden_pada_peresmian_bendungan_meninting_bendungan_rukoh_bendungan_keureuto_bendungan_jlantah_dan_bendungan_sidan,Enggak usah susah-susah nomor telepon ini.,enggak usah susah susah nomor telepon ini,enggak usah susah susah nomor telepon,-11,negatif
"Sambutan Presiden pada Peresmian Bendungan Meninting, Bendungan Rukoh, Bendungan Keureuto, Bendungan Jlantah, dan Bendungan Sidan",https://www.setneg.go.id/baca/index/sambutan_presiden_pada_peresmian_bendungan_meninting_bendungan_rukoh_bendungan_keureuto_bendungan_jlantah_dan_bendungan_sidan,"Dandim, Kapolres, Kapolsek, silakan periksa.",dandim kapolres kapolsek silakan periksa,dandim kapolres kapolsek silakan periksa,-4,negatif
"Sambutan Presiden pada Peresmian Bendungan Meninting, Bendungan Rukoh, Bendungan Keureuto, Bendungan Jlantah, dan Bendungan Sidan",https://www.setneg.go.id/baca/index/sambutan_presiden_pada_peresmian_bendungan_meninting_bendungan_rukoh_bendungan_keureuto_bendungan_jlantah_dan_bendungan_sidan,"Periksa, periksa yang artinya baik.",periksa periksa yang artinya baik,periksa periksa artinya baik,-11,negatif
"Sambutan Presiden pada Peresmian Bendungan Meninting, Bendungan Rukoh, Bendungan Keureuto, Bendungan Jlantah, dan Bendungan Sidan",https://www.setneg.go.id/baca/index/sambutan_presiden_pada_peresmian_bendungan_meninting_bendungan_rukoh_bendungan_keureuto_bendungan_jlantah_dan_bendungan_sidan,"Janganmanggil-manggilmaungerjain,jangan.",janganmanggil manggilmaungerjain jangan,janganmanggil manggilmaungerjain jangan,-3,negatif
"Sambutan Presiden pada Peresmian Bendungan Meninting, Bendungan Rukoh, Bendungan Keureuto, Bendungan Jlantah, dan Bendungan Sidan",https://www.setneg.go.id/baca/index/sambutan_presiden_pada_peresmian_bendungan_meninting_bendungan_rukoh_bendungan_keureuto_bendungan_jlantah_dan_bendungan_sidan,Saya sudah lama jadi orang Indonesia.Manggil-manggilminta setoran.,saya sudah lama jadi orang indonesia manggil manggilminta setoran,sudah lama jadi orang indonesia manggil manggilminta setoran,-8,negatif
"Sambutan Presiden pada Peresmian Bendungan Meninting, Bendungan Rukoh, Bendungan Keureuto, Bendungan Jlantah, dan Bendungan Sidan",https://www.setneg.go.id/baca/index/sambutan_presiden_pada_peresmian_bendungan_meninting_bendungan_rukoh_bendungan_keureuto_bendungan_jlantah_dan_bendungan_sidan,"Rakyat, awasi.",rakyat awasi,rakyat awasi,0,netral
"Sambutan Presiden pada Peresmian Bendungan Meninting, Bendungan Rukoh, Bendungan Keureuto, Bendungan Jlantah, dan Bendungan Sidan",https://www.setneg.go.id/baca/index/sambutan_presiden_pada_peresmian_bendungan_meninting_bendungan_rukoh_bendungan_keureuto_bendungan_jlantah_dan_bendungan_sidan,"Rakyat sekarang tidak bodoh, rakyat punyagadget.",rakyat sekarang tidak bodoh rakyat punyagadget,rakyat sekarang bodoh rakyat punyagadget,0,netral
"Sambutan Presiden pada Peresmian Bendungan Meninting, Bendungan Rukoh, Bendungan Keureuto, Bendungan Jlantah, dan Bendungan Sidan",https://www.setneg.go.id/baca/index/sambutan_presiden_pada_peresmian_bendungan_meninting_bendungan_rukoh_bendungan_keureuto_bendungan_jlantah_dan_bendungan_sidan,"Tapi, memang ya orang kalau maunyolong, ada aja, ada aja.",tapi memang ya orang kalau maunyolong ada aja ada aja,memang orang kalau maunyolong aja aja,-1,negatif
"Sambutan Presiden pada Peresmian Bendungan Meninting, Bendungan Rukoh, Bendungan Keureuto, Bendungan Jlantah, dan Bendungan Sidan",https://www.setneg.go.id/baca/index/sambutan_presiden_pada_peresmian_bendungan_meninting_bendungan_rukoh_bendungan_keureuto_bendungan_jlantah_dan_bendungan_sidan,Gue heran juga itu.,gue heran juga itu,gue heran itu,-5,negatif
"Sambutan Presiden pada Peresmian Bendungan Meninting, Bendungan Rukoh, Bendungan Keureuto, Bendungan Jlantah, dan Bendungan Sidan",https://www.setneg.go.id/baca/index/sambutan_presiden_pada_peresmian_bendungan_meninting_bendungan_rukoh_bendungan_keureuto_bendungan_jlantah_dan_bendungan_sidan,"Ayam, ayam tuh, ayam tuh biasanya itu bisa dipotong delapan.",ayam ayam tuh ayam tuh biasanya itu bisa dipotong delapan,ayam ayam tuh ayam tuh biasanya bisa dipotong delapan,0,netral
"Sambutan Presiden pada Peresmian Bendungan Meninting, Bendungan Rukoh, Bendungan Keureuto, Bendungan Jlantah, dan Bendungan Sidan",https://www.setneg.go.id/baca/index/sambutan_presiden_pada_peresmian_bendungan_meninting_bendungan_rukoh_bendungan_keureuto_bendungan_jlantah_dan_bendungan_sidan,"Kalau negara kaya kayak Amerika, satu orang, jadi ayam dipotong empat, satu orang makan seperempat ayam.",kalau negara kaya kayak amerika satu orang jadi ayam dipotong empat satu orang makan seperempat ayam,kalau negara kaya kayak amerika satu orang jadi ayam dipotong empat satu orang makan seperempat ayam,-11,negatif
"Sambutan Presiden pada Peresmian Bendungan Meninting, Bendungan Rukoh, Bendungan Keureuto, Bendungan Jlantah, dan Bendungan Sidan",https://www.setneg.go.id/baca/index/sambutan_presiden_pada_peresmian_bendungan_meninting_bendungan_rukoh_bendungan_keureuto_bendungan_jlantah_dan_bendungan_sidan,Negara kaya itu.,negara kaya itu,negara kaya,-2,negatif
"Sambutan Presiden pada Peresmian Bendungan Meninting, Bendungan Rukoh, Bendungan Keureuto, Bendungan Jlantah, dan Bendungan Sidan",https://www.setneg.go.id/baca/index/sambutan_presiden_pada_peresmian_bendungan_meninting_bendungan_rukoh_bendungan_keureuto_bendungan_jlantah_dan_bendungan_sidan,"Kalau kita, ya satu ayam potong delapan atau 10 lah, paling, paling kecil 12 lah.",kalau kita ya satu ayam potong delapan atau lah paling paling kecil lah,kalau ya satu ayam potong delapan lah paling paling kecil lah,-3,negatif
"Sambutan Presiden pada Peresmian Bendungan Meninting, Bendungan Rukoh, Bendungan Keureuto, Bendungan Jlantah, dan Bendungan Sidan",https://www.setneg.go.id/baca/index/sambutan_presiden_pada_peresmian_bendungan_meninting_bendungan_rukoh_bendungan_keureuto_bendungan_jlantah_dan_bendungan_sidan,Jangan pula dipotong 18 atau 22.,jangan pula dipotong atau,jangan dipotong,-3,negatif
"Sambutan Presiden pada Peresmian Bendungan Meninting, Bendungan Rukoh, Bendungan Keureuto, Bendungan Jlantah, dan Bendungan Sidan",https://www.setneg.go.id/baca/index/sambutan_presiden_pada_peresmian_bendungan_meninting_bendungan_rukoh_bendungan_keureuto_bendungan_jlantah_dan_bendungan_sidan,"Wah, ini ada wartawan.",wah ini ada wartawan,wah ada wartawan,-6,negatif
"Sambutan Presiden pada Peresmian Bendungan Meninting, Bendungan Rukoh, Bendungan Keureuto, Bendungan Jlantah, dan Bendungan Sidan",https://www.setneg.go.id/baca/index/sambutan_presiden_pada_peresmian_bendungan_meninting_bendungan_rukoh_bendungan_keureuto_bendungan_jlantah_dan_bendungan_sidan,"Kalau enggak, aku ingin ngomong.",kalau enggak aku ingin ngomong,kalau enggak aku ngomong,-2,negatif
"Sambutan Presiden pada Peresmian Bendungan Meninting, Bendungan Rukoh, Bendungan Keureuto, Bendungan Jlantah, dan Bendungan Sidan",https://www.setneg.go.id/baca/index/sambutan_presiden_pada_peresmian_bendungan_meninting_bendungan_rukoh_bendungan_keureuto_bendungan_jlantah_dan_bendungan_sidan,"Enggak boleh-enggak boleh, nanti sayadimarahin.",enggak boleh enggak boleh nanti sayadimarahin,enggak enggak nanti sayadimarahin,-2,negatif
"Sambutan Presiden pada Peresmian Bendungan Meninting, Bendungan Rukoh, Bendungan Keureuto, Bendungan Jlantah, dan Bendungan Sidan",https://www.setneg.go.id/baca/index/sambutan_presiden_pada_peresmian_bendungan_meninting_bendungan_rukoh_bendungan_keureuto_bendungan_jlantah_dan_bendungan_sidan,"Disangka kita enggakngertiayam dipotong 12, 10, ayam dipotong 20 kelihatan.",disangka kita enggakngertiayam dipotong ayam dipotong kelihatan,disangka enggakngertiayam dipotong ayam dipotong kelihatan,0,netral
"Sambutan Presiden pada Peresmian Bendungan Meninting, Bendungan Rukoh, Bendungan Keureuto, Bendungan Jlantah, dan Bendungan Sidan",https://www.setneg.go.id/baca/index/sambutan_presiden_pada_peresmian_bendungan_meninting_bendungan_rukoh_bendungan_keureuto_bendungan_jlantah_dan_bendungan_sidan,"Jadi,  makannya kecil, sedikit, ayamnya kecil.",jadi makannya kecil sedikit ayamnya kecil,jadi makannya kecil sedikit ayamnya kecil,-12,negatif
"Sambutan Presiden pada Peresmian Bendungan Meninting, Bendungan Rukoh, Bendungan Keureuto, Bendungan Jlantah, dan Bendungan Sidan",https://www.setneg.go.id/baca/index/sambutan_presiden_pada_peresmian_bendungan_meninting_bendungan_rukoh_bendungan_keureuto_bendungan_jlantah_dan_bendungan_sidan,"Habis itu, Ibu Nanik kalau dengar pidato ini, Ibu Nanik ya, MBG jangan bikin telur dadar.",habis itu ibu nanik kalau dengar pidato ini ibu nanik ya mbg jangan bikin telur dadar,habis ibu nanik kalau dengar pidato ibu nanik mbg jangan bikin telur dadar,-5,negatif
"Sambutan Presiden pada Peresmian Bendungan Meninting, Bendungan Rukoh, Bendungan Keureuto, Bendungan Jlantah, dan Bendungan Sidan",https://www.setneg.go.id/baca/index/sambutan_presiden_pada_peresmian_bendungan_meninting_bendungan_rukoh_bendungan_keureuto_bendungan_jlantah_dan_bendungan_sidan,Telur rebus atau ceplok.,telur rebus atau ceplok,telur rebus ceplok,0,netral
"Sambutan Presiden pada Peresmian Bendungan Meninting, Bendungan Rukoh, Bendungan Keureuto, Bendungan Jlantah, dan Bendungan Sidan",https://www.setneg.go.id/baca/index/sambutan_presiden_pada_peresmian_bendungan_meninting_bendungan_rukoh_bendungan_keureuto_bendungan_jlantah_dan_bendungan_sidan,"Kalau dadar biasanya itu dicampur macam-macam itu ya, itu bisa empat orang makan satu [telur] ayam itu.",kalau dadar biasanya itu dicampur macam macam itu ya itu bisa empat orang makan satu telur ayam itu,kalau dadar biasanya dicampur macam macam ya bisa empat orang makan satu telur ayam,1,positif
"Sambutan Presiden pada Peresmian Bendungan Meninting, Bendungan Rukoh, Bendungan Keureuto, Bendungan Jlantah, dan Bendungan Sidan",https://www.setneg.go.id/baca/index/sambutan_presiden_pada_peresmian_bendungan_meninting_bendungan_rukoh_bendungan_keureuto_bendungan_jlantah_dan_bendungan_sidan,"Apalagi apa itu namanyascrambleapa itu orek, apalagi orek itu, nanti oreknya sedikit lagi, ya.",apalagi apa itu namanyascrambleapa itu orek apalagi orek itu nanti oreknya sedikit lagi ya,apa namanyascrambleapa orek orek nanti oreknya sedikit ya,-5,negatif
"Sambutan Presiden pada Peresmian Bendungan Meninting, Bendungan Rukoh, Bendungan Keureuto, Bendungan Jlantah, dan Bendungan Sidan",https://www.setneg.go.id/baca/index/sambutan_presiden_pada_peresmian_bendungan_meninting_bendungan_rukoh_bendungan_keureuto_bendungan_jlantah_dan_bendungan_sidan,"Jadi, kita ini, Saudara-saudara, MBG ini adalah sangat strategis, karena ini makan untuk anak-anak kita, generasi penerus.",jadi kita ini saudara saudara mbg ini adalah sangat strategis karena ini makan untuk anak anak kita generasi penerus,jadi saudara saudara mbg ini adalah sangat strategis ini makan anak anak generasi penerus,-17,negatif
"Sambutan Presiden pada Peresmian Bendungan Meninting, Bendungan Rukoh, Bendungan Keureuto, Bendungan Jlantah, dan Bendungan Sidan",https://www.setneg.go.id/baca/index/sambutan_presiden_pada_peresmian_bendungan_meninting_bendungan_rukoh_bendungan_keureuto_bendungan_jlantah_dan_bendungan_sidan,"Dia harus, sel otak harus berkembang dengan baik, sel tulang harus baik, sel otot harus baik.",dia harus sel otak harus berkembang dengan baik sel tulang harus baik sel otot harus baik,sel otak berkembang baik sel tulang baik sel otot harus baik,-19,negatif
"Sambutan Presiden pada Peresmian Bendungan Meninting, Bendungan Rukoh, Bendungan Keureuto, Bendungan Jlantah, dan Bendungan Sidan",https://www.setneg.go.id/baca/index/sambutan_presiden_pada_peresmian_bendungan_meninting_bendungan_rukoh_bendungan_keureuto_bendungan_jlantah_dan_bendungan_sidan,"Dia berkembang sehat, dia bisa jadi petani yang sehat, dia bisa jadi pekerja yang baik, dia bisa jadi ilmuwan, dia bisa jadi dokter.",dia berkembang sehat dia bisa jadi petani yang sehat dia bisa jadi pekerja yang baik dia bisa jadi ilmuwan dia bisa jadi dokter,berkembang sehat bisa jadi petani sehat bisa jadi pekerja baik bisa jadi ilmuwan bisa jadi dokter,-8,negatif
"Sambutan Presiden pada Peresmian Bendungan Meninting, Bendungan Rukoh, Bendungan Keureuto, Bendungan Jlantah, dan Bendungan Sidan",https://www.setneg.go.id/baca/index/sambutan_presiden_pada_peresmian_bendungan_meninting_bendungan_rukoh_bendungan_keureuto_bendungan_jlantah_dan_bendungan_sidan,"Kalau dari kecil makannya enggak bagus, dia nanti tidak maksimal.",kalau dari kecil makannya enggak bagus dia nanti tidak maksimal,kalau kecil makannya enggak bagus nanti maksimal,-7,negatif
"Sambutan Presiden pada Peresmian Bendungan Meninting, Bendungan Rukoh, Bendungan Keureuto, Bendungan Jlantah, dan Bendungan Sidan",https://www.setneg.go.id/baca/index/sambutan_presiden_pada_peresmian_bendungan_meninting_bendungan_rukoh_bendungan_keureuto_bendungan_jlantah_dan_bendungan_sidan,Kita mungkin satu-satunya negara yang memberi makan kepada Ibu-ibu hamil.,kita mungkin satu satunya negara yang memberi makan kepada ibu ibu hamil,mungkin satu satunya negara memberi makan ibu ibu hamil,-10,negatif
"Sambutan Presiden pada Peresmian Bendungan Meninting, Bendungan Rukoh, Bendungan Keureuto, Bendungan Jlantah, dan Bendungan Sidan",https://www.setneg.go.id/baca/index/sambutan_presiden_pada_peresmian_bendungan_meninting_bendungan_rukoh_bendungan_keureuto_bendungan_jlantah_dan_bendungan_sidan,"Coba dicek ada, enggak?",coba dicek ada enggak,coba dicek enggak,-1,negatif
"Sambutan Presiden pada Peresmian Bendungan Meninting, Bendungan Rukoh, Bendungan Keureuto, Bendungan Jlantah, dan Bendungan Sidan",https://www.setneg.go.id/baca/index/sambutan_presiden_pada_peresmian_bendungan_meninting_bendungan_rukoh_bendungan_keureuto_bendungan_jlantah_dan_bendungan_sidan,Kita… Apa?,kita apa,apa,-3,negatif
"Sambutan Presiden pada Peresmian Bendungan Meninting, Bendungan Rukoh, Bendungan Keureuto, Bendungan Jlantah, dan Bendungan Sidan",https://www.setneg.go.id/baca/index/sambutan_presiden_pada_peresmian_bendungan_meninting_bendungan_rukoh_bendungan_keureuto_bendungan_jlantah_dan_bendungan_sidan,Apa?,apa,apa,-3,negatif
"Sambutan Presiden pada Peresmian Bendungan Meninting, Bendungan Rukoh, Bendungan Keureuto, Bendungan Jlantah, dan Bendungan Sidan",https://www.setneg.go.id/baca/index/sambutan_presiden_pada_peresmian_bendungan_meninting_bendungan_rukoh_bendungan_keureuto_bendungan_jlantah_dan_bendungan_sidan,"Oh, ada yang belum sampai.",oh ada yang belum sampai,ada belum,-3,negatif
"Sambutan Presiden pada Peresmian Bendungan Meninting, Bendungan Rukoh, Bendungan Keureuto, Bendungan Jlantah, dan Bendungan Sidan",https://www.setneg.go.id/baca/index/sambutan_presiden_pada_peresmian_bendungan_meninting_bendungan_rukoh_bendungan_keureuto_bendungan_jlantah_dan_bendungan_sidan,"Iya, itu saya minta kesabaran, karena itu memang perjuangan kita.",iya itu saya minta kesabaran karena itu memang perjuangan kita,iya saya minta kesabaran itu memang perjuangan,-5,negatif
"Sambutan Presiden pada Peresmian Bendungan Meninting, Bendungan Rukoh, Bendungan Keureuto, Bendungan Jlantah, dan Bendungan Sidan",https://www.setneg.go.id/baca/index/sambutan_presiden_pada_peresmian_bendungan_meninting_bendungan_rukoh_bendungan_keureuto_bendungan_jlantah_dan_bendungan_sidan,"Mungkin baru sampai semua, saya berharap akhir tahun atau awal tahun depan.",mungkin baru sampai semua saya berharap akhir tahun atau awal tahun depan,mungkin baru semua berharap akhir tahun awal tahun depan,-9,negatif
"Sambutan Presiden pada Peresmian Bendungan Meninting, Bendungan Rukoh, Bendungan Keureuto, Bendungan Jlantah, dan Bendungan Sidan",https://www.setneg.go.id/baca/index/sambutan_presiden_pada_peresmian_bendungan_meninting_bendungan_rukoh_bendungan_keureuto_bendungan_jlantah_dan_bendungan_sidan,Negara kita besar sekali.,negara kita besar sekali,negara besar sekali,-3,negatif
"Sambutan Presiden pada Peresmian Bendungan Meninting, Bendungan Rukoh, Bendungan Keureuto, Bendungan Jlantah, dan Bendungan Sidan",https://www.setneg.go.id/baca/index/sambutan_presiden_pada_peresmian_bendungan_meninting_bendungan_rukoh_bendungan_keureuto_bendungan_jlantah_dan_bendungan_sidan,"Negara kita besar sekali, pasti ada desa-desa yang belum terima.",negara kita besar sekali pasti ada desa desa yang belum terima,negara besar sekali ada desa desa belum terima,-4,negatif
"Sambutan Presiden pada Peresmian Bendungan Meninting, Bendungan Rukoh, Bendungan Keureuto, Bendungan Jlantah, dan Bendungan Sidan",https://www.setneg.go.id/baca/index/sambutan_presiden_pada_peresmian_bendungan_meninting_bendungan_rukoh_bendungan_keureuto_bendungan_jlantah_dan_bendungan_sidan,"Saya paham itu, iya.",saya paham itu iya,paham iya,0,netral
"Sambutan Presiden pada Peresmian Bendungan Meninting, Bendungan Rukoh, Bendungan Keureuto, Bendungan Jlantah, dan Bendungan Sidan",https://www.setneg.go.id/baca/index/sambutan_presiden_pada_peresmian_bendungan_meninting_bendungan_rukoh_bendungan_keureuto_bendungan_jlantah_dan_bendungan_sidan,"Baik, saya kira cukup sekian.",baik saya kira cukup sekian,baik kira cukup sekian,-8,negatif
"Sambutan Presiden pada Peresmian Bendungan Meninting, Bendungan Rukoh, Bendungan Keureuto, Bendungan Jlantah, dan Bendungan Sidan",https://www.setneg.go.id/baca/index/sambutan_presiden_pada_peresmian_bendungan_meninting_bendungan_rukoh_bendungan_keureuto_bendungan_jlantah_dan_bendungan_sidan,Terima kasih perhatian Saudara.,terima kasih perhatian saudara,terima kasih perhatian saudara,5,positif
"Sambutan Presiden pada Peresmian Bendungan Meninting, Bendungan Rukoh, Bendungan Keureuto, Bendungan Jlantah, dan Bendungan Sidan",https://www.setneg.go.id/baca/index/sambutan_presiden_pada_peresmian_bendungan_meninting_bendungan_rukoh_bendungan_keureuto_bendungan_jlantah_dan_bendungan_sidan,"Bendungan-bendungan ini hanya simbol, kita perlu berjuang lebih keras lagi.",bendungan bendungan ini hanya simbol kita perlu berjuang lebih keras lagi,bendungan bendungan hanya simbol perlu berjuang lebih keras,0,netral
"Sambutan Presiden pada Peresmian Bendungan Meninting, Bendungan Rukoh, Bendungan Keureuto, Bendungan Jlantah, dan Bendungan Sidan",https://www.setneg.go.id/baca/index/sambutan_presiden_pada_peresmian_bendungan_meninting_bendungan_rukoh_bendungan_keureuto_bendungan_jlantah_dan_bendungan_sidan,"Kita perlu bendungan-bendungan lebih banyak, kita perlu bendungan-bendungan lebih besar.",kita perlu bendungan bendungan lebih banyak kita perlu bendungan bendungan lebih besar,perlu bendungan bendungan lebih banyak perlu bendungan bendungan lebih besar,1,positif
"Sambutan Presiden pada Peresmian Bendungan Meninting, Bendungan Rukoh, Bendungan Keureuto, Bendungan Jlantah, dan Bendungan Sidan",https://www.setneg.go.id/baca/index/sambutan_presiden_pada_peresmian_bendungan_meninting_bendungan_rukoh_bendungan_keureuto_bendungan_jlantah_dan_bendungan_sidan,Kita akan bangun nanti tenaga surya 100 Gigawatt.,kita akan bangun nanti tenaga surya gigawatt,akan bangun tenaga surya gigawatt,3,positif
"Sambutan Presiden pada Peresmian Bendungan Meninting, Bendungan Rukoh, Bendungan Keureuto, Bendungan Jlantah, dan Bendungan Sidan",https://www.setneg.go.id/baca/index/sambutan_presiden_pada_peresmian_bendungan_meninting_bendungan_rukoh_bendungan_keureuto_bendungan_jlantah_dan_bendungan_sidan,Kita akan melaksanakan pembangunan besar-besaran.,kita akan melaksanakan pembangunan besar besaran,akan melaksanakan pembangunan besar besaran,-5,negatif
"Sambutan Presiden pada Peresmian Bendungan Meninting, Bendungan Rukoh, Bendungan Keureuto, Bendungan Jlantah, dan Bendungan Sidan",https://www.setneg.go.id/baca/index/sambutan_presiden_pada_peresmian_bendungan_meninting_bendungan_rukoh_bendungan_keureuto_bendungan_jlantah_dan_bendungan_sidan,"Orang-orang nanti akan lihat Indonesia itu bagaimana, Indonesia yang bangkit itu bagaimana.",orang orang nanti akan lihat indonesia itu bagaimana indonesia yang bangkit itu bagaimana,orang orang akan lihat indonesia bagaimana indonesia bangkit bagaimana,-1,negatif
"Sambutan Presiden pada Peresmian Bendungan Meninting, Bendungan Rukoh, Bendungan Keureuto, Bendungan Jlantah, dan Bendungan Sidan",https://www.setneg.go.id/baca/index/sambutan_presiden_pada_peresmian_bendungan_meninting_bendungan_rukoh_bendungan_keureuto_bendungan_jlantah_dan_bendungan_sidan,Kita akan buktikan Indonesia akan bangkit menjadi negara yang hebat.,kita akan buktikan indonesia akan bangkit menjadi negara yang hebat,buktikan indonesia akan bangkit menjadi negara hebat,-4,negatif
"Sambutan Presiden pada Peresmian Bendungan Meninting, Bendungan Rukoh, Bendungan Keureuto, Bendungan Jlantah, dan Bendungan Sidan",https://www.setneg.go.id/baca/index/sambutan_presiden_pada_peresmian_bendungan_meninting_bendungan_rukoh_bendungan_keureuto_bendungan_jlantah_dan_bendungan_sidan,Terima kasih.,terima kasih,terima kasih,1,positif
"Sambutan Presiden pada Peresmian Bendungan Meninting, Bendungan Rukoh, Bendungan Keureuto, Bendungan Jlantah, dan Bendungan Sidan",https://www.setneg.go.id/baca/index/sambutan_presiden_pada_peresmian_bendungan_meninting_bendungan_rukoh_bendungan_keureuto_bendungan_jlantah_dan_bendungan_sidan,"Wassalamu’alaikum warahmatullahi wabarakatuh,Salam sejahtera bagi kita sekalian,Syalom,Om santi santi santi om.",wassalamu alaikum warahmatullahi wabarakatuh salam sejahtera bagi kita sekalian syalom om santi santi santi om,wassalamu alaikum warahmatullahi wabarakatuh salam sejahtera kita sekalian syalom om santi santi santi om,2,positif
"Sambutan Presiden pada Peresmian Bendungan Meninting, Bendungan Rukoh, Bendungan Keureuto, Bendungan Jlantah, dan Bendungan Sidan",https://www.setneg.go.id/baca/index/sambutan_presiden_pada_peresmian_bendungan_meninting_bendungan_rukoh_bendungan_keureuto_bendungan_jlantah_dan_bendungan_sidan,Terima kasih.,terima kasih,terima kasih,1,positif
"Sambutan Presiden pada Peresmian Bendungan Meninting, Bendungan Rukoh, Bendungan Keureuto, Bendungan Jlantah, dan Bendungan Sidan",https://www.setneg.go.id/baca/index/sambutan_presiden_pada_peresmian_bendungan_meninting_bendungan_rukoh_bendungan_keureuto_bendungan_jlantah_dan_bendungan_sidan,"Selesai.Merdeka!Terima kasih semua, Saudara-saudara sekalian.",selesai merdeka terima kasih semua saudara saudara sekalian,selesai merdeka terima kasih semua saudara saudara sekalian,-6,negatif
"Sambutan Presiden pada Peresmian Bendungan Meninting, Bendungan Rukoh, Bendungan Keureuto, Bendungan Jlantah, dan Bendungan Sidan",https://www.setneg.go.id/baca/index/sambutan_presiden_pada_peresmian_bendungan_meninting_bendungan_rukoh_bendungan_keureuto_bendungan_jlantah_dan_bendungan_sidan,"Bismillahirrahmanirrahim.Pada siang hari ini, Jumat, 10 Juli 2026, dengan rahmat Tuhan Yang Mahabesar, saya Prabowo Subianto, Presiden Republik Indonesia, dengan ini saya resmikan Bendungan Meninting Provinsi Nusa Tenggara Barat, Bendungan Rukoh dan Keureuto Provinsi Aceh, Bendungan Jlantah Provinsi Jawa Tengah, Bendungan Sidan Provinsi Bali.",bismillahirrahmanirrahim pada siang hari ini jumat juli dengan rahmat tuhan yang mahabesar saya prabowo subianto presiden republik indonesia dengan ini saya resmikan bendungan meninting provinsi nusa tenggara barat bendungan rukoh dan keureuto provinsi aceh bendungan jlantah provinsi jawa tengah bendungan sidan provinsi bali,bismillahirrahmanirrahim siang hari jumat juli rahmat tuhan mahabesar prabowo subianto presiden republik indonesia ini resmikan bendungan meninting provinsi nusa tenggara barat bendungan rukoh keureuto provinsi aceh bendungan jlantah provinsi jawa tengah bendungan sidan provinsi bali,7,positif
"Sambutan Presiden pada Peresmian Bendungan Meninting, Bendungan Rukoh, Bendungan Keureuto, Bendungan Jlantah, dan Bendungan Sidan",https://www.setneg.go.id/baca/index/sambutan_presiden_pada_peresmian_bendungan_meninting_bendungan_rukoh_bendungan_keureuto_bendungan_jlantah_dan_bendungan_sidan,"Kamis, 30 Juli 2026
Kamis, 30 Juli 2026
Rabu, 29 Juli 2026
Rabu, 22 Juli 2026
Senin, 20 Juli 2026",kamis juli kamis juli rabu juli rabu juli senin juli,kamis juli kamis juli rabu juli rabu juli senin juli,0,netral
Keterangan Pers Presiden RI pada Kunjungan ke Candi Prambanan dengan Perdana Menteri India,https://www.setneg.go.id/baca/index/keterangan_pers_presiden_ri_pada_kunjungan_ke_candi_prambanan_dengan_perdana_menteri_india,Bismillahirrahmanirrahim.,bismillahirrahmanirrahim,bismillahirrahmanirrahim,0,netral
Keterangan Pers Presiden RI pada Kunjungan ke Candi Prambanan dengan Perdana Menteri India,https://www.setneg.go.id/baca/index/keterangan_pers_presiden_ri_pada_kunjungan_ke_candi_prambanan_dengan_perdana_menteri_india,"Assalamualaikum warahmatullahi wabarakatuh,Salam sejahtera bagi kita sekalian,Syalom,Salve,Om swastiastu.Namo Buddhaya,Salam kebajikan,Rahayu-rahayu.",assalamualaikum warahmatullahi wabarakatuh salam sejahtera bagi kita sekalian syalom salve om swastiastu namo buddhaya salam kebajikan rahayu rahayu,assalamualaikum warahmatullahi wabarakatuh salam sejahtera kita sekalian syalom salve om swastiastu namo buddhaya salam kebajikan rahayu rahayu,3,positif
Keterangan Pers Presiden RI pada Kunjungan ke Candi Prambanan dengan Perdana Menteri India,https://www.setneg.go.id/baca/index/keterangan_pers_presiden_ri_pada_kunjungan_ke_candi_prambanan_dengan_perdana_menteri_india,"Your Excellency Prime Minister Narendra Modi and the India Delegation;All of the Indian Community in Indonesia;Members of the Indonesian Government, from the Provincial Government.",your excellency prime minister narendra modi and the india delegation all of the indian community in indonesia members of the indonesian government from the provincial government,your excellency prime minister narendra modi and the india delegation all of the indian community in indonesia members of the indonesian government from the provincial government,0,netral
Keterangan Pers Presiden RI pada Kunjungan ke Candi Prambanan dengan Perdana Menteri India,https://www.setneg.go.id/baca/index/keterangan_pers_presiden_ri_pada_kunjungan_ke_candi_prambanan_dengan_perdana_menteri_india,Namaskar.,namaskar,namaskar,0,netral
Keterangan Pers Presiden RI pada Kunjungan ke Candi Prambanan dengan Perdana Menteri India,https://www.setneg.go.id/baca/index/keterangan_pers_presiden_ri_pada_kunjungan_ke_candi_prambanan_dengan_perdana_menteri_india,"Hari ini, saya berkesempatan mendampingi Yang Mulia Perdana Menteri Republik India, Bapak Narendra Modi, mengunjungi Candi Prambanan, salah satu mahakarya peradaban dunia sekaligus warisan budaya yang menjadi kebanggaan tidak hanya bangsa Indonesia, tapi juga kebanggaan dunia.",hari ini saya berkesempatan mendampingi yang mulia perdana menteri republik india bapak narendra modi mengunjungi candi prambanan salah satu mahakarya peradaban dunia sekaligus warisan budaya yang menjadi kebanggaan tidak hanya bangsa indonesia tapi juga kebanggaan dunia,hari saya berkesempatan mendampingi mulia perdana menteri republik india bapak narendra modi mengunjungi candi prambanan salah satu mahakarya peradaban dunia sekaligus warisan budaya menjadi kebanggaan hanya bangsa indonesia juga kebanggaan dunia,-12,negatif
Keterangan Pers Presiden RI pada Kunjungan ke Candi Prambanan dengan Perdana Menteri India,https://www.setneg.go.id/baca/index/keterangan_pers_presiden_ri_pada_kunjungan_ke_candi_prambanan_dengan_perdana_menteri_india,Kunjungan ini memiliki makna yang sangat istimewa.,kunjungan ini memiliki makna yang sangat istimewa,kunjungan memiliki makna sangat istimewa,0,netral
Keterangan Pers Presiden RI pada Kunjungan ke Candi Prambanan dengan Perdana Menteri India,https://www.setneg.go.id/baca/index/keterangan_pers_presiden_ri_pada_kunjungan_ke_candi_prambanan_dengan_perdana_menteri_india,"Candi Prambanan bukan hanya simbol kejayaan sejarah dan kebudayaan Indonesia, tapi juga menjadi pengingat akan kuatnya hubungan peradaban yang telah terjalin antara Indonesia dan India selama lebih dari 1.000 tahun.",candi prambanan bukan hanya simbol kejayaan sejarah dan kebudayaan indonesia tapi juga menjadi pengingat akan kuatnya hubungan peradaban yang telah terjalin antara indonesia dan india selama lebih dari tahun,candi prambanan bukan simbol kejayaan sejarah kebudayaan indonesia juga menjadi pengingat kuatnya hubungan peradaban telah terjalin indonesia india selama lebih tahun,2,positif
Keterangan Pers Presiden RI pada Kunjungan ke Candi Prambanan dengan Perdana Menteri India,https://www.setneg.go.id/baca/index/keterangan_pers_presiden_ri_pada_kunjungan_ke_candi_prambanan_dengan_perdana_menteri_india,"Hubungan kedua bangsa tidak hanya dibangun melalui kerja sama politik, ekonomi, dan pertahanan, tapi juga berakar kuat pada nilai-nilai budaya, ilmu pengetahuan, dan saling menghormati antara sesama.",hubungan kedua bangsa tidak hanya dibangun melalui kerja sama politik ekonomi dan pertahanan tapi juga berakar kuat pada nilai nilai budaya ilmu pengetahuan dan saling menghormati antara sesama,hubungan kedua bangsa hanya dibangun melalui kerja sama politik ekonomi pertahanan juga berakar kuat nilai nilai budaya ilmu pengetahuan saling menghormati sesama,16,positif
Keterangan Pers Presiden RI pada Kunjungan ke Candi Prambanan dengan Perdana Menteri India,https://www.setneg.go.id/baca/index/keterangan_pers_presiden_ri_pada_kunjungan_ke_candi_prambanan_dengan_perdana_menteri_india,Jejak sejarah tersebut masih dapat kita lihat dan rasakan hingga hari ini.,jejak sejarah tersebut masih dapat kita lihat dan rasakan hingga hari ini,jejak sejarah tersebut dapat lihat rasakan hingga hari,1,positif
Keterangan Pers Presiden RI pada Kunjungan ke Candi Prambanan dengan Perdana Menteri India,https://www.setneg.go.id/baca/index/keterangan_pers_presiden_ri_pada_kunjungan_ke_candi_prambanan_dengan_perdana_menteri_india,Candi Prambanan bukan hanya bangunan sejarah.,candi prambanan bukan hanya bangunan sejarah,candi prambanan bukan bangunan sejarah,-3,negatif
Keterangan Pers Presiden RI pada Kunjungan ke Candi Prambanan dengan Perdana Menteri India,https://www.setneg.go.id/baca/index/keterangan_pers_presiden_ri_pada_kunjungan_ke_candi_prambanan_dengan_perdana_menteri_india,"Ia adalah simbol peradaban besar Nusantara yang menjunjung tinggi ilmu pengetahuan, seni, spiritualitas, dan kemanusiaan.",ia adalah simbol peradaban besar nusantara yang menjunjung tinggi ilmu pengetahuan seni spiritualitas dan kemanusiaan,adalah simbol peradaban besar nusantara menjunjung tinggi ilmu pengetahuan seni spiritualitas kemanusiaan,0,netral
Keterangan Pers Presiden RI pada Kunjungan ke Candi Prambanan dengan Perdana Menteri India,https://www.setneg.go.id/baca/index/keterangan_pers_presiden_ri_pada_kunjungan_ke_candi_prambanan_dengan_perdana_menteri_india,Candi Prambanan juga memiliki makna khusus bagi bangsa Indonesia dan bangsa India karena relief kisah Ramayana yang terukir di dinding-dindingnya menjadi saksi dari kedekatan peradaban kedua bangsa kita.,candi prambanan juga memiliki makna khusus bagi bangsa indonesia dan bangsa india karena relief kisah ramayana yang terukir di dinding dindingnya menjadi saksi dari kedekatan peradaban kedua bangsa kita,candi prambanan memiliki makna khusus bangsa indonesia bangsa india relief kisah ramayana terukir dinding dindingnya menjadi saksi kedekatan peradaban kedua bangsa,6,positif
Keterangan Pers Presiden RI pada Kunjungan ke Candi Prambanan dengan Perdana Menteri India,https://www.setneg.go.id/baca/index/keterangan_pers_presiden_ri_pada_kunjungan_ke_candi_prambanan_dengan_perdana_menteri_india,Saya berharap kunjungan ini akan semakin mempererat persahabatan antara rakyat Indonesia dan rakyat India.,saya berharap kunjungan ini akan semakin mempererat persahabatan antara rakyat indonesia dan rakyat india,berharap kunjungan akan semakin mempererat persahabatan rakyat indonesia rakyat india,3,positif
Keterangan Pers Presiden RI pada Kunjungan ke Candi Prambanan dengan Perdana Menteri India,https://www.setneg.go.id/baca/index/keterangan_pers_presiden_ri_pada_kunjungan_ke_candi_prambanan_dengan_perdana_menteri_india,"Budaya adalah jembatan yang mampu menyatukan bangsa-bangsa, memperkuat saling pengertian, serta membangun kepercayaan untuk menghadapi masa depan bersama.",budaya adalah jembatan yang mampu menyatukan bangsa bangsa memperkuat saling pengertian serta membangun kepercayaan untuk menghadapi masa depan bersama,budaya jembatan mampu menyatukan bangsa bangsa memperkuat saling pengertian membangun kepercayaan menghadapi masa depan bersama,-5,negatif
Keterangan Pers Presiden RI pada Kunjungan ke Candi Prambanan dengan Perdana Menteri India,https://www.setneg.go.id/baca/index/keterangan_pers_presiden_ri_pada_kunjungan_ke_candi_prambanan_dengan_perdana_menteri_india,"Pada kesempatan yang berbahagia ini, saya menyambut baik kesepakatan konservasi dan restorasi Kompleks Candi Prambanan antara Pemerintah Republik Indonesia dan Pemerintah Republik India.",pada kesempatan yang berbahagia ini saya menyambut baik kesepakatan konservasi dan restorasi kompleks candi prambanan antara pemerintah republik indonesia dan pemerintah republik india,kesempatan berbahagia saya menyambut baik kesepakatan konservasi restorasi kompleks candi prambanan pemerintah republik indonesia pemerintah republik india,-9,negatif
Keterangan Pers Presiden RI pada Kunjungan ke Candi Prambanan dengan Perdana Menteri India,https://www.setneg.go.id/baca/index/keterangan_pers_presiden_ri_pada_kunjungan_ke_candi_prambanan_dengan_perdana_menteri_india,"Atas nama pemerintah dan rakyat Indonesia, saya ucapkan terima kasih yang setinggi-tingginya kepada Perdana Menteri Narendra Modi atas kunjungan kenegaraannya di Indonesia kali ini selama tiga hari.",atas nama pemerintah dan rakyat indonesia saya ucapkan terima kasih yang setinggi tingginya kepada perdana menteri narendra modi atas kunjungan kenegaraannya di indonesia kali ini selama tiga hari,atas nama pemerintah rakyat indonesia ucapkan terima kasih setinggi tingginya perdana menteri narendra modi atas kunjungan kenegaraannya indonesia kali selama tiga hari,-7,negatif
Keterangan Pers Presiden RI pada Kunjungan ke Candi Prambanan dengan Perdana Menteri India,https://www.setneg.go.id/baca/index/keterangan_pers_presiden_ri_pada_kunjungan_ke_candi_prambanan_dengan_perdana_menteri_india,"Semoga persahabatan Indonesia dan India semakin kokoh, semakin erat, dan terus menghasilkan kerja sama yang nyata, serta saling menguntungkan bagi kedua negara dan kedua rakyat kita.",semoga persahabatan indonesia dan india semakin kokoh semakin erat dan terus menghasilkan kerja sama yang nyata serta saling menguntungkan bagi kedua negara dan kedua rakyat kita,semoga persahabatan indonesia india semakin kokoh semakin erat terus menghasilkan kerja sama nyata saling menguntungkan kedua negara kedua rakyat,7,positif
Keterangan Pers Presiden RI pada Kunjungan ke Candi Prambanan dengan Perdana Menteri India,https://www.setneg.go.id/baca/index/keterangan_pers_presiden_ri_pada_kunjungan_ke_candi_prambanan_dengan_perdana_menteri_india,Terima kasih.Dhanyavaad.,terima kasih dhanyavaad,terima kasih dhanyavaad,1,positif
Keterangan Pers Presiden RI pada Kunjungan ke Candi Prambanan dengan Perdana Menteri India,https://www.setneg.go.id/baca/index/keterangan_pers_presiden_ri_pada_kunjungan_ke_candi_prambanan_dengan_perdana_menteri_india,"Kamis, 30 Juli 2026
Kamis, 30 Juli 2026
Rabu, 29 Juli 2026
Rabu, 22 Juli 2026
Senin, 20 Juli 2026",kamis juli kamis juli rabu juli rabu juli senin juli,kamis juli kamis juli rabu juli rabu juli senin juli,0,netral
