title,url,content
Sambutan Presiden pada Akad Massal 62.000 Unit KPR Rumah Subsidi dan KUR Perumahan Sebesar Rp880 Miliar,https://www.setneg.go.id/baca/index/sambutan_presiden_pada_akad_massal_62000_unit_kpr_rumah_subsidi_dan_kur_perumahan_sebesar_rp880_miliar,"Bismillahirrahmanirrahim.
Assalamu’alaikum warahmatullahi wabarakatuh,Selamat siang,Salam sejahtera bagi kita sekalian,Syalom,Salve,Om swastiastu,Namo Buddhaya,Salam kebajikan,Rahayu rahayu.
Yang saya hormati Menteri Perumahan dan Kawasan Permukiman Saudara Maruarar Sirait, beserta seluruh jajaran Kementerian Perumahan dan Kawasan Permukiman yang hadir;Ketua Dewan Perwakilan Daerah Republik Indonesia Saudara Sultan Bachtiar Najamudin. Para Menteri Koordinator, para Menteri, Jaksa Agung, Panglima TNI. Saya ulangi, ya, Jaksa Agung, Kapolri. Selalu berdekatan, baru Panglima TNI;Kepala Badan dan para Wakil Menteri, serta seluruh anggota Kabinet Merah Putih yang hadir, yang daftarnya terlampir. Di sini ada 40 nama, tapi sebagian sudah disebut tadi. Perlu disebut lagi? Enggak apa-apa ya, tidak mengurangi rasa hormat ya.
Tapi ada, di sini ada, apa, yang saya sebut, saya kira tadi. Menteri Perumahan, salah tadi bukan, ini, apa, Ibu Destry sekarang adalah pejabat, Pejabat Gubernur Sementara, PGS, ya, singkatannya, Pejabat Gubernur Sementara. Jadi pejabat. Kayaknya,gimana? Oke. Terserah DPR nanti, ya, kira-kira.
Jadi saya tidak sebut, ya, Menteri-menteri. Ini Menteri-menteri ini jago-jago semua ini, Menteri-Menteri saya, Menko-Menko saya semua, ya. Kepala Badan, Wakil Menterinya juga jagoan semua, ya. Tadi Menteri UMKM juga kumisnya gagah sekali, kok, itu, dari Kerala keturunannya. Dia senang, Perdana Menteri Modi datang dia senang sekali itu. Saya kira kau keturunan Gujarat, ternyata bukan. Kerala, Kerala.
Para Kepala Daerah yang hadir, Gubernur Jawa Tengah Komisaris Jenderal Polisi (Purn.) Ahmad Luthfi beserta Forkopimda Jawa Tengah, ya. Panglima, Kapolda, Kepala Kejaksaan, Kajati. Terima kasih kehadiran. Nah, itu benar itu, Kapolda dan Jaksa duduk dekat-dekatan. Jadi, apa, jadi enak gitu, ya, sejuk. Semua senang, kok.
Gubernur Jawa Barat yang saya hormati Saudara KDM, Saudara Dedi Mulyadi. Sepatunya harus putih juga itu. Tali sepatu warnanya apa itu? Merah? Talinya apa? Cokelat;Yang saya hormati Gubernur Jawa Timur Saudari Khofifah Indar Parawansa.Para Bupati dan Wali Kota yang hadir semuanya ada 18, jadi enggak terlalu banyak. Perlu saya sebut satu-satu? Perlu? Perlu, ya? Kasihan mereka sudah datang jauh-jauh.
Bupati Batang Saudara Faiz Kurniawan; Bupati Banjarnegara Saudari Amalia Desiana; Bupati Brebes Saudara Paramitha Widya Kusuma; Bupati Karanganyar Saudara Rober Christanto. Karanganyar, oh, enggak hadir. Coba dicatat. Bupati Kendal Saudara Dyah Kartika Permanasari; Bupati Klaten Saudara Hamenang Wajar Ismoyo. Terima kasih. Bupati Purbalingga Saudara Fahmi Muhammad Hanif; Bupati Rembang Saudara Harno. Terima kasih. Bupati Semarang Saudara Ngesti Nugraha; Bupati Sragen Saudara Sigit Pamungkas.
Wali Kota Tegal Saudara Dedy Yon Supriyono; Wali Kota Pekalongan Saudara Achmad Afzan Arslan Djunaid; Wali Kota Salatiga Saudara Robby Hernawan. Wakil Bupati Tegal Saudara Ahmad Kholid; Wakil Bupati Grobogan Saudara Sugeng Prasetyo; Wakil Bupati Brebes Saudara Wurja. Plt Bupati Pati Saudara Risma Ardhi Chandra; Plt Bupati Pekalongan Saudara Sukirman. Terima kasih.
Saudara-saudara sekalian para Dirut Bank, Dirut Utama Himpunan Bank Milik Negara yang hadir semuanya, ya. Bank BNI, Bank BRI, BTN, BSI, Mandiri, dan Bank Daerah;Saudara-saudara sekalian, Komisioner Badan Pengelola Tabungan Perumahan Rakyat Saudara Heru Nugroho, Pimpinan Perusahaan Swasta dan para Pimpinan Asosiasi Pengembang Perumahan, Ketua Umum DPP REI Saudara Joko Suranto, Ketua Umum APERSI Saudara Dedi Indra Setiawan, Saudara HIMPERRA Saudara Ari Tri Priyono; Ketum ASPRUMNAS Saudara Syawali Pratna, Ketum APERNAS Saudara Zulfakar;Saudara-saudara sekalian para peserta akad massal dan penerima kunci yang hadir melaluivideo conferencedi seluruh Indonesia yang saya hormat;Hadir juga Ibu-ibu Permodalan Nasional Madani Mekaar, serta seluruh hadirin undangan dan rekan-rekan pers yang hadir. Pers, kok, agak banyak hari ini? Menunggu, menunggu berita.
Pertama-tama, sebagai insan yang bertakwa, marilah kita tidak henti-hentinya memanjatkan puji syukur ke hadirat Tuhan Mahabesar, Mahakuasa, atas segala karunia, kebaikan, berkah, dan kedamaian yang masih diberikan kepada kita. Atas kesehatan dan napas yang masih diberikan kepada kita, sehingga kita bisa hadir di acara Akad Massal 62.000 Unit KPR Rumah Bersubsidi yang digelar secara serentak di 165 titik, tersebar di 372 Kabupaten/Kota di 36 provinsi seluruh Indonesia. Adalah kehormatan dan kebahagiaan bagi saya untuk hadir dalam acara ini. Saya terutama bangga dan bahagia bahwa kita sebagai pemerintah dapat memberi kebahagiaan kepada 22.000 keluarga warga negara kita.
Saudara-saudara,Kita menghendaki seluruh warga Indonesia bisa punya rumah yang layak. Untuk itu, kita bekerja keras dengan berbagai program, dan kita terus merencanakan dan memikirkan cara-cara terbaik untuk melipatgandakan jumlah rumah yang bisa dinikmati oleh rakyat kita. Prestasi yang sudah kita capai sungguh signifikan, tapi kita menyadari bahwa masih lebih banyak lagi yang diperlukan oleh rakyat kita.
Kita sekarang sedang, selain semua program yang sudah dilaksanakan oleh Kementerian Perumahan dan Saudara-saudara sekalian, semua dari pengembang dibantu oleh bank-bank tertentu, dibantu juga oleh swasta nasional seperti Pak James Riady dengan kelompoknya ya, ini yang kita maksud dengan IndonesiaIncorporated, yang besar membantu yang kecil, yang kecil bekerja keras untuk produktif, kita sadar bahwa apa yang sudah kita capai adalah cukup membanggakan, tapi kita sadar juga bahwa kebutuhannya masih sangat-sangat banyak. Dan, kita sedang merencanakan, kita sedang mempelajari cara-cara yang lebih inovatif. Kita akan belajar dari pengalaman beberapa negara, ya. Kita, kalau bangsa kita mau bangkit, mau transformasi, kita tidak boleh malu untuk belajar dari siapa pun.
Saya tertarik ada pengalaman, sebagai contoh pengalaman bangsa India. Mereka mampu membuat rumah, 40 juta rumah dalam 12 tahun. Jadi, kira-kira tiga juta rumah setahun. Ini saya sedang pelajari bagaimana caranya. Ada teknik-teknik tertentu, dan ini bisa kita coba. Bisa kita coba cara-cara klasik, yang sudah benar kita teruskan. Tapi kita harus, menurut saya, bangsa Indonesia saya percaya dengan keberanian, keberanian berpikir, keberanian belajar dari orang lain, keberanian mengambil resiko, keberanian berbuat, keberanian mencari inovasi dan terobosan, mungkin kita bisa dapat hal-hal yang baik.
Jadi, selamat hari ini. Terima kasih semuanya yang bekerja keras. Terima kasih Bank Indonesia juga mendukung, ya, semua Bank Himbara sekarang bersama Bank Indonesia, bersama semua unsur. Kita ini harus jadi satu, satu tim, satu kesebelasan. Kuncinya adalah kerja sama. Kita sekarang semuanya, semua adalah anak-anak Indonesia. Kita semuanya dalam satu, dalam satu keluarga besar, dalam satu kapal, kapal besar yang namanya NKRI, dengan kerja sama, dengan saling percaya, dengan saling mendukung, dengan saling mengisi, dengan saling memperkuat, kita akan mencapai hal-hal yang besar.
Jadi, Saudara-saudara, kita mengerti bahwa masalah perumahan adalah masalah yang sangat, sangat vital, sangat krusial, rakyat perlu perlindungan dari alam yang baik. Dan, saya percaya bahwa kita akan lebih, lebih deras, lebih cepat, dan lebih masif. Bangsa kita adalah bangsa yang besar. Jumlah penduduk kita besar. Masalah-masalah yang kita hadapi adalah besar, kesulitan yang kita hadapi kesulitan besar, rintangan yang kita hadapi adalah rintangan yang besar, bukan rintangan kecil. Kita paham itu. Tapi, kita juga harus punya tekad yang besar, semangat yang besar, keberanian yang besar, kehendak belajar. Jangan takut untuk belajar, jangan takut untuk bertanya, jangan takut bahkan untuk minta nasihat. Saya kirim tim-tim ke mana-mana. Saya kirim tim ke Tiongkok, tim ke India, tim ke Mesir untuk lihat, untuk catat, untuk belajar. Kita ambil yang terbaik dari bangsa-bangsa lain, ya. Jadi itu, di bidang perumahan juga demikian. Kita cari teknik-teknik terbaik dan kita mengundang mitra-mitra terbaik.
Saudara-saudara,Saya tidak mau banyak janji. Tapi kita lihat dalam perkembangan yang akan datang, rencana-rencana kita akan terus, bagi kita, kita akan bekerja dengan sangat cepat untuk segera bisa memberi hasil nyata kepada rakyat, menggerakkan ekonomi kita, ya. Saya kira itu sudah jelas. Kita sudah buktikan dalam hampir dua tahun ini kita di jalan yang benar, hasilnya sudah nyata. Krisis dunia, krisis dunia bukan krisis yang ringan. Krisis dunia nyata, perang itu sangat berbahaya dan dahsyat. Untuk itu, kita harus, harus harus kompak. Kita bersyukur dengan semua yang kita punya. Untuk itu, kita harus lebih, lebih efisien. Kita harus lebih hemat, kita harus lebih teliti, kita harus tekan semua kebocoran. Kita harus tekan semua kebocoran, karena dunia dalam keadaan yang sangat-sangat tidak menentu. Perang di Timur Tengah akan, kita harus siap mental bahwa akan panjang, akan meluas, akan tambah buruk. Kita bersyukur potensi kita sangat besar. Kita akan menghadapi kesulitan tapi kita banyak jalan keluar, ya, sumber daya kita sangat besar, tinggal bagaimana kita kelola dengan baik.
Jadi, Saudara-saudara, hari ini kita bersyukur. Saya ucapkan selamat, saya ucapkan penghargaan kepada semuanya yang telah bekerja keras. Dan, saya yakin arah kita benar, arah kita kuat, kokoh, fundamental kita kuat dan kokoh. Saya senang kalau saya diundang ke daerah-daerah. Hari ini saya rasakan di Batang, berapa saat yang lalu saya di Jawa Barat, di Jawa Timur, di mana-mana, dari Gorontalo, dari mana-mana saya merasakan hangatnya rakyat, Saudara-saudara.
Walaupun sekali lagi saya mohon, para Gubernur, Bupati, ya, kalau saya datang tidak perlu untuk dikerahkan rakyat supaya menyambut saya, sebetulnya, ya. Saya senang ketemu rakyat, kalau memang dia ingin menyambut saya, juga saya…. Tapi kalau dikerahkan, saya kasihan dianungguberjam-jam di panas itu, saya yang kasihan. Santai-santai saja, santai-santai saja, ya. Yang penting kita bekerja untuk rakyat, itu yang penting. Saya yakin rakyat tahu pemerintah yang ini sekarang bekerja sungguh-sungguh untuk rakyat Indonesia, bekerja sungguh-sungguh untuk rakyat Indonesia. Kita tidak ada kepentingan lain, ya, tidak ada kepentingan lain. Dan, dengan demikian, hasil yang kita capai sungguh membanggakan, sungguh membanggakan di tengah dunia yang penuh dengan bahaya.
Saya kira itu dari saya, Saudara-saudara. Tadi sudah banyak oleh Pak Ara, sangat detail, ya. Benar, enggak? Tidak perlu diulang-ulangi. Hari ini saya kira, media, ya, biar diliput semua, semua baik, semua, semua senyum, ya. Jaksa Agung, Kapolri duduk baik. Kapolda sama Kajari juga rukun, baik, semuanya baik. Dan, hari ini enggak ada, enggak ada apa, enggak ada ucapan-ucapan dari saya yang terlalu. Enggak, enggak, enggak, bercanda saja, bercanda. Boleh bercanda, enggak? Nanti dilarang bercanda kita. Apa ada larangan bercanda? Saya enggak tahu. Boleh? Enggak, presiden, kan, harus serius.
Saudara-saudara sekalian,Saya ucapkan selamat kepada Menteri Perumahan dan semua jajarannya.Wassalamu’alaikum warahmatullahi wabarakatuh.Tapi, terima kasih, Pak Ara.
Nanti ada rapat khusus, ya, gubernur semua, bupati, saya akan kumpulkan di Jakarta. Saya tidak tahu persisnya kapan. Khusus bicara tentang Indonesia ASRI. ASRI (Aman, Sehat, Resik, dan Indah), ya. Karena ini sangat penting, terus terang saja.
Kita mau transformasi bangsa, berarti kita perlu banyak industri hilirisasi, banyak, banyak pabrik, banyak terobosan,processing. Kita butuh keamanan makan, ketahanan makan, swasembada pangan sudah kita capai, harus kita amankan. Dunia penuh ketidakpastian, kita harus amankan itu. Kita harus amankan energi, kita harus amankan semua itu. Tapi, kita harus jaga lingkungan hidup kita. Kita harus jaga perubahan cuaca tidak jelas, pemanasan global. Artinya, kita sebagai manusia harus inisiatif, kita harus jaga. Berarti sampah harus kita kendalikan daninsyaallahdalam satu tahun ini, dua tahun ini, kita akan bikin perubahan drastis. Kita akan kendalikan sampah di akhir, di akhir 2027 masalah sampah di Indonesia saya minta sudah selesai, Saudara-saudara sekalian. Tidak ada lagi gunung sampah. Ini akan kita capai, akan kita capai.
Tapi, selain kebersihan, kita juga perlu hidup dalam alam yang indah estetikanya, karena ini adalah salah satu upaya daya tarik untuk pariwisata. Pariwisata adalah pencipta lapangan kerja yang sangat besar, Saudara-saudara. Tapi wisatawan tidak akan mau datang ke kota yang jorok, dia tidak akan datang ke pantai penuh plastik dan sampah, dia tidak mau datang melihat sungai-sungai dan kali-kali yang penuh dengan sampah. Selain tidak sehat untuk kita, tidak bagus untuk harga diri kita. Kita harus bertekad membersihkan semua kota kita, membersihkan semua kali kita, membersihkan semua sungai kita.
Gubernur yang hebat, bupati yang hebat, wali kota yang hebat, pangdam yang hebat, kapolda yang hebat, danrem, dandim, kapolres, kapolsek, mereka yang harus tiap hari, tiap hari mengecek, mengecek sungai, mengecek kali. Itu baru kau pemimpin yang hebat. Anda punya sarana, saya tidak minta lima jam Anda ke situ. Minimal tiap hariyouperiksa, satu jam sehariyoukeliling. Jadi pemimpin di depan, pemimpin bersama rakyat. Lihat. Kalau ada rumah yang tidak dirawat, tegur yang puya. Lihat di depan rumahnya jorok, tegur. Toko yang tidak mau jaga kebersihan, tegur. Berkali-kali ditegur enggak mau, ya sudah, panggil tim gabungan. Tim gabungan, Kejaksaan sama Polri gabung. Jangan hari ini polisi, besok jaksa. Enggak, ini saya serius, ya.
Sampah adalah kehormatan bangsa. Tidak boleh bangsa Indonesia jorok, tidak boleh ada kota di Indonesia yang jorok. Ini tantangan kita semua, tantangan kita semua. Tapi saya kira, kalau tiap ketua RT, tiap ketua RW cerewet, tiap ketua koperasi, tiap ketua masjid, tiap ketua kelompok masyarakat, kalau semua saling ingatkan, dirut-dirut BUMN, anak buah ribu, anak buahmu ribuan, perintahkan. Pagi-pagi, satu jam tiap pagi membersihkan lingkungan, ya. ASN di semua Pemda keluar, satu jam atau dua jam tiap pagi bersihkan. Nanti kita kasih insentif, ya.
Ada Menteri Ekon di sini? Nanti ada, ya. Menteri, Mensesneg koordinasi nanti sama Menteri Keuangan, ya. Kita bikin lomba kota terbersih, kota terbersih satu, dua, tiga, empat, lima. Perlu enggak kota terjorok? Yang penting kota terbersih. Kita kasih nanti insentif, ya. Kota terbersih malah kita kasih, kalau bisa Rp20 miliar. Lima kota terbersih, Rp20 miliar. Lima kota yang di bawahnya, Rp10 miliar, dan sebagainya, ya.
Lebih baik dikasih itu, kan, daripada kita kasih piala? Atau piala juga? Piala juga, yang mentah juga, ya. Enggak, ini benar. Pasti uang itu dipakai untuk yang baik. Iya, kan? Dia akan cari truk, dia ekskavator, dan sebagainya. Tapi ekskavator yang ada, coba di, Panglima TNI, ya, cek di Pindad ada ekskavator berapa, bagikan ke kabupaten-kabupaten semua itu sudah, bagikan semuanya, ya. Ekskavator,dump truck, semua. Kita dukung Saudara, karena ini adalah kampanye nasional yang sangat penting, Saudara-saudara.
Hilirisasi [dan] pangan iya, semua di ujungnya lingkungan kita. Bangsa kita harus bersih, bangsa kita harus indah, bangsa kita harus dijaga kelestariannya. Kalau pohon sudah banyak berkurang, kita tanam ratusan juta pohon. Menteri Pertanian saya minta, ya, Menteri Kehutanan, bikinnursery-nursery. Saya butuh benih-benih pohon yang bagus untuk semua kota dan kabupaten kita.
Saya kira itu tambahan. Jadi perumahan, perumahan dan pemukiman, kan, pemukiman. Jadi rumah, tapi lingkungannya harus asri, harus bersih, harus indah, ya. Panglima-panglima, Jenderal-jenderal jangan jadi jenderal salon. Maunya bersih. Sekali-sekali jenderal sepatunya harus kotor, kalau perlu celananya harus kotor sampai ke dengkul. Tapi, jangan kalau menghadap presiden dikotori sepatunya. Itu ilmu dulu.
Baik, ada pertanyaan? Tidak ada? Ada yang stres, ada yang stres. Baik, saya batasi, pertanyaan hanya 15 pertanyaan. Enggak ada yang bertanya? Kali ini benar, ya.
Wassalamu’alaikum warahmatullahi wabarakatuh.
Dengan mengucapbismillahirrahmanirrahim, pada siang hari ini, Kamis, 30 Juli 2026, saya Prabowo Subianto, Presiden Republik Indonesia, secara resmi menyatakan Akad Massal 62.000 Unit KPR dimulai.
Kamis, 30 Juli 2026
Kamis, 30 Juli 2026
Rabu, 29 Juli 2026
Rabu, 22 Juli 2026
Senin, 20 Juli 2026"
Sambutan Presiden pada Peresmian Revitalisasi Stasiun Semarang Tawang,https://www.setneg.go.id/baca/index/sambutan_presiden_pada_peresmian_revitalisasi_stasiun_semarang_tawang,"Bismillahirrahmanirrahim.
Assalamu’alaikum warahmatullahi wabarakatuh,Selamat siang,Salam sejahtera bagi kita sekalian,Syalom,Salve,Om swastiastu,Namo Buddhaya,Salam kebajikan.
Yang saya hormati Direktur Utama PT Kereta Api Indonesia (KAI) sebagai penyelenggara Saudara Bobby Rasyidin;Para Menteri Anggota Kabinet Merah Putih yang hadir: Menteri Perhubungan Saudara Dudy Purwagandhi, Menteri Kebudayaan Saudara Fadli Zon, Menteri Energi dan Sumber Daya Mineral Saudara Bahlil Lahadalia, Menteri Luar Negeri Saudara Sugiono, Menteri Sekretaris Negara Saudara Prasetyo Hadi, Menteri Agraria dan Tata Ruang Saudara Nusron Wahid, Sekretaris Kabinet Republik Indonesia Letkol Infanteri Teddy Indra Wijaya, Gubernur Jawa Tengah Komisaris Jenderal Polisi (Purn.) Ahmad Luthfi, beserta Forkopimda Jawa Tengah: hadir Panglima Kodam, hadir Kapolda, hadir pejabat-pejabat Forkopimda yang lain, Wali Kota Semarang Saudari Agustina Wilujeng Pramestuti;Yang saya hormati pegawai Kereta Api Indonesia: para petugas stasiun, masinis, dan seluruh staf pegawai KAI di mana pun engkau bertugas;Para tamu undangan, serta rekan-rekan pers media yang hadir.Tentunya kita sebagai insan yang bertakwa tidak henti-hentinya memanjatkan puji syukur ke hadirat Tuhan Mahakuasa, Tuhan Mahabesar, bagi umat Islam Allahsubhanahu wa ta’ala, atas segala karunia dan berkah diberikan kepada negara kita, atas kesehatan, napas yang masih diberikan kepada kita. Sehingga pada hari ini kita dapat berkumpul di sini, di tempat yang sarat nilai sejarah, untuk melaksanakan Peresmian Revitalisasi Stasiun Semarang Tawang.
Saudara-saudara,Sejarah mencatat bahwa Presiden Republik Indonesia yang pertama menggunakan stasiun ini untuk berangkat ke daerah-daerah lain, untuk menjalankan tugas negara di awal kemerdekaan. Karena itu, menjaga, melestarikan stasiun Tawang ini tidak hanya menjaga dan melestarikan satu bangunan, tapi juga menjaga identitas dan menjaga memori dan perjalanan sejarah kita.
Saudara-saudara,Bangsa yang besar tidak boleh merupakan sejarahnya, dan kita memang mengalami masa penjajahan yang lama. Tapi kita juga manfaatkan masa itu untuk belajar. Belajar teknologi, belajar sains, untuk kita mengejar kemajuan dan semua yang diperlukan, untuk menjadi bangsa yang kuat dan bangsa yang merdeka. Karena itu, penting juga kita untuk melestarikan semua yang kita miliki, walaupun itu dari zaman dahulu. Kita harus melestarikan kuil-kuil, kita harus melestarikan semua bangunan-bangunan ribuan tahun, ratusan tahun yang lalu. Itu bagian dari sejarah kita, bagian dari identitas kita.
Saudara-saudara,Saya ucapkan terima kasih kepada Direktur Utama Kereta Api Indonesia yang mengambil langkah-langkah cepat, tanggap.
Saudara-saudara,Kereta api menurut pendapat saya terus memainkan peran yang signifikan dalam kehidupan bangsa yang modern. Kereta api adalah instrumen logistik yang ekonomis. Kereta api memberi manfaat kepada rakyat banyak, terutama rakyat yang berpenghasilan rendah. Kereta api adalah instrumen ekonomi rakyat. Kereta api adalah instrumen sesungguhnya daripada demokratisasi ekonomi. Kereta api harus melayani rakyat, sehingga di banyak negara kereta api itu dianggappublic service, tidak semata-mata mengejar keuntungan, tetapi harus efisien. Sehingga, nanti ada kereta api yang diarahkan untuk membantu rakyat yang berpenghasilan rendah, sehingga kereta api juga harus melayani kota-kota kecil. Kadang-kadang dilema, ingin kereta api cepat, akhirnya kota-kota kecil tidak terlayani.
Kereta Api Indonesia harus benar-benar berpikir utuh, komprehensif, ya. Kita mengejar modernisasi, kita mengejar teknologi. Tapi ingat, teknologi, semua sarana adalah untuk melayani rakyat. Nah, ini saya titip pesan benar-benar sama Kereta Api Indonesia. Kita harus investasi lebih banyak di bidang kereta api. Ya, semua lintasan-lintasan kereta api, saya dengar masih ada ribuan, harus dibikin pintu-pintu yang baik, pintu-pintu yang otomatis mungkin, ya, sehingga tidak terjadi kecelakaan di mana-mana.
Jadi, Saudara-saudara, saya juga ingatkan bahwa untuk menggerakkan ekonomi untuk seluruh rakyat kita, pariwisata itu sangat penting. Pariwisata itu menghasilkan devisa. Pariwisata menggerakan ekonomi. Satu wisatawan asing datang ke negara kita, minum secangkir kopi, petani kopi hidup. Mereka yang terlibat dalam mengolah kopi, hidup. Mereka yang terlibat dalam logistik mengambil kopi dari kebun, ke kota, ke pabrik. Mereka yang membungkus kopi dan akhirnya mereka yang menjual kopi di restoran, di kafe, di hotel. Mata rantainya banyak. Satu wisatawan mungkin bisa menghidupkan 10-15 rakyat kita.
Tapi, apa yang menarik wisatawan ke negara kita? Yang menarik adalah budaya kita, yang menarik adalah keindahan di negeri kita, yang menarik adalah suasana di negeri kita. Jadi, pariwisata syaratnya antara lain adalah setiap kota, setiap kabupaten, setiap kecamatan, apalagi ibu kota provinsi, ibu kota kabupaten, ibu kota kecamatan, harus bersih. Makanya, sampah menjadi prioritas kita. Dalam waktu satu tahun ini kita harus selesaikan masalah sampah, di seluruh Indonesia. Semua sungai harus bersih. Semua kali harus bersih. Alam harus dijaga. Pohon tidak boleh ditebang sembarangan, kalau perlu kita tanam ratusan juta pohon baru. Estetika, keindahan harus kita pertahankan.
Aslinya bangsa Indonesia tidak pakai seng, kalau perlu kita kembali pakai ijuk, kembali pakai rumbai. Kalau tidak, kita harus cari. Rakyat kita dari dulu bisa bikin genting, kok. Genting bukan teknologi baru, rakyat kita dari dulu pakai genting. Seng ini cepat berkarat. Karat ini tidak baik untuk kesehatan. Begitu banyak nanti penyakit paru-paru tanpa kita sadari. Orang-orang muda sudah kena kanker paru-paru, padahal dia enggak merokok. Dari mana? Ya, dari karat, dari asbes, dari macam-macam, kimiawi. Jadi, saya anjurkan gubernur, bupati, wali kota, ya, semua instansi di bidang masing-masing. Lestarikan alam, jaga kebersihan.
Karena itu, usaha KAI untuk revitalisasi ratusan stasiun-stasiun sangat penting. Jangan dianggap sepele. Ini bisa jadi daya tarik. Wisatawan ada yang datang untuk sejarah. Mereka ke Jawa Tengah untuk Borobudur, ke Jogja untuk Prambanan.
Ya, jadi saya sangat gembira. Lestarikan semua stasiun, ini juga bagian dari pelestarian sejarah. Tapi lebih penting, ini bagian daripada usaha kita sebagai bangsa untuk di semua bidang kita lakukan transformasi. Kita ubah kesan. Indonesia memang harus lestari, harus indah, harus asri, ya. Tidak boleh ada sampah yang liar, tidak boleh ada gedung yang tidak terawat, tidak boleh ada karat di mana-mana. Kita harus ubah dan kita bisa ubah. Kita ciptakan Indonesia yang cemerlang, yangbeautiful, yang indah. Kita ciptakan Indonesia yang menarik, Saudara-saudara sekalian, nyaman. Keramahan bangsa kita, kita dukung dengan keramahan alam kita.
Kereta api adalah bagian penting dalam pariwisata, transportasi masa depan. Kita ingin semua berbasis listrik. Kita akan bangun energi yang hijau, energi yang terbarukan. Jangankan kereta api, nanti hampir semua kendaraan kita nanti dari listrik: truk kita, bus kita, mobil kita, motor kita.
Saudara-saudara,Itu yang saya sampaikan. Terima kasih, Kereta Api Indonesia, teruskan. Dan, hari ini saya akan mencoba kereta api baru yang diluncurkan oleh KAI untuk mendukung menopang pariwisata, yang diberi nama Nusantara Explorer.
Saya kira itu dari saya, ya. Selamat bekerja. Saya ingin Kereta Api Indonesia berkembang dengan pesat, dengan luas, dengan besar, ya. Bangsa kita besar. Jadi saya minta semua pejabat, petugas, pemimpin berpikir besar, ya, berhati besar. Jangan berpikir kerdil, kecil, ya. Semangat besar, cita-cita besar. Gantungkan cita-cita kita setinggi langit. Itu kata-kata presiden kita yang pertama. Kalau enggak sampai ke langit, minimal kita jatuh di antara bintang-bintang.
Habis ini, Trans Sumatra Railway,dari, dari Bandar Lampung, ya. Mana titik yang paling selatan? Titik yang paling selatan, Bakauheni, sampai ke titik paling utara, ya. Bisa, KAI? Bisa, Menteri Perhubungan? Kita kasih dia, tugas harus dikasih yang berat. Jangan kasih yang ringan-ringan, ya. Habis Trans Sumatra, nanti Trans Kalimantan. Kalau bisa bersamaan kita mulai.
Indonesia negara besar, Indonesia negara kuat, Indonesia negara makmur. Kita buktikan, ya. Indonesia menghadapi masa depan dengan optimis, dengan gembira, dengan semangat tanpa melupakan sejarah. Sejarah penting bagi kita, bagi kepribadian kita, bagi masa depan kita.
Terima kasih. Selamat bertugas. Dan, dengan demikian saya akan resmikan sebentar lagi Revitalisasi Stasiun Semarang Tawang. Dan, saya menanti peresmian revitalisasi stasiun-stasiun lain, termasuklaunchingTrans SumatraRailway. Terima kasih.
Wassalamu’alaikum warahmatullahi wabarakatuh,Salam sejahtera bagi kita sekalian,Syalom,Salve,Om santi santi santi om,Namo Buddhaya,Salam kebajikan,Rahayu rahayu.
Dengan mengucapbismillahirrahmanirrahim, pada siang hari ini, Kamis, 30 Juli 2026, saya Prabowo Subianto, Presiden Republik Indonesia, dengan ini saya resmikan Revitalisasi Stasiun Semarang Tawang.
Terima kasih.Wassalamu’alaikum warahmatullahi wabarakatuh.
Kamis, 30 Juli 2026
Kamis, 30 Juli 2026
Rabu, 29 Juli 2026
Rabu, 22 Juli 2026
Senin, 20 Juli 2026"
Amanat Presiden selaku Inspektur Upacara pada Pelantikan Pamong Praja Angkatan XXXIII Institut Pemerintahan Dalam Negeri (IPDN) Tahun 2026,https://www.setneg.go.id/baca/index/amanat_presiden_selaku_inspektur_upacara_pada_pelantikan_pamong_praja_angkatan_xxxiii_institut_pemerintahan_dalam_negeri_ipdn_tahun_2026,"Bismillahirrahmanirrahim.
Assalamu’alaikum warahmatullahi wabarakatuh,Selamat pagi,Salam sejahtera bagi kita sekalian,Syalom,Salve,Om swastiastu,Namo Buddhaya,Salam kebajikan.
Yang saya hormati Menteri Dalam Negeri sebagai penyelenggara, Jenderal Polisi (Purn) Muhammad Tito Karnavian, Menteri Koordinator Politik dan Keamanan Jenderal TNI (Purn) Djamari Chaniago, Menteri Sekretaris Negara Saudara Prasetyo Hadi, Menteri Luar Negeri Saudara Sugiono, Menteri Pemberdayaan Aparatur Negara dan Reformasi Birokrasi Saudari Rini Widyantini, Jaksa Agung Prof. ST Burhanuddin, Kepala Kepolisian Negara Republik Indonesia Jenderal Polisi Listyo Sigit Prabowo, Panglima Tentara Nasional Indonesia Jenderal TNI Agus Subiyanto, Kepala Badan Intelijen Negara Jenderal TNI (Purn) Muhammad Herindra, Sekretaris Kabinet Republik Indonesia Letnan Kolonel Infanteri Teddy Indra Wijaya, Wakil Menteri Dalam Negeri I Saudari Ribka Haluk, Wakil Menteri Dalam Negeri II Saudara Bima Arya, Wakil Menteri Dalam Negeri III Komisaris Jenderal Polisi (Purn) Akhmad Wiyagus, Rektor Institut Pemerintahan Dalam Negeri Saudara Halilul Khairi, Gubernur Jawa Barat Saudara Dedi Mulyadi beserta Forkopimda Jawa Barat;Yang saya hormati para Dosen, para Pelatih, Pengasuh, dan segenap civitas academica Institut Pemerintahan Dalam Negeri, para Orang Tua dan Keluarga Besar, para Pamong Praja Muda yang hadir di IPDN dan di mana pun Saudara berada di seluruh tanah air;Yang baru saya lantik seluruh Pamong Praja Muda Angkatan XXXIII Tahun 2026 yang saya banggakan.
Pertama-tama, sebagai insan yang bertakwa, marilah kita tidak henti-hentinya memanjatkan puji syukur ke hadirat Allah Swt, Tuhan Mahakuasa, Tuhan Mahabesar yang memiliki sekalian alam. Hanya kepada-Nya-lah kita berdoa dan hanya kepada-Nya-lah kita meminta pertolongan. Kita bersyukur atas segala karunia, segala berkah dan kedamaian yang masih diberikan kepada bangsa kita, atas nafas dan kesehatan yang masih diberikan kepada kita, atas segala rahmat-Nya sehingga hari ini kita dapat berkumpul untuk bersama-sama menghadiri dan melaksanakan pelantikan Pamong Praja Muda Angkatan XXXIII Tahun 2026. Hari ini tentunya adalah hari yang istimewa bagi Saudara-saudara.
Saya, atas nama Pemerintah Republik Indonesia, atas nama negara, bangsa dan rakyat Indonesia, dan atas nama pribadi, ucapkan selamat kepada seluruh pamong praja muda yang hari ini resmi dilantik.
Hari ini Saudara telah memilih sebuah jalan hidup yang mulia, jalan hidup untuk mengabdi kepada rakyat, kepada bangsa, dan kepada Negara Kesatuan Republik Indonesia. Jalan hidup yang Saudara telah pilih bukan jalan yang mudah, bukan jalan yang ringan, tapi jalan yang penuh rintangan, yang penuh kesulitan, yang penuh tantangan, dan yang paling utama adalah yang perlu pengorbanan. Bahkan, sesungguhnya Saudara-saudara, Anak-anakku semua, kalian telah memilih siap berkorban jiwa dan ragamu untuk Negara Kesatuan Republik Indonesia. Hidupmu penuh dengan tuntutan dari bangsa dan negara. Saudara harus menjadi pamong praja yang hadir ketika rakyat sedang menghadapi kesulitan. Saudara harus menjadi pelita harapan. Saudara harus menjadi tonggak, dukungan, dan kepemimpinan bagi masyarakat.
Saudara-saudara sekalian,Saudara adalah angkatan pamong praja yang telah ikut turun langsung selama satu bulan membantu menangani bencana di Aceh. Sebelum Saudara dilantik, Saudara sudah dituntut untuk bekerja membantu rakyat di saat rakyat menghadapi kesulitan.
Saudara-saudara,Menjadi pamong praja bukan sekadar menyandang pangkat atau jabatan. Kehormatan seorang aparatur negara tidak diukur dari kedudukannya, tapi seberapa besar manfaat yang dirasakan oleh rakyat.
Saudara-saudara,Saudara adalah pelayan rakyat. Saudara harus melayani, melindungi, dan mengayomi masyarakat, mengayomi rakyat Indonesia dengan sebaik-baiknya. Rakyat kita tidak membutuhkan birokrasi yang berbelit-belit. Rakyat kita tidak perlu pemimpin-pemimpin yang tidak bekerja dengan sebaik-baiknya. Rakyat membutuhkan, bahkan rakyat menuntut aparatur yang bekerja jujur, disiplin, bersih, tidak korupsi, berani mengambil keputusan, dan selalu hadir ketika rakyat membutuhkan. Rakyat menuntut aparatur negara yang mengutamakan kepentingan rakyat, bukan kepentingan pribadi atau golongan.
Di mana pun Saudara bertugas, ingat, Saudara adalah wajah dan lambang negara. Dari sikap Saudara, dari penampilan Saudara, rakyat menilai apakah negara kita hadir atau tidak, apakah negara kita tertib atau tidak, apakah negara kita membanggakan atau tidak, apakah negara kita negara yang terhormat atau tidak. Rakyat yang akan merasakan apakah negara peduli dengan rakyatnya atau tidak. Dan, dari keputusan-keputusan Saudara, rakyat akan menilai apakah negara layak dipercaya atau tidak. Itu beratnya tugas dan tanggung jawab seorang pamong praja. Karena itu, bekerjalah dengan sebaik-baiknya. Kalau Saudara bekerja dengan baik, rakyat akan semakin percaya dan semakin cinta kepada negaranya. Tapi kalau Saudara mengecewakan rakyat, yang rusak bukan hanya nama Saudara, melainkan yang rusak adalah kepercayaan rakyat kepada negara.
Saudara-saudara,Kita mempunyai cita-cita yang besar. Indonesia adalah negara besar. Dari jumlah penduduk, kita negara keempat terbesar di dunia. Luas, luas wilayah kita sama dengan 27 negara Eropa. Negara kita sangat luas, sangat besar, dan sekarang kita semakin yakin betapa kayanya negara kita. Karena kayanya ini, negara kita ratusan tahun jadi sasaran bangsa-bangsa lain. Mereka datang untuk mengambil kekayaan kita.
Saudara-saudara,Banyak pemimpin-pemimpin kita ratusan tahun diadu domba.Divide et impera, pecah belah dan berkuasa, itu adalah hukum mereka, itu adalah ilmu mereka,divide et impera,pecah belah, pecah belah antara suku, pecah belah antara agama, pecah belah antara ras, pecah belah antara kelompok etnis, pecah belah antara golongan.
Saudara-saudara sekalian,Untuk sebuah negara kuat dan berhasil, negara itu memerlukan suatu pemerintahan dalam negeri yang unggul, yang efisien, yang disiplin, dan yang paling penting pemerintahan dalam negeri yang tidak korup, yang cinta tanah air, yang mengutamakan kepentingan rakyat di atas kepentingan yang lain. Dengan pemerintahan dalam negeri yang demikian, sejarah manusia mengajarkan kepada kita negara akan berhasil, bangsa akan menjadi makmur, rakyat akan menjadi sejahtera.
Saudara-saudara sekalian,Cita-cita besar kita adalah Indonesia menjadi negara yang maju dan modern, negara yang mandiri, yang berdiri di atas kaki kita sendiri, yang tidak diatur oleh bangsa lain, tidak didikte oleh bangsa lain, tidak ditipu oleh bangsa lain. Kita ingin melihat rakyat kita hidup dengan baik, hidup dengan sejahtera, setiap warga negara merasa aman, setiap warga negara mendapat penghasilan yang layak dan cukup, tidak ada di antara rakyat Indonesia yang lapar, tidak ada anak-anak Indonesia yang tidak bisa sekolah, tidak ada warga negara kita yang tidak bisa dapat pelayanan rumah sakit bila perlu, tidak ada di antara rakyat kita yang tidak tinggal di rumah yang layak. Itu cita-cita kita, itu perjuangan kita, itu nanti tugas Saudara-saudara sekalian.
Cita-cita besar itu di ambang keberhasilan. Semua pakar dunia meramalkan, 25 tahun lagi Indonesia menjadi ekonomi keempat di dunia, keempat, di atas Prancis, Jerman, Inggris. Dua puluh lima tahun yang akan datang, Saudara-saudara yang akan menjalankan pemerintahan yang sebenarnya. Dua puluh lima tahun yang akan datang, sebagian dari Saudara akan jadi gubernur, mungkin di antara Saudara akan berdiri di podium ini. Masa depan milik Saudara-saudara sekalian. Kami di sini bekerja, mengabdi untuk membuka jalan bagi Saudara-saudara sekalian.
Saudara-saudara adalah anak-anak kami, yang kami siapkan untuk menjaga republik ini setelah kami sudah tidak ada. Karena itu, Saudara harus jadi pemimpin-pemimpin yang terbaik. Saudara adalah penggerak birokrasi pemerintahan, penentu keberhasilan pembangunan di lapangan.
Saudara-saudara,Gagasan yang paling besar, rencana yang paling besar, kebijakan-kebijakan yang paling baik tidak dilaksanakan di lapangan, gagasan besar itu kandas, rencana terbaik itu tidak tercapai. Karena itu, Saudara-saudara sungguh-sungguh adalah harapan kami.
Saudara-saudara,Kalau nanti bertugas, Saudara tidak akan bekerja sendiri. Saudara menjadi bagian dari satu tim besar kebangsaan. Saudara akan bekerja sama dengan TNI, dengan Polri, dengan Kejaksaan, dengan Pemerintah Daerah, dengan seluruh unsur pemerintahan dan masyarakat. Saudara harus pandai bergaul. Saudara harus pelihara hubungan baik dengan semua unsur, dengan ulama, dengan pengusaha, dengan tokoh masyarakat, dengan tokoh adat. Saudara tidak boleh sekali-sekali menjadi pemimpin yang sombong. Bangunlah kerja sama. Kerja sama adalah kunci dari keberhasilan. Saudara harus saling menghormati, saling mendukung, dan saling memperkuat.
Saya percaya bahwa lulusan IPDN Angkatan XXXIII Tahun 2026 adalah putra-putri terbaik bangsa, yang memiliki semangat pengabdian, disiplin, keberanian, dan integritas.
Saya, sebelum naik podium, saya dapat laporan dari Menteri Dalam Negeri, “Bapak Presiden, sepuluh lulusan terbaik dari angkatan ini semuanya berasal dari keluarga yang sangat sederhana.” Ini, tadi saya disampaikan, ada yang anaknya buruh, ada anak tani, ada ya, kalau dari TNI, anak bintara. Ini membuktikan bahwa seleksi IPDN yang dijalankan oleh Kementerian Dalam Negeri berhasil.
Kita inginkan seleksinya benar. Putra-putri terbaik bangsa anak siapa pun. Ini membuktikan NKRI berhasil. Kalau anak buruh harian bisa lulus menjadi pamong praja, siapa tahu suatu saat dia akan menjadi pemimpin yang hebat. Ini membuktikan bahwa NKRI berhasil, bahwa Pancasila itu benar.
NKRI dan Pancasila harus menjadi negara dipimpin oleh mereka-mereka yang terbaik, mereka-mereka yang berprestasi, meritokrasi. Mereka yang berprestasi, silakan maju, maju. Ini membanggakan hati saya, Saudara-saudara sekalian.
Akhirnya, saya berpesan beberapa hal. Selalu cintai tanah air kita, selalu cintai rakyat kita. Saudara-saudara adalah anak kandung rakyat. Setialah kepada semua rakyat kita, seolah-olah semua rakyat itu adalah orang tuamu. Pegang teguh Pancasila. Jangan punya kesetiaan sempit.
Negara kita besar, banyak suku, banyak agama, banyak ras, banyak kelompok etnis, semua satu keluarga. Semua suku adalah saudaramu, semua agama adalah saudaramu, semua ras adalah saudaramu, semua kelompok etnis adalah saudaramu.
Saudara-saudara sekalian,Pegang teguh Undang-Undang Dasar Negara Republik Indonesia Tahun 1945. Undang-Undang Dasar 1945 lahir dari pendiri-pendiri bangsa yang mengalami penjajahan ratusan tahun. Karena itu, Undang-Undang Dasar Negara kita, yaitu Undang-Undang Dasar 1945, itu adalah murni suara kemerdekaan, murni suara cita-cita pendiri bangsa kita. Jangan pernah khianati pendiri-pendiri bangsa kita.
Akhirnya, saya pesan lagi, bekerjalah dengan hati, tanpa kesombongan. Selalu dekat dengan rakyat, selalu membela rakyatmu. Kalau ragu-ragu, berpihaklah kepada rakyatmu. Kalau kau ragu-ragu mengambil keputusan, tanya kepada dirimu, “Mana yang menguntungkan rakyat?” Kalau kau yakin pilihan, cara bertindakmu menguntungkan rakyat, apalagi rakyat yang paling lemah, rakyat yang paling miskin, rakyat yang paling tidak berdaya, pilih! Cara bertindak itu tidak akan salah, Saudara-saudara.
Saya juga berpesan, buatlah orang tua selalu bangga dengan Anda. Buatlah almamatermu bangga. Yang paling penting, buatlah rakyat Indonesia bangga dengan pamong prajanya.
Selamat bertugas. Selamat mengabdi kepada bangsa dan negara. Selamat berjuang. Semoga Tuhan Yang Maha Esa, Tuhan Yang Mahakuasa senantiasa memberi kekuatan, petunjuk, dan perlindungan kepada kalian semua di mana pun kalian bertugas dan mengabdi. Dan, tentunya, semoga Tuhan Yang Maha Esa selalu bersama kita.
Indonesia menanti pengabdianmu.
Terima kasih.
Wassalamu’alaikum warahmatullahi wabarakatuh,Salam sejahtera bagi kita sekalian,Syalom,Salve,Om santi santi santi om,Namo Buddhaya,Salam kebajikan.
Selesai.
Kamis, 30 Juli 2026
Kamis, 30 Juli 2026
Rabu, 29 Juli 2026
Rabu, 22 Juli 2026
Senin, 20 Juli 2026"
Amanat Presiden selaku Inspektur Upacara pada Upacara Prasetya Perwira (Praspa) TNI dan Polri Tahun 2026,https://www.setneg.go.id/baca/index/amanat_presiden_selaku_inspektur_upacara_pada_upacara_prasetya_perwira_praspa_tni_dan_polri_tahun_2026,"Di Halaman Istana Merdeka, Jakarta
Bismillahirrahmanirrahim.
Assalamu’alaikum warahmatullahi wabarakatuh.Selamat pagi,Salam sejahtera bagi kita sekalian,Syalom,Salve,Om Swastiastu,Namo Buddhaya,Salam Kebajikan,
Yang terhormat Wakil Presiden Republik Indonesia, Saudara Gibran Rakabuming Raka;Para Pimpinan Lembaga Tinggi Negara, Ketua Majelis Permusyawaratan Rakyat Republik Indonesia (MPR RI) Saudara Ahmad Muzani, Ketua Dewan Perwakilan Daerah Republik Indonesia (DPD RI) Saudara Sultan Najamudin;Para Menteri Koordinator, Para Menteri, Para Kepala Badan, Panglima Tentara Nasional Indonesia, Kepala Kepolisian Negara Republik Indonesia, Kepala Staf Angkatan Darat, Kepala Staf Angkatan Laut, Kepala Staf Angkatan Udara, Kepala Badan Intelijen Negara, serta seluruh anggota Kabinet Merah Putih;Komandan Jenderal Akademi TNI, Kepala Lembaga Pendidikan dan Pelatihan Polri, Gubernur Akademi Militer, Gubernur Akademi Angkatan Laut, Gubernur Akademi Angkatan Udara, dan Gubernur Akademi Kepolisian;Yang saya hormati para atase pertahanan dan atase kepolisian negara sahabat;Yang saya hormati para orang tua dan keluarga besar para perwira remaja yang hadir di Istana Merdeka, dan di manapun saudara berada dari seluruh tanah air;Yang saya banggakan seluruh Perwira Remaja TNI-Polri lulusan tahun 2026.
Pertama-tama, tentunya sebagai insan yang bertakwa marilah kita tidak henti-hentinya memanjatkan puji syukur ke hadirat Tuhan Mahakuasa, Tuhan Maha Besar yang memiliki sekalian alam, atas segala karunia, berkah, kedamaian yang masih diberikan kepada bangsa kita dan kepada kita sekalian, atas napas dan kesehatan yang masih diberikan kepada kita, atas rahmatnya hari ini kita menyaksikan lahirnya generasi baru perwira TNI dan Polri.
Di hari yang berbahagia ini, atas nama pribadi, atas nama pemerintah, atas nama rakyat, bangsa, dan negara, saya ucapkan selamat kepada Saudara-saudara yang resmi diangkat menjadi perwira TNI dan Polri di tahun 2026.
Hari ini bukan sekadar upacara, hari ini bukan garis akhir, hari ini adalah awal sebuah pengabdian kepada bangsa dan negara. Saudara-saudara telah bersumpah untuk, bila perlu, memberi jiwa dan ragamu untuk bangsa, negara, dan rakyat Indonesia.
Pangkat pertama yang Saudara terima hari ini bukan sekadar kehormatan. Pangkat adalah amanah rakyat Indonesia, pangkat adalah kepercayaan rakyat Indonesia, pangkat adalah harapan rakyat Indonesia.
Mulai hari ini, Saudara bukan lagi milik dirimu sendiri. Mulai hari ini, sesungguhnya Saudara bukan lagi milik keluargamu lagi, Saudara sudah menjadi milik bangsa dan negara. Saudara adalah generasi penerus yang akan memikul tanggung jawab berat untuk membela negara dan bangsa, meneruskan cita-cita pendiri bangsa.
Saya bangga karena Saudara-saudara telah belajar satu hal yang paling penting, menjadi perwira berarti hadir ketika rakyat sedang menghadapi kesulitan. Itulah makna pengabdian yang sesungguhnya. Saya gembira bahwa angkatan ini terlibat langsung dalam penanganan bencana di Aceh, Sumatera Barat, dan Sumatera Utara.
Kita adalah tentara dan polisi rakyat. Kesulitan rakyat akan menjadi kesulitan Saudara.
Hari ini, kalian telah mengucapkan sumpah. Sumpah itu bukan sekadar rangkaian kata, itu adalah janji suci kepada Tuhan Yang Maha Esa, janji kepada bangsa, janji kepada negara, janji kepada seluruh rakyat Indonesia.
Pegang teguh sumpah yang telah Saudara ucapkan. Setialah kepada Pancasila, Undang-Undang Dasar Negara Republik Indonesia tahun 1945. Setialah kepada Negara Kesatuan Republik Indonesia. Yang paling utama, setialah kepada rakyat Indonesia. Jangan pernah ada kepentingan apapun yang lebih tinggi daripada kepentingan bangsa.
Saat ini, dunia sedang berubah dengan sangat cepat, persaingan antara negara semakin ketat. Ancaman tidak lagi hanya datang dari senjata, ancaman datang melalui perang siber, perang informasi, narkotika, penyelundupan, kejahatan lintas negara, dan upaya melemahkan bangsa melalui infiltrasi budaya. Karena itu, Indonesia harus kuat. Kita harus mandiri. Mandiri dalam pangan, energi, teknologi, industri pertahanan, dan ilmu pengetahuan.
Saudara-saudara sebagai generasi penerus adalah garda terdepan untuk meraih cita-cita kita menjaga bangsa dan negara. Kuasai ilmu pengetahuan dan teknologi, kuasai kecerdasan buatan, sistem siber, teknologi nirawak, dan bahasa asing. Perwira masa depan harus unggul dalam karakter, disiplin kepimpinan, dan penguasaan sains dan teknologi.
Saudara-saudara sekalian,TNI dan Polri adalah dua institusi yang vital bagi kelangsungan hidup negara. TNI dan Polri harus kuat. TNI dan Polri harus profesional. TNI dan Polri harus bersama-sama menjaga bangsa Indonesia. Jangan ada loyalitas kors yang sempit. Integritas adalah kehormatan seorang perwira. Jangan pernah menyalahgunakan jabatan. Jangan pernah tergoda korupsi, penyelewengan. Jangan pernah berkompromi dengan narkoba, judi, atau pelanggaran hukum lainnya. Sekali Saudara mengkhianati rakyat, saat itu pula Saudara kehilangan kehormatanmu.
Ingatlah selalu, Saudara lahir dari rakyat, dididik dengan uang rakyat. Pakaian yang kau pakai dari ujung kaki sampai ujung kepala adalah dari rakyat. Makanmu dari rakyat. Gajimu dari rakyat. Mengabdi selalu untuk rakyat. Jadilah pelindung, pengayom, dan pembela rakyat. Rakyat tidak menuntut Saudara sempurna. Rakyat menuntut Saudara jujur, Saudara berani, Saudara adil, dan selalu Saudara muncul dan hadir ketika dibutuhkan.
Ingat, jabatan hanya titipan, pangkat akan berlalu. Yang dikenang sejarah adalah pengabdianmu kepada bangsa dan negara.
Kepada para orang tua dan keluarga, saya menyampaikan penghormatan dan rasa terima kasih atas nama bangsa dan rakyat Indonesia. Terima kasih bahwa Bapak-bapak dan Ibu-ibu merelakan putra-putrinya menjadi milik bangsa dan rakyat. Di balik setiap perwira yang berdiri tegak hari ini ada doa seorang ibu, keteguhan seorang ayah, pengorbanan sebuah keluarga. Sekali lagi, saya menyampaikan penghormatan dan terima kasih yang setinggi-tingginya.
Saudara-saudara perwira TNI Polri lulusan tahun 2026, hari ini rakyat Indonesia menitipkan masa depan bangsa di pundak Saudara-saudara. Jangan pernah kecewakan kepercayaan ini. Berjuanglah dengan keberanian, memimpinlah dengan keteladanan, pemimpin memimpin dari depan, memimpin dengan contoh, berbakti, mengabdi dengan tulus dan ikhlas. Akhir kata, selalu setia kepada bangsa dan negara, selalu berbakti kepada rakyat, selalu berjuang untuk Indonesia yang kita cintai. Bangsa dan negara dan rakyat Indonesia menanti darma baktimu, menanti pengabdianmu.
Terima kasih.
Wassalamualaikum warahmatullahi wabarakatuh.Salam sejahtera bagi kita sekalian,Syalom,Salve,Om santi santi om,Namo Buddhaya,Salam Kebajikan,Rahayu rahayu.
Kamis, 30 Juli 2026
Kamis, 30 Juli 2026
Rabu, 29 Juli 2026
Rabu, 22 Juli 2026
Senin, 20 Juli 2026"
Taklimat Presiden pada Sidang Kabinet Paripurna,https://www.setneg.go.id/baca/index/taklimat_presiden_pada_sidang_kabinet_paripurna,"Bismillahirrahmanirrahim.
Assalamu’alaikum warahmatullahi wabarakatuh,Selamat sore,Salam sejahtera bagi kita sekalian,Syalom,Om swastiastu,Namo Buddhaya,Salam kebajikan.
Yang saya hormati, Wakil Presiden Republik Indonesia Saudara Gibran Rakabuming Raka;Para Menteri Koordinator, para Menteri, para Kepala Badan, Ketua Dewan Ekonomi Nasional, para Penasihat dan Staf Khusus Presiden, Jaksa Agung, Kepala Badan Intelijen Negara, Kepala Kepolisian Negara Republik Indonesia, Panglima TNI, para Kepala Staf Angkatan Darat, Laut, dan Udara, para Wakil Menteri, Wakil Kepala Badan, serta seluruh anggota Kabinet Merah Putih yang saya hormati dan saya cintai.
Pertama-tama sebagai insan yang bertakwa, marilah kita tidak henti-hentinya memanjatkan puji syukur ke hadirat Tuhan Mahakuasa, Tuhan Mahabesar, Allahsubhanahu wa ta’alabagi umat Islam, yang memiliki sekalian alam. Hanya kepada-Nya lah kita berdoa dan hanya kepada-Nya lah kita meminta pertolongan. Kita bersyukur atas segala kebaikan, karunia, kesehatan, napas yang masih diberikan kepada kita, dan terutama atas perdamaian dan kedamaian yang masih kita rasakan sebagai bangsa dan negara, di tengah dunia yang penuh pertikaian, perang, dan konflik.
Hari ini, saya sengaja melaksanakan Sidang Kabinet Paripurna pertengahan tahun 2026, menjelang 17 Agustus 2026, di mana sudah secara tradisi Presiden Republik Indonesia menyampaikan sambutan beberapa hari sebelum 17 Agustus, untuk menyampaikan kepada seluruh bangsa dan negara apa yang sudah dikerjakan selama satu tahun kerja itu. Ini juga adalah kurang tiga bulan kita menjalankan mandat dari rakyat di tahap tahun kedua, tanpa terasa waktu berjalan sangat cepat.
Saudara-saudara,Tentunya kita laksanakan [Sidang] Kabinet Paripurna ini untuk kita evaluasi apa yang sudah kita kerjakan. Dan, Saudara-saudara, saya kira tidak hanya Saudara-saudara tapi saya sendiri, di tahun-tahun ini, menjelang kita dua tahun kita telah bekerja dengan sangat keras, dan sangat padat, dan sangat cepat. Kadang-kadang, dengan kita bekerja sangat keras, dengan kita bekerja sangat padat, kita sendiri tidak terlalu menyadari berapa banyak yang telah kita capai dalam dua tahun pertama kita. Karena kita menghadapi masalah yang sangat besar, kita menghadapi dunia yang penuh pergolakan, dan juga kita menghadapi kenyataan-kenyataan pahit yang harus kita akui merupakan tantangan kita bersama.
Kita tidak bermaksud untuk mencari kesalahan, kita tidak bermaksud untuk membanding-bandingkan. Tiap masa ada pemerintahnya, tiap pemerintah ada masanya. Tiap masa ada pemimpinnya, tiap pemimpin punya masanya. Kita tidak bermaksud, tapi kita sebagai anak bangsa, kita sebagai unsur pimpinan, dan kita semua di sini adalah unsur pimpinan. Kita di sini pemimpin politik, pemimpin teknokrat, pemimpin budaya, pemimpin masyarakat, dan kita diberi mandat oleh rakyat untuk menghadapi dan menyelesaikan masalah. Jadi, kita tidak boleh takut dengan masalah, kita tidak boleh takut dengan kesulitan, kita tidak boleh takut dengan kekurangan.
Kita paham, seluruh bangsa paham, bahwa gaji guru-guru kita kurang. Kita paham bahwa lapangan kerja kita kurang. Kita paham masih banyak kemiskinan ekstrem. Kita paham. Ini semua masalah kita paham. Kita mengerti. Justru ini yang kita dipilih, diberi mandat untuk kita selesaikan. Kita paham ada ketimpangan di masyarakat kita.
Tapi terus terang saja saya katakan di mana-mana, saya sendiri sebagai Presiden, sebagai yang diberi mandat bersama Saudara Wakil Presiden, kita disumpah, saya sendiri tidak menduga sesungguhnya betapa beberapa masalah itu sangat di luar perkiraan kita. Terjadi suatu distorsi terhadap perekonomian kita. Telah terjadi mengalir ke luar kekayaan kita secara signifikan, ribuan triliun, ratusan miliar dolar tiap tahun dengan praktik-praktikunder-invoicing, pemalsuan laporan.Under-invoicingadalah pemalsuan laporan perdagangan. Praktik-praktik transferpricing, praktik-praktik penyelundupan. Hal-hal yang sesungguhnya sungguh tidak masuk akal, dan sesungguhnya tidak adil bagi bangsa kita. Dan, ini bukan data dari kita, ini data internasional, ini data dari lembaga-lembaga internasional, ini data dari PBB, di antaranya.
Tapi, seluruh bangsa sudah merasakan, semua pelaku ekonomi sudah mengerti hal ini di dalam negeri dan di luar negeri, semua tahu. Negara penghasil kelapa sawit di dunia sempat berminggu-minggu hilang minyak goreng, sesuatu yang tidak masuk di akal, Saudara-saudara.
Jadi, Saudara-saudara, kita dihadapi dengan masalah yang sangat besar, dengan masalah yang vital. Kalau ini kita biarkan, kalau kebocoran ratusan miliar dolar kekayaan Indonesia dibiarkan terus ke luar, kita bisa bayangkan nasib bangsa kita seperti apa.
Karena itu, saya ingatkan kita diberi mandat untuk menyelesaikan masalah dan seharusnya kita bangga bahwa ternyata dalam kurun waktu ini telah banyak masalah dan kesulitan yang telah kita selesaikan. Mungkin hitungan kita terakhir lebih dari 108 masalah, 110 masalah yang kita selesaikan dalam satu tahun lebih, 18 bulan pemerintahan kita. Ini prestasi yang bukan kecil. Kita rendah hati, kita tidak mau, kita tidak mau menepuk-nepuk dada. Kita tidak mau dan kita tidak boleh besar kepala, tidak boleh sombong. Itu watak kita sebenarnya, watak bangsa kita.Ojo dumeh.
Tetapi, kalau kita berprestasi kita harus akui bahwa kita berprestasi. Tidak ada bangsa lain yang akan menghormati kita, kalau kita tidak menghormati bangsa kita kita sendiri. Bangsa yang besar adalah bangsa yang bisa menghormati dan menghargai pahlawan-pahlawannya. Bangsa yang besar adalah bangsa yang bisa memahami kesulitan dan tantangan yang dihadapinya, tapi juga bisa menghormati dan menghargai prestasi yang dia capai. Saudara-saudara, tanpa kita sadar karena kita sibuk dengan bekerja, kita ternyata dalam tahap ini ada hal-hal yang sangat membanggakan.
Saudara-saudara,Setiap negara, setiap perekonomian, itu pasti diukur. Dan kita punya ukuran. Kita bertanya, apakah bangsa itu bisa memberi pangan, memberi makan untuk rakyatnya? Itu yang paling mendasar. Untuk apa kita merdeka, untuk apa kita punya NKRI, kalau kita tidak bisa memberi yang paling dasar dari sebuah peradaban? Yang paling dasar adalah makan, pangan. Kalau ada orang-orang pintar mengatakan bahwa ada yang lebih penting dari perut yang lapar, ya, saya persilakan, Saudara-saudara. Yang saya tahu, dari sejarah ribuan tahun peradaban manusia, tidak ada masyarakat yang bertahan tanpa pangan. Punah. Peradaban punah kalau tidak ada makan.
Untuk menjamin pangan perlu air, perlu lingkungan yang dilestarikan, perlu lahan yang subur, perlu kebijakan yang benar.
Kita bertanya sekarang, apakah harga pangan terkendali? Apakah pupuk tersedia untuk rakyat, untuk petani dengan harga yang terjangkau? Kita bertanya, apakah anak-anak sekolah memperoleh makanan bergizi di sekolah?
Saudara-saudara,Saya diserang karena ingin memberi makan bergizi untuk anak-anak Indonesia. Memberi makan untuk anak-anak Indonesia, untuk ibu-ibu hamil, untuk orang-orang lansia, dianggap pemborosan. Tapi, ribuan triliun yang menguap, yang pergi dari bumi Indonesia, tiap tahun selama 34 tahun, tidak ada komentar, tidak ada pakar yang protes, tidak ada investigasi.
Kita mau beri makan kepada anak-anak, yang jelas-jelas minimal seperempat anak-anak kitastunting. Sebagian besar juga banyak yang tidak makan, menurut sekolah. Kita dituduh pemborosan, kita dibilang ekonomi mau kolaps. Harga saham akan ambruk, mata uang akan melemah. Alasannya, karena boros.
Saudara-saudara,Saya punya keyakinan bahwa fundamental pemikiran ekonomi dan politik bernegara yang disusun oleh pendiri-pendiri bangsa kita, saya punya keyakinan bahwa itu masuk akal, benar. Undang-Undang Dasar 1945 lahir dari perjuangan lama, lahir dari pengalaman penjajahan, lahir dari imperialisme. Apa arti imperialisme? Imperialisme artinya adalah diambilnya kekayaan sebuah bangsa oleh bangsa lain., dan masalah inilah yang membuat kita lemah dan tidak berdaya. Sehingga pendiri-pendiri bangsa kita, melalui perjuangan berat, dan lama, dan berujung di suatu perjuangan fisik, mereka memiliki filosofi. Mereka telah merumuskan suatu filosofi. Filosofi adalah pancasila. Dan, pancasila ini adalah suatu filosofi yang utuh, yang integralistik. Di situ ada pemahaman ekonomi. Ekonomi pancasila harus ekonomi yang juga berkeadilan. Dan, itu jelas-jelas tertera, tercantum dalam Undang-Undang Dasar 1945 yang sedang kita jalankan.
Kita sedang menjalankan Undang-Undang Dasar Negara Republik Indonesia Tahun 1945. Kita sedang menjalankan Pasal 33, perekonomian disusun sebagai usaha bersama berdasarkan asas kekeluargaan. Ini jangan dianggap suatu slogan atau suatu retorika yang indah.
“Perekonomian disusun sebagai usaha bersama berdasar atas asas kekeluargaan,” berarti seluruh anak bangsa ini bagian dari keluarga besar NKRI. Tidak boleh ada satu elemen, satu pihak yang menindas pihak lain. Tidak boleh ada satu elemen yang memborong kekayaan bangsa, sehingga yang lain tidak bisa nikmati. Ini arti daripada ekonomi berdasar atas asas kekeluargaan.
“Cabang-cabang produksi yang penting bagi negara dan yang menguasai hajat hidup orang banyak dikuasai oleh negara.” Jadi, ini bukan sesuatu yang perlu ditafsirkan.
“Bumi, air, dan kekayaan alam yang terkandung di dalamnya harus dipergunakan sebesar-besarnya untuk kemakmuran rakyat.” Harus digunakan, dikuasai oleh negara dan dipergunakan untuk sebesar-besarnya kemakmuran rakyat.
Saudara-saudara,Juga, kita juga melihat Pasal 34. Ini perintah Undang-Undang.
“Fakir miskin dan anak-anak yang terlantar dipelihara oleh negara.” Ini sedang kita jalankan, Pasal 33 untuk mengamankan sumber daya ekonomi supaya kita dapat uang. Dari Pasal 33, kita menjalankan Pasal 34. Jadi, itulah, kita tidak boleh membiarkan anak-anak orang miskin terus miskin. Kita tidak boleh membiarkan anak-anak tidak ada harapan sekolah. Ini sudah kita jalankan.
“Negara mengembangkan sistem jaminan sosial bagi seluruh rakyat dan memberdayakan masyarakat yang lemah."" Memberdayakan masyarakat yang lemah dan tidak mampu, sesuai dengan martabat kemanusiaan.
“Negara bertanggung jawab atas penyediaan fasilitas pelayanan kesehatan dan fasilitas pelayanan umum yang layak.” Negara bertanggung jawab atas penyediaan fasilitas pelayanan kesehatan dan fasilitas umum yang layak.
Saudara-saudara,Karena itulah kita menjalankan pemerintahan dengan bekerja dengan sangat keras. Saya terima kasih kepada seluruh anggota kabinet. Sebagian dari Saudara-saudara bekerja tanpa diawasi, karena saya konsentrasi kepada hal-hal penting dalam dua tahun ini. Tapi, saya lihat Saudara-saudara berinisiatif. Saudara-saudara masing-masing bekerja dan bersama kita telah mencapai prestasi-prestasi yang menurut saya cukup membanggakan. Mungkin sedikit pemerintahan di dunia mencapai apa yang kita capai.
Masalahnya masih lebih banyak. Cita-cita kita lebih besar. Pekerjaan kita masih banyak. Perjalanan, perjuangan kita masih jauh. Tapi, kita sudah melihat sekarang apa yang kita sudah capai.
Bulan ini akan kolaps, bulan ini akan kolaps, bulan ini akan kolaps. Ternyata, semakin hari makin kuat. Makin hari, makin kuat. Dunia sedang perang. Banyak negara termasuk risau dan panik masalah pangan. Kita sudah duluan swasembada pangan. Masalah energi pun, kita menghadapi kesulitan, tapi kita lebih siap dari yang lain. Ini bukan untuk membuat kita lengah, ini bukan untuk membuat kita cepat puas. Tidak.
Tapi, Saudara-saudara, capaian Kabinet Merah Putih yang 110, 112 masalah itu saya minta dibagikan ke Saudara-saudara sekalian. Mudah-mudahan ada, ya. Bukunya sudah dibagikan? Sudah dibagikan? Ya, dibagikan bukan disiapkan. Saya minta dibagikan. Jadi ada di depan para Menteri dan Wakil Menteri. Bagikan sekarang, kalau ada.
Saudara-saudara,Prestasi kita cukup besar. Prestasi kita nanti sejarah akan mencatat. Tadi saya sudah sebut, kita sudah swasembada pangan delapan komoditas pangan. Cadangan beras kita tertinggi selama sejarah NKRI. Nilai tukar petani kita tertinggi selama sejarah NKRI.
Kita sudah mencetak atau menghasilkan B50. Solar dari kelapa sawit, 50 persen. Kita tidak impor lagi solar. Yang waktu itu banyak juga perlawanan. Ada yang bilang pabrik-pabrik mesin tidak akan dukung kita dan sebagainya. Menakut-nakuti kita. Kita bangsa Indonesia yang 287 juta ini, pemimpinnya selalu ditakut-takuti, supaya kita memimpin dengan ketakutan. Takut dengan pasar, takut dengan ini, takut denganrating agency, takut dengan itu. Kita percaya kepada kekuatan kita sendiri, kita percaya kepada hal-hal yang asasi, yangbasic.Basicbukan menurut selera kita.Basicmenurut pakar-pakar dunia.Basicmenurut PBB.Sustainable Development Goals (SDGs),Saudara-saudara.
PBB sudah meramalkan bahaya kelaparan.Food, energy, water.Bahaya kelaparan. Mereka canangkan SDG pertama untuk semua bangsa di dunia. SDG pertama adalahNo Poverty. Tidak ada kemiskinan. Kalau kita mau bantu rakyat kita yang miskin, dibilang pemborosan. Kalau kecurangan, penyelundupan, diam. Orang besar kasih kredit terus, triliunan. Orang kecil enggak boleh terima apa-apa.
Zero Hunger. Zero Hunger, tidak boleh ada orang Indonesia yang lapar. Saya minta, belajar. Kita belajar dari negara-negara lain. Jangan malu belajar. Kirim tim ke India, kirim tim ke Brasil, kirim tim ke Tiongkok, kirim tim ke negara-negara Vietnam, belajar bagaimana mereka hilangkan kelaparan. Tidak boleh anggota G20 Indonesia ada rakyat yang lapar.
SDG ketiga,Good Health and Wellbeing.Nomor empat,Quality Education.Lima,Gender Equality.Enam,Clean Water.Tujuh,Affordable and Clean Energy.[Delapan],Decent Work and Economic Growth.[Sembilan],Industry, Innovation, Infrastructure.[Sepuluh],Reduced Inequalities.
Saudara-saudara,Ini yang kita sedang kerjakan. Ini yang sedang kita kerjakan, Saudara-saudara, ya. Jadi jangan ragu-ragu. Kita berada di jalan yang benar, kita berada di jalan yang rasional. Yang tidak rasional adalah tadi,illegal mining, illegalkebun,illegal logging, penyelundupan,under-invoicing,transferpricing. Itu adalahfraud. Itu adalah pidana. Itu adalah, itu yang tidak rasional. Jangan dibalik. Yang sudah diramalkan zaman edan, yang benar disalahkan, ya, kan. Yang salah dibenarkan. Ini tidak. Kita yakin kita di atas jalan yang benar.
Jadi, Saudara-saudara, salah satu prestasi kita yang nanti akan dikenang oleh sejarah, saya percaya, untuk pertama kali dalam sejarah bangsa Indonesia, kita telah berhasil membangun satu dana kedaulatan yang kita sebut Danantara. Dana kedaulatan. Danantara singkatan Daya Anagata Nusantara. Daya, energi. Anagata, masa depan. Nusantara, tanah air kita.
Jadi, Danantara adalah suatu dana kedaulatan di mana tabungan-tabungan, kekayaan aset-aset negara disatukan, dikonsolidasi, di-managedengan rapi dan ini menjadi cadangan. Ini menjadi energi untuk masa depan Indonesia, untuk anak, cucu, dan cicit kita. Dan, alhamdulillah, kita untuk pertama kali dalam sejarah kita punya dana kedaulatan ini, danantara ini yang nilai asetnya bernilai lebih dari seribu miliar dolar. Yang selama ini sering tidak bisa kita pantau, sering kita tidak mengerti kekayaan kita di mana.
Saudara-saudara,Saya masuk kabinet sebelum ini, kabinetnya Presiden Joko Widodo. Saya mengikuti, tapi saya belum menguasai angka-angka. Saya sendiri anggota kabinet, saya mengira bahwa jumlah BUMN itu berkisar di antara 300 sampai 350. Saya kaget. Waktu saya jadi Presiden saya diberi laporan, BUMN itu jumlahnya 1.077. Dan, ini harus kita cek lagi. Ada BUMN yang bikin anak perusahaan, dia bikin lagi cucu perusahaan, dia bikin lagi cicit perusahaan.
Dan, saya terima kasih. Saya bangga pimpinan daripada Danantara dalam tahun pertama, 18 bulan pertama, sudah berhasil mengurangi jumlah tersebut. Dari 1.077, di akhir bulan ini, di akhir 31 Juli, mereka sudah menutup, mengonsolidasikan, memerger, sehingga dari 1.077 berkurang 250 BUMN. Sudah berkurang 250, nah ini boleh tepuk tangan, dong. Tepuk tangan.
Saya kira. Maaf, ya. Mungkin ketua DEN, Pak Luhut, bisa dicek di dunia, mana ada negara yang menutupstate owned enterprise250 dalam satu tahun. Dan, mereka menyanggupi. Laporan ke saya, “Pak, Desember 31 tahun 2021, jumlah BUMN kita, dari 1.077 akan maksimal 350.” Berarti, di akhir 2026 mungkin 700 BUMN yang akan kita tutup, kita merger, kita konsolidasi. Berkurang dari 1.077 akan menjadi maksimal 350.
Dan mereka laporan, dengan ditutupnya 250, 250 BUMN,overhead, biaya rutin yang bisa diselamatkan adalah 50 triliun, 50 triliun. Gaji direksi, gaji komisaris, sewa gedung, bayar listrik, bayar transport, bayar ini, rapat kerja, 50 triliun. Desember 31, saya kira ini mungkin angka penghematan bisa naik. Bisa-bisa, bisa mendekati 70-80 triliun. Saya terima kasih dari pimpinan Danantara.
Kemudian, untuk menghadapi fenomena tadi. Ini prestasi yang lain. Saya kira, Proyek Abadi, Gas Abadi Masela, 28 tahun mangkrak. Saya berangkat ke Tokyo. Saya ketemu pimpinannya perusahaan-perusahaan Jepang itu. INPEX, ya. INPEX. Saya sampaikan dengan baik dan sopan, “Saudara masih berminat enggak? Kalau Saudara tidak berminat, saya akan alokasi, saya akan tunjuk perusahaan lain.” Sopan, tapi tegas. Ya sebagai bangsa Indonesia yang ramah enggak mungkin kita kasih ultimatum, kan. Bukan ultimatum itu, imbauan. Benar itu, saya, “Yang Mulia, apakah Jepang masih berminat? Masalahnya, bangsa Indonesia sangat butuh energi, sangat butuh devisa.”
Habis itu, pulang-pulang, ya, kalau Menteri ESDM boleh saya tekan-tekan, ya. Enggak apa-apa. Saya bilang, “Menteri ESDM, enam bulan tidak ada kegiatan, cabut.” Sekarang kita tidak toleransi. HGU, HGB, SIUP, izin. Kita beri. Dua tahun tidak kegiatan, dua tahun tidak ada kegiatan, cabut.
Untuk mengatasi segala praktik,under-invoicing, etc, etc,laporan palsu, saya kumpulkan KKSK, ya, Menteri Keuangan, Bank Indonesia, dengan OJK, dan tim ekonomi kita, kita telah kumpul di Istana Merdeka. Ketua DEN hadir dengan beberapa penasihat-penasihat bidang ekonomi. Waktu itu saya gambarkan, saya minta pendapat mereka semua, apa kita mau teruskan ini? Aliran uang ratusan miliar Dolar ke luar negeri, kekayaan kita, dari sumber daya kita, mau kita teruskan? Mereka semua bilang, “Tidak bisa, Pak. Jangan kita teruskan.”
Bagaimana caranya kita tidak teruskan? Akhirnya diusulkan lah sistem ekspor satu pintu untuk komoditas-komoditas milik bangsa dan negara. Dan, saya ingatkan, semua komoditas adalah milik bangsa Indonesia. Bumi, air, dan semua kekayaan yang terkandung di dalamnya itu milik bangsa Indonesia. Nikel, karet, semuanya, kelapa sawit, batu bara, emas. Sehingga, kita terapkan ekspor satu pintu, dan kita dirikan PT DSI, Danantara Sumberdaya Indonesia. Iya, kan? Danantara Sumberdaya Indonesia. Di depan DPR waktu itu, kita umumkan 20 Mei 2026, 20 Mei, hari yang signifikan, hari kebangkitan, ya, Hari Kebangkitan Nasional kita. Kita dirikan PT DSI mulai beroperasi penuh pada 1 Juli, sebagai instrumen negara untuk memperkuat tata kelola dan konsolidasi ekspor komoditas strategis.
Saudara-saudara,Kita bangun sistem ekspor satu pintu agar negara mengetahui berapa yang diekspor, kepada siapa yang dijual, berapa harga sebenarnya, berapa devisa yang seharusnya kembali ke Indonesia. Itu tujuannya. Ya, biasa, pertama banyak yang nyinyir, yang ini, dan sebagainya. Tapi ternyata, ternyata dunia luar mengakui bahwa ini adalah langkah Indonesia yang benar, Saudara-saudara.
Ada kekuatan-kekuatan, kelompok-kelompok tertentu yang selalu ingin Indonesia kolaps. Saya tidak mengerti. Dia itu anak bangsa mana, saya tidak, tidak paham. Saya tidak paham benar-benar, ya, kan. Selalu meramalkan kolaps, yang enggak bagus, gitu, lo. Ya, kan. Jadi, sebetulnya itu bukan ramalan, menurut saya itu doa dia. Doa dia bahwa Indonesia kolaps, doa dia bahwa Indonesia terus miskin. Sehingga, saya benar-benar meragukan, di mana patriotisme dia, di mana cinta tanah air dia?
Saudara-saudara,Dengan ekspor sumber daya alam satu pintu, ya, kita mengadakan tahap transisi, dan kita harapkan nanti 1 September 2026, implementasi penuh. Kemudian, proses ini semua akan membuat kita benar-benar paham benar ke mana uang kita.
Sebagai contoh, kelapa sawit selama ini banyak dijual dari Indonesia, resmi kontrak harganya Rp17.000, CPO, ya.  Rp17.000, ya. Ya, benar Menteri Pertanian? Rp15.000 per kilo. Padahal harga, harga di internasional, harga di Eropa, di Rotterdam itu Rp27.000, kita Rp14.000-Rp15.000, harga sebenarnya Rp27.000. Siapa yang menikmati [selisih] Rp13.000? Hampir 50 persen.
Jadi, permainan seperti inilah yang menusuk hati kita, ya. Jadi perusahaan dari Indonesia diekspor, begitu di sini dia jual Rp14.000, dalam perjalanan ke Eropa, konon kabarnya berubah-ubah lagideal-nya, kontraknya, sehingga di sana Rp27.000. Jadi kita hilang 50 persen kekayaan kita. Satu kali perjalanan kita hilang 50 persen kekayaan kita.
Jadi, kita sekarang tegakkan dan saya terima kasih, saya dapat laporan dari Saudara Rosan, CEO dari Danantara, bahwa baru satu bulan dua minggu bekerja, PT DSI beroperasi, PT DSI sudah mengelola devisa sebesar lebih 10,5 miliar dolar. Dalam satu bulan dua minggu, Saudara-saudara.
Dan, ternyata dari, dari angka yang masuk, sebelum ada PT DSI,gap[atau] perbedaan antara harga di jual Indonesia dan harga dijual internasional itu kurang lebih beda minimal 30 persen, mendekati 40-45 persen. Begitu ada PT DSI, sudah hampir menyatu, saya lihat grafiknya. Jadi, karena kita tegas. Meneruskan praktik ini, ini praktik penipuan. Meneruskan, semua izin kita cabut. Saya tidak pandang bulu. Kita cabut semua izin, mereka yang tidak mau patuh kepada hukum di Negara Kesatuan Republik Indonesia.
Saudara-saudara,Tentunya kita tidak boleh cepat puas, ya. Tapi, kita sudah melihat langkah-langkah kita sekarang, bahwa tadinya kita ditakuti-takuti, adarating agency,global rating agency. Nanti akan kasih rapor jelek Indonesia. Kita akan diturunkan, supaya nanti enggak ada yang mauinvestdi Indonesia.
Saudara-saudara, bukan kita takut, tapi ternyata Standard & Poor’s (S&P), mereka sendiri sudah umumkan, bahwa mereka menilai, bahwa pembentukan PT DSI adalah tepat. Mereka yang mengatakan bahwa itu langkah tepat bagi bangsa Indonesia, Saudara-saudara,  dan itu bisa meningkatkan penghasilan kita,revenuekita. Kemudian, mereka tetap tidak menurunkanoutlook, kita tetapoutlook stable. Kita tetap punyarating investment grade, emerging market, bukan kita selalu harus puas denganratingbangsa lain.
Sekali lagi, Saudara-saudara, percaya kepada kekuatan kita sendiri. Kita hidup di dunia global, tapi kita harus percaya kepada kekuatan kita sendiri, kita percaya kepada fundamental kita sendiri, ya. Apapun terjadi, kita sekarang pangan aman, energi cukup kuat, air kita berlimpah-limpah, tinggalmanagement-nya, ada daerah yang kurang. Jadi, fundamental kita kuat, lahan kita cukup. Kita sudah buktikan rawa kita ubah jadi sawah, rawa yang tidak bermanfaat kita ubah jadi produktif, Saudara-saudara.
Kita sudah mulai dipandang dan kita akan buktikan. Saya yakin dan percaya kita akan jadi lumbung pangan dunia, saya percaya itu. Saya tidak tahu di zaman siapa nanti, tapi saya percaya itu, Saudara-saudara. Semua orang sudah meramalkan, kok, kalau kita akan jadi negara kelima, keempat, semua. Hanya kita sendiri kadang-kadang, bukan rendah hati, mengarah ke rendah diri, ya, kan.
Saudara-saudara,Kita yakin bahwa kita berada di arah yang benar, tapi kita juga waspada. Kita koreksi diri, kita tahu bahwa efisiensi kita masih kurang, regulasi kita terlalu banyak, peraturan kita terlalu banyak. Saya tegaskan di sini, kita harus sederhanakan pemerintahan. Kita akan mulai melaksanakan, atau sudah merintis ke arah digitalisasi pemerintahan dengan GovTech dan program-program lainnya. Saya berharap nantisingle national identity cardbisa dieksekusi, bisa diimplementasi dengan sebaik-baiknya. Kita terus sederhanakan peraturan-peraturan menteri dan sebagainya, harus juga sinkron dengan napas penyederhanaan deregulasi dan efisiensi.
Saudara-saudara,Kita, juga salah satu prestasi kita adalah kita sekarang memiliki sistem perlindungan sosial, menurut saya, salah satu terkuat di dunia, salah satu. Kalau kita ikuti semua program-program ini, dan program-program ini adalah hasil dari pemerintah-pemerintah sebelum kita.
Saya selalu mengakui, tidak ada pembangunan bangsa, tidak ada transformasi bangsa yang sepotong-sepotong. Ini adalahlong march. Semua yang kita miliki dari Bung Karno, dari Pak Harto, dari Pak Habibie, dari Gus Dur, dari Megawati, dari Presiden SBY, dari Pak Jokowi, semua yang kita miliki sekarang hasil dari kerja keras mereka, hasil dari kerja keras pemerintah mereka.
Tugas kita, apa yang sudah dicapai, kita lestarikan, kita bangun, kita perbaiki. Kalau ada kesulitan dan kekurangan, dan kesalahan bangsa, bukan orang, bukan rezim, tapi bangsa. Kekeliruan, kadang-kadang kekeliruan kita sebagai bangsa.
Dulu berbondong-bondong, semua pakar, semua intelektual, hampir 99 persen, semua berbondong-bondong mengelu-elukan neolib, kapitalisme. Ya tidak salah mungkin Presiden Soeharto dikelilingi penasihat-penasihat yang menyarankan, ya, kan. Kemudian habis itu Pak Habibie dan selanjut-selanjutnya. Ya enggak ada masalah. Tapi kita sekarang melihat pengalamannya itu, kita lihat di Amerika saja sudah ditinggalkan, kok, di Eropa saja sudah meninggalkan neolib. Masa kita mau teruskan?
Jadi ini saya tegaskan, ternyata kita punya sistem perlindungan sosial, negara kesejahteraan,welfare state, salah satu terkuat di dunia. Kalau kita lihat program satu-satu, dan sebagian program-program ini dilaksanakan oleh presiden-presiden sebelum kita, pemerintah sebelum kita. Jadi itu yang saya mengajak, jangan kita, apa, ya, punya budaya enggak tahu dari mana. Itu ada selalu mencari kekurangan dan kesalahan, habis itu mencaci maki pemimpin. Walaupun pemimpin sudah, sudah sepuh, pemimpin sudah enggak ada, pemimpin sudah turun, dan sebagainya, masih [dicaci maki], ini bukan budaya yang baik.
Saudara-saudara,Kalau kita lihat, upaya untuk mengurangi dan menghadapi orang miskin sangat besar. Kita punya program Keluarga Harapan, 10.000 keluarga desil 1, 2, 3, dan 4. Eh, 10 juta? 10 juta keluarga. Berarti kurang lebih 40 juta rakyat Indonesia menerima antara Rp75.000 sampai Rp250.000 per bulan.
Sekolah Rakyat, anak-anak dari desil yang paling miskin, total yang diterima itu Rp4 juta per bulan. Kartu Indonesia Pintar, ya, 1,2 juta mahasiswa dibantu biaya hidup Rp800.000 sampai Rp1,4 juta per bulan, bebas UKT, Uang Kuliah Tunggal, dibantu, langsung dibayar ke PT. Program Indonesia Pintar, 22.100.000 siswa, 22.100.000 dari desil 1, 2, 3, 4 yang paling bawah. Jadi keberpihakan kita kepada orang miskin luar biasa.
Kartu Sembako, Rp200.000 per bulan, yang menerima adalah 18.250.000 keluarga, 18.250.000 keluarga kalau dikali empat ini berapa ini? Kembali, mendekati 40 juta. Bansos ATENSI, 83.000 orang menerima bansos.
Jaminan Kesehatan Nasional, Jaminan Kesehatan Nasional 96.800.000 orang, nyaris 100 juta, 20 kali lebih besar dari Singapura, 3,5 kali lebih besar dari Malaysia, kita beri jaminan.
Bantuan Pemberdayaan Sosial Ekonomi, Bantuan Stimulan Perumahan Swadaya, Rp20 juta per rumah, 400.000 penerima manfaat. Nanti saya minta Menteri Perumahan, Menteri Sosial dikaji kembali. Apakah ditambah penerima manfaat, sehingga indeksnya bisa dikurangi, ya. Mungkin dengan kita tidak kasih uang tapi kasih bahan, ya. Kasih semen, kasih genting, kasih kayu, atau kasih baja ringan dan sebagainya, supaya lebih banyak bisa menerima. Fasilitas Likuiditas Pemberdayaan Perumahan (FLPP) Rp727.000 per bulan untuk 1.877.747 rumah tangga.
Bantuan Bencana, Saudara-saudara, ya, cukup besar bantuan bencana kita adalah Rp30 triliun per tahun. Subsidi LPG, Rp66.400.000 rumah tangga menerima subsidi LPG, Rp66.400.000 rumah tangga. Dua kali Malaysia, dua belas kali Singapura. Boleh juga, ya, pemerintah Republik Indonesia, Saudara-saudara. Saudara bangga jadi menteri, bangga jadi pemerintah Indonesia, ya.
Saudara-saudara,Tanpa kita sadari sebetulnya,what we have achieved. Dan selalu saya katakan, Saudara-saudara, marilah kita sadar ini prestasi kita bersama dari zaman Bung Karno sampai sekarang.
Subsidi dan Kompensasi Solar, ada 484.000 rumah tangga. Kompensasi Pertalite, nah, ini, Rp89.000 per bulan, 33 juta orang, eh, 33 juta rumah tangga, hampir 34 [juta], 33.787.364 rumah tangga. Subsidi dan Kompensasi Listrik, Rp130.000 sampai Rp150.000 per bulan, 87 juta rumah tangga, 87 juta rumah tangga, hampir seluruh rakyat Indonesia itu.
Diskon Tarif Kereta Api, 1,3 juta penumpang. Diskon Angkutan Laut, hampir 500 ribu [penerima]. Bantuan Pangan, 10 kilogram beras, 2 liter minyak goreng untuk tiga bulan, 33.24 juta keluarga di desil 1, 2, 3, 4.
Tunjukkan negara mana seperti kita. Pasti ada yang lebih hebat, pasti. Tapi untuk bangsa Indonesia,not bad, lah, ya. Jangan anggap enteng kita terus.We are strong. We are strong, we are rich, and we will be richer.Kita akan lebih kaya, Saudara-saudara sekalian. Karena, kita tidak mau jadi lugu lagi. Kita terlalu lugu, lugu, terlalu naif, ya, terlalu baik. Wartawan masih ada, ya? Masih ada?
Makan Bergizi Gratis (MBG), ya, 74.560.000 siswa, ibu hamil/menyusui, balita, dan lanjut usia, Saudara-saudara. Cek Kesehatan Gratis, 130.800.000 orang. Pertama kali, kalau ini pertama kali cek kesehatan gratis itu, ya. Kita cek, tahu kondisi, tahu masalah, tahu apa yang harus kita kerjakan sekarang. Ternyata rakyat kita banyak sekali yang sakit gigi, giginya rusak. Artinya, dokter gigi kurang. Tapi, kalau kita enggak tahu bagaimana?
Program Afirmatif, 150.000 sarjana S1,fresh graduatemagang enam bulan. Dan saya dapat laporan, ya, Menteri Tenaga Kerja, kurang lebih 60 persen yang langsung dapat pekerjaan di tempat dia magang. Sekolah Unggul Garuda, Rp9.500.000 per bulan. Ini adalah anak-anak yang terpintar walaupun dari keluarga tidak mampu, masuk ke Sekolah Unggul Garuda. Niatnya adalah mereka ini akan nanti masuk ke program-program yang paling berkualitas di seluruh dunia. Rencana kita baru empat Sekolah Unggulan Garuda yang terbangun. Prof. Brian, berapa rencananya? Total SMA Garuda? Beasiswa LPDP, 23.289 mahasiswa untuk dalam negeri dan luar negeri, beasiswa S1 Garuda, Beasiswa S1 Unhan, Beasiswa Sekolah Taruna Nusantara.
Subsidi Pupuk, subsidi pupuk Rp334.166 per bulan, penerimaan manfaat 14.205.757 petani dan pembudi daya ikan menerima subsidi pupuk. Subsidi Bunga KUR Rp500.000 per bulan, 6.084.205 debitur yang menerima. Sertifikat [Halal] Gratis, 1.350.000 UMK. Saudara-saudara, ini adalah program saya sebutkan rinci supaya kita mengerti apa yang sudah kita lakukan.
Saudara-saudara,Kita paham dan mengerti bahwa masa depan kita akan ditentukan oleh kualitas manusia kita, kualitas anak-anak kita, kualitas fisik, kesehatan, karena itu gizi sangat penting, tapi juga kualitas pendidikan. Kita paham bahwa pendidikan kita banyak ketertinggalan. Negara kita sangat besar, luas. Kita memiliki lebih dari 288.000 sekolah, banyak di tempat terpencil. Salah satu upaya kita adalah digitalisasi pendidikan. Kita sudah membagiinteractive flat panel,layar pintar di seluruh sekolah Indonesia. Satu per sekolah, tahun lalu sudah kita bagikan. Tahun ini kita akan tambah, tiga kelas per sekolah. Saya harapkan di akhir 2026 akan sudah tersampaikan, terkirim kurang lebih tambahan 700.000 panel pintar atausmart digital paneldi seluruh sekolah Indonesia akhir Desember 2026 atau semester pertama 2027.
Apa artinya ini? Artinya, bahwa anak-anak kita dan guru-guru kita di seluruh Indonesia punya akses untuk materi pembelajaran terbaik. Baru saja kita dapat berita bagus dari PBB, ya,International Telecommunication Unionmemberi penghargaan tertinggi kepada kita, Indonesia, dari 122 negara, ya, dalam kategorie-governmentdan kategori digitalisasi pendidikan, bahwa kita punyaappsyang dilaksanakan oleh Menteri Dikdasmen, ya, Kementerian Dikdasmen, Rumah Pendidikan, portal interintegrasi denganinteractive flat panelyang kita bagikan, telah digunakan oleh lebih dari 6,9 juta pengguna, menyediakan 4.843 sumber belajar gratis, dan membantu ratusan ribu guru di daerah tertinggal, terdepan, dan terluar.
Penghargaan dari PBB ini membuktikan digitalisasi pendidikan kita diakui dunia. Kita melompat. Kita melompat, Saudara-saudara. Kita tidak cepat puas, perjalanan masih jauh. Tapi, kita ingin memperbaiki semua sekolah kita. Tahun ini kita akan selesai 77 ribu sekolah renovasi, tahun depan target kita 100 ribu, tahun 2028 100 ribu. Kita berharap di 2029, seluruh sekolah Indonesia sudah direnovasi. Seluruh sekolah di Indonesia sudah direnovasi. Dan, uangnya, uangnya kita akan kirim langsung ke kepala sekolah, diawasi oleh komite orang tua, komite guru, dan sebagainya. Dan, ternyata hasilnya sangat baik. Kalau tidak salah, ya, Menteri Mendikdasmen, ada di sini? Ya. Umpan balik yang Saudara terima cukup bagus? Baik. Terima kasih.
Saudara-saudara,Digitalisasi pemerintahan mutlak harus kita lakukan. Kita tidak boleh mempunyai puluhan aplikasi yang tidak saling berbicara. Kita tidak boleh meminta rakyat berkali-kali memasukkan data yang sama. Kita tidak boleh membiarkan rakyat mengeluarkan uang hanya untuk membuktikan bahwa dirinya miskin. Saat ini dari laporan Dewan Ekonomi Nasional, digitalisasi program bantuan sosial telah dijalankan di 43 kabupaten dan kota pada 26 provinsi. Sudah sekitar 1 juta keluarga terdaftar dari target 12,5 juta keluarga. Sebelumnya untuk mengurus berbagai dokumen dan mendaftar bantuan, sebuah keluarga dapat mengeluarkan biaya sekitar Rp150.000. Sekarang, proses itu dapat dilakukan secara gratis. Ini manfaat langsung dari digitalisasi. Tapi tentunya kita harus melangkah lebih jauh.
Data sosial, data kependudukan, data pendidikan, data kesehatan, data pekerjaan, data perumahan, data penerima bantuan harus terintegrasi dengan perlindungan keamanan yang kuat. Jangan sampai ada orang mampu menerima bantuan karena datanya tidak diperbaharui. Jangan sampai ada keluarga miskin tidak menerima bantuan hanya karena tidak mengenal pejabat atau tidak memahami birokrasi. Kalau sistem kita akurat, target nol persen kemiskinan ekstrem menjadi jauh lebih mungkin kita capai.
Kita juga telah menghadirkan mal pelayanan publik di 313 kabupaten dan kota. Dalam satu tempat, masyarakat dapat mengakses sampai dengan 150 jenis pelayanan. Ini kemajuan. Tapi, seluruh pelayanan yang memungkinkan harus tersedia secara digital. Rakyat tidak perlu mengantre berjam-jam. Rakyat tidak perlu berpindah dari kantor ke kantor. Pemerintah harus datang kepada rakyat melalui teknologi. Saya ingin Indonesia memiliki pemerintahan digital kelas dunia.
Saudara-saudara sekalian,Dalam buku yang sudah dibagi kepada Saudara-saudara, ya, telah dicatat 108 masalah kronis bangsa yang kita pecahkan melalui berbagai keputusan pada 18 bulan pertama pemerintahan. Sekarang pemerintahan kita telah berjalan 20 bulan, tentu sudah lebih banyak lagi persoalan yang kita selesaikan. Kita telah mencapai prestasi-prestasi yang sudah saya singgung tadi.
Saudara-saudara,Salah satu juga yang kita telah berhasil adalah mendirikan bank emas. Untuk pertama kali dalam sejarah Republik Indonesia, Indonesia punya bank emas (bullion), yang sekarang sudah mengelola 153 ton emas, sudah mengelola. Dan 153 ton emas ini nilainya berapa, Pak Rosan? 20 miliar Dolar. Jadi, dalam satu tahun, bank yang kita dirikan satu tahun yang lalu, sekarang sudah mengelola emas senilai 20 miliar Dolar. Ini juga kekuatan ekonomi yang dilihat oleh dunia juga, dan saya percaya di tahun-tahun mendatang ini akan juga meningkat. Jadi, kita ternyata diam-diam, kita telah mencapai prestasi-prestasi yang berskala dunia. Saya kira boleh dicek bank mana, bank emas mana yang memiliki 153, yang mengelola 153 ton emas dalam satu tahun.
Saudara-saudara,Gaji hakim yang telah 12 tahun tidak naik, kita telah naikkan. Untuk beberapa jenjang, naiknya hampir 300 persen, 280 persen. Sudah saya umumkan kemarin, Ketua Mahkamah Agung melapor ke saya, bahwa Ketua Mahkamah Agung Singapura cerita kepada dia, Ketua Mahkamah Agung Indonesia, bahwa gaji, apa, penerimaan Ketua Mahkamah Agung Indonesia sudah di atas Ketua Mahkamah Agung Singapura. Dan juga, gaji rata-rata hakim Indonesia yang paling junior, sudah di atas gaji rata-rata hakim junior Malaysia. Lumayan, kan. Kita ingin hakim-hakim kita hidup baik. Saya juga perintahkan, ya, Menteri Perumahan, prioritaskan rumah-rumah untuk hakim di seluruh Indonesia. Hakim, panitera, dan petugas mahkamah saya kira tidak sampai sembilan ribu orang. Jadi bisa diprioritaskan, ya, perumahan untuk mereka. Kita tidak mau hakim kita hidupnya tidak bagus. Kita tidak mau hakim kita tidak punya harga diri. Kita tidak mau hakim kita tidak punya kehormatan. Kita tidak mau hakim kita bisa disogok.
Saudara-saudara,Kredit macet UMKM yang selama belasan tahun telah menghambat para pengusaha kecil kita untuk meneruskan pekerjaan dan usaha mereka, kita telah selesaikan sejak November 2024. Kita telah beri pengampunan ke mereka. Juga mulai dari sampai dengan Juli 2026, dari lima ribu jembatan desa yang sangat diminta oleh rakyat desa, lima ribu, kita sudah selesaikan seribu. Seribu [jembatan] sudah dibangun dan sisanya bisa selesai dalam waktu dekat. Akhir tahun 2026, kira-kira berapa, Kepala Staf Angkatan Darat sebagai Ketua Satgas? Lima ribu akan selesai 2026. Bagus. Terima kasih.
Saudara-saudara,Kita sudah membangun 100 Kampung Nelayan Merah Putih. Target kita akhir tahun, lebih dari seribu Kampung Nelayan Merah Putih harus beroperasi.
Saudara-saudara,Kita sudah mulai beroperasi lebih dari seribu Koperasi Desa Merah Putih. Tentunya, baru satu setengah bulan beroperasi, banyak kekurangan. Ada yang listriknya belum baik, ada yang airnya belum baik, ada yang belum dapat internet, dan sebagainya. Tapi, dalam waktu dekat, saya mendapat laporan, akhir tahun ini kita bisa selesaikan 30 ribu Koperasi Desa dan Kelurahan Merah Putih, 30 ribu. Saya kira ini juga jarang ada negara yang berhasil membuat 30 ribu koperasi dalam satu setengah tahun, karena koperasi ini adalah koperasi operasional, bukan koperasi di atas kertas. Setiap koperasi punya gudang, setiap koperasi punya kamar pendingin, sehingga panen dari rakyat, petani di desa itu tidak akan hangus, tidak akan puso, bisa disimpan. Tiap koperasi akan punya dua truk, sekarang mungkin baru satu dan akan datang secara bertahap. Tiap koperasi akan punya gerai-gerai, Tiap koperasi akan menjual obat generik murah. Tiap koperasi akan punya bengkel untuk memperbaiki alsintan (alat dan mesin pertanian). Tiap koperasi akan menyalurkan semua barang-barang subsidi. Barang subsidi adalah milik rakyat, tidak boleh diperdagangkan.
Saudara-saudara,Untuk pertama kali dalam sejarah Republik Indonesia, pemerintah akan punya, jalur akan punya suatu pegangan rantai pasok,supply chain, retail chaindari pusat sampai ke desa. Pertama kali dalam sejarah. Kita sekarang tidak bisa kita di-blackmail, tidak bisa nanti ada barang langka, tidak bisa nanti ada menimbun barang di saat kritis. Mau Idulfitri, barang langka. Mau tahun baru, barang langka. Tidak bisa, karena kita akan mengerti di mana langka, di mana lebih. Satu desa kelebihan telur, di desa lain kurang, kita akan paham dan mengerti. Dan, kita akhirnya akan lebih baik dan lebih cepat untuk mengendalikan inflasi.
Saudara-saudara,Khusus untuk Koperasi Desa Merah Putih ini, saya ingin jelaskan sedikit. Niatnya tadi adalah untuk menghilangkan rentenir. Rentenir itu hidupnya adalah dengan menghisap darahnya petani kita. Dengan bunga satu persen sehari, tidak mungkin petani, produsen kita bangkit. Tadinya tujuannya itu. Ternyata, kita menemukan bahwa nanti pasok ini bisa memicu, menghemat ratusan triliun Rupiah.
Saya minta dipasangslideitu. Ya, rantai pasok perdagangan bahan pokok. Kalau kita lihat selama ini, petani jual ke pedagang pengumpul, pedagang pengumpul ke distributor, distributor ke sub distributor, sub distributor ke pedagang grosir, pedagang grosir ke pedagang retail. Satu, dua, tiga, empat, lima. Lima pihak baru ke konsumen. Ternyata setelah diriset oleh Menteri Pertanian, keuntungannya yang diambil oleh pihak penengah ini adalah 30-40 persen. Jadi, diperhitungan 313 triliun. Jadi, yang dinikmati oleh petani hanya 30 persen, sepertiga, ya, yang dinikmati oleh konsumen 30 persen, yang 40 persen dinikmati olehmiddleman. Ya, sulit untuk ada kemakmuran.
Dengan Koperasi Merah Putih (KDMP), marginnya kurang lebih 5-10 persen. Saya kira koperasi ambil 5 persen sudah cukup, berarti sisanya bisa dinikmati petani dan konsumen. Ini adalah keamanan ekonomi jangka panjang. Sehingga, Saudara-saudara, bisa kita bayangkan, kalau 250 triliun beredar di rakyat, itu ada istilah para ekonom ajarkan kepada saya, ya. Saya bukan ekonom, saya hanya dapat pelajaran dari ekonom-ekonom, itu ada namanyaphilosophy of money. Jadi kalau satu Rupiah beredar di masyarakat, kegiatan ekonomi yang ditimbulkan bisa dua, tiga, sampai empat kali lipat. Kalau minimal dua kali, berarti 600 triliun atau 500 triliun minimal akan beredar di rakyat kita di bawah. Kalau sampai tiga kali, empat kali itu kita bisa bayangkan.
Saudara-saudara,Jadi, ini saya kira sangat strategis, tentunya usaha besar ini pasti banyak kekurangan. Sama dengan MBG, ada kekurangan, ada penyelewengan, ada penyimpangan, tapi kita segera bertindak, kita segera memperbaiki, ya, kan. Kita sedih ada oknum-oknum, ada pribadi-pribadi yang ingin cari kekayaan dari sesuatu pekerjaan atau suatu usaha yang begitu besar, begitu mulia untuk rakyat. Tapi apa boleh buat, kalau itu memang penyakit harus kita hadapi. Dengan sedih kita tindak, ya, dan kita terus akan tindak.
Sekali lagi, berkali-kali saya bilang bahwa percayalah kita tidak akan, kita tidak akan pilih kasih, kita tidak akan tebang pilih, kita tidak akan tidak bertindak terhadap penyelewengan. Tentunya, kita butuh kearifan kadang-kadang, waktunya kapan, bilamana, di mana, bagaimana, ya, karena kita ingin menyehatkan badan Indonesia. Kalau ada orang, umpamanya, kena kanker, jalan pintas bisa, potong saja tangannya, kita potong saja kakinya, kan, begitu. Tapi, mungkin dengan ketepatan, dengan terapi, dengan teknologi, dengan kita bisa tanpa terlalu merusak badan. Sama.
Saya dapat pelajaran bahwa ekonomi satu negara sama dengan badan kita. Kalau kita memelihara badan kita dengan baik, ekonomi badan kita akan sehat. Sama. Badan ekonomi kalau dipelihara dengan baik akan sehat. Tapi, kalau diracuni denganmarkup, dengan korupsi, dengan penipuan, denganunder-invoicing, dengan transferpricing, dengan patgulipat, permainan antara birokrat sama pengusaha, antara bank, kasih kredit ke itu-itu saja, ya, rusak, sakit. Nah, ini kita sedang perbaiki.
Saya kira, Saudara-saudara, begitu banyak keputusan besar yang telah kita ambil, ya. Jadi, saya rinci ini dalam sidang paripurna ini sebagai satu tonggak evaluasi.What we have done, what we still have to do. Kita sudah mencapai ke sini. Ini untuk mendorong semangat kita. Ternyata benar. Ternyata kalau kebijakannya benar, niatnya benar, arahnya benar, sesuai dengan filosofi bangsa, sesuai dengan akal sehat, sesuai dengan itikad untuk, apa, untuk mengabdi kepada rakyat, ternyata hasilnyareal, hasilnyareal. Dunia sudah mulai mengakui, Saudara-saudara sekalian.
Saya kira itu dari saya sebagai pengantar, ya. Dan, sekarang saya persilakan kawan-kawan media untuk menikmati minum kopi di luar ruangan.
Kamis, 30 Juli 2026
Kamis, 30 Juli 2026
Rabu, 29 Juli 2026
Rabu, 22 Juli 2026
Senin, 20 Juli 2026"
Sambutan Presiden pada Panen Raya Serentak di Seluruh Indonesia Bersama TNI,https://www.setneg.go.id/baca/index/sambutan_presiden_pada_panen_raya_serentak_di_seluruh_indonesia_bersama_tni,"Bismillahirrahmanirrahim.
Assalamu’alaikum warahmatullahi wabarakatuh,Selamat sore,Salam sejahtera bagi kita sekalian,Syalom,Salve,Om swastiastu,Namo Buddhaya,Salam kebajikan.
Yang saya hormati Panglima Tentara Nasional Indonesia (TNI) Jenderal TNI Agus Subiyanto sebagai penyelenggara beserta Wakil Panglima TNI;Para Kepala Staf Angkatan yang hadir: Wakil Panglima TNI Jenderal TNI Tandyo Budi Revita, Kepala Staf Angkatan Darat Jenderal TNI Maruli Simanjuntak, Kepala Staf Angkatan Laut Laksamana TNI Muhammad Ali Kepala Staf Angkatan Udara Marsekal TNI Tonny Harjono;Ketua Komisi IV DPR RI Saudara Siti Hediati Soeharto beserta para anggota DPR RI yang hadir;Para anggota Kabinet Merah Putih yang hadir: Menko Politik dan Keamanan Jenderal TNI (Purn.) Djamari Chaniago, Menko Pangan Saudara Zulkifli Hasan; Menteri Pertahanan Jenderal TNI (Purn.) Sjafrie Sjamsoeddin, Menteri Luar Negeri Saudara Sugiono, Menteri Sekretaris Negara Saudara Prasetyo Hadi, Menteri Pertanian Saudara Andi Amran Sulaiman, Menteri Perdagangan Saudara Budi Santoso, Menteri Agraria dan Tata Ruang serta Kepala BPN (Badan Pertanahan Nasional) Saudara Nusron Wahid, Kepala Kepolisian Negara Republik Indonesia Jenderal Polisi Listyo Sigit Prabowo, Kepala Badan Pusat Statistik Saudara Amalia Adininggar Widyasanti, Kepala Badan Riset dan Inovasi Nasional Profesor Arif Satria, Sekretaris Kabinet Republik Indonesia Letkol Infanteri Teddy Indra Wijaya, Wakil Menteri Pertanian Saudara Sudaryono;Yang saya hormati pimpinan daerah yang hadir: Gubernur Jawa Timur Saudari Khofifah Indar Parawansa beserta jajaran Forkopimda Provinsi Jawa Timur, Bupati Malang Saudara Sanusi, Bupati Nganjuk Saudara Marhaen Djumadi; Wali Kota Malang Saudara Wahyu Hidayat, Wali Kota Batu Saudara Nurochman, Direktur Utama Perum BULOG Jenderal TNI (Purn.) Ahmad Rizal Ramdhani;Yang saya hormati para pimpinan perusahaan BUMN dan swasta;Para peserta yang hadir melaluivideo conference (vidcon)di 42 titik, Kodam, Korem, dan Lanud;Para rektor IPB dan Universitas Brawijaya, para tokoh agama, para alim ulama yang saya hormati;Para kelompok tani, para petani, para penyuluh pertanian;Oh, iya, tadi hadir di sini juga Rektor Institut, saya ulangi, Kepala Pusat Penelitian Perkebunan Gula Indonesia Saudara Akmal Agustira;Tadi, yang kita hormati Wakil Rais Syuriah PWNU (Pengurus Wilayah Nahdlatul Ulama) Jawa Timur Kiai Haji Abdul Matin Djawahir, Ketua Tanfidziyah PWNU Jawa Timur Bapak Kiai Haji Abdul Hakim Mahfudz Gus Kikin;Ketua Dewan Pembina Asosiasi Petani Tebu Rakyat Indonesia (APTRI) Saudara Muhammad Arum Sabil, coba buka topimu. Enggak apa-apa, saya, saya juga mulai botak jadi saya pakai kopiah.Mikirinpetani tebu, ya, botak;Ketua Asosiasi Produsen Spiritus dan Etanol Indonesia Saudara Giovanni, Pengurus Bidang Hukum dan Advokasi Kontak Tani dan Nelayan Andalan Saudara Ahmad Prayogo, Wakil Ketua Umum Asosiasi Pengusaha Gula Indonesia Saudara Yonathan, Ketua Umum Asosiasi Petani Tebu Republik Indonesia Saudara Fatchuddin Rosyidi, Perwakilan Kelompok Tani Tebu Jawa Timur Saudara Abdul Mujib, anak buahnya Arum. Kok wajib botak semua, ya? Pengurus Asosiasi Petani Tebu Rakyat Indonesia harus botak semua, ya?Perwakilan Kelompok Tani Padi Jawa Timur Saudara Ngatiman, oh, enggak, enggak botak. Oke, terima kasih;Perwakilan Kelompok Tani Kedelai Jawa Timur Saudara Puji Santosa dari Pandean, Nganjuk;Baik, Saudara-saudara sekalian, Saudara-saudara yang berada di titik-titik melaluividcon,saya tidak sebut satu per satu tanpa mengurangi rasa hormat.
Sebagai insan yang bertakwa, marilah kita tidak henti-hentinya memanjatkan puji syukur ke hadirat Allahsubhanahu wa ta’ala,Tuhan Mahabesar, Tuhan Mahakuasa yang memiliki sekalian alam. Hanya kepada-Nya lah kita berdoa dan hanya kepada-Nya lah kita memohon pertolongan. Kita bersyukur atas segala kebaikan, karunia, berkah, dan kedamaian yang diberikan kepada kita. Atas kesehatan dan napas yang masih diberikan sehingga kita dapat berkumpul sore hari ini, dalam acara yang sangat membanggakan dan membahagiakan, yaitu Panen Raya TNI, dalam rangka mendukung program ketahanan pangan nasional.
Saya ucapkan selamat atas terselenggaranya Panen Raya TNI Terintegrasi yang dilaksanakan serentak di 43 titik di seluruh Indonesia. Kegiatan ini menunjukkan bahwa ketahanan pangan bukan hanya urusan Kementerian Pertanian, tetapi merupakan gerakan nasional yang melibatkan seluruh kekuatan bangsa. Saya sangat menghargai semangat persatuan, kolaborasi, dan gotong royong dari seluruh komponen bangsa.
Dua bulan lalu, tepatnya 16 Mei 2026, kita menyaksikan Panen Raya Jagung bersama Polri. Hari ini kita menyaksikan Panen Raya TNI, ada tebu, ada kedelai, ada padi. Ini menunjukkan bahwa TNI dan Polri tidak hanya merupakan penjaga ketahanan dan keamanan negara, tapi TNI dan Polri adalah bagian yang tidak bisa dipisahkan dari rakyat Indonesia. TNI dan Polri adalah anak kandung rakyat. TNI dan Polri harus selalu bersama rakyat, di tengah-tengah rakyat. Kesulitan rakyat adalah kesulitan TNI dan Polri. Selama ada rakyat yang hidupnya susah, itu adalah kewajiban semua komponen untuk bersatu, untuk bahu-membahu, berbuat langkah-langkah yang benar, langkah-langkah yang besar, langkah-langkah yang nyata untuk mengatasi kesulitan-kesulitan rakyat itu.
Saya bangga hari ini, dan saya bangga beberapa minggu-minggu ini. Saya melihat kerja keras semua unsur, menteri-menteri, Panglima, Kapolri. Semua unsur bekerja dengan gesit, tidak istirahat. Banyak pejabat tinggi negara, menteri-menteri, kepala badan, terus terang, terus terang saja, yang ambruk, masuk rumah sakit karena kerja keras. Kita mengejar sasaran-sasaran. Kita sadar bahwa rakyat sudah terlalu lama mengalami kehidupan yang tidak selayaknya dialami oleh negara besar dan negara kaya seperti kita, sehingga pemerintah yang saya pimpin bertekad untuk berbuat yang terbaik, untuk menggapai sasaran yang tertinggi dalam waktu yang secepat-cepatnya. Kita tidak mau menjadi bangsa yang santai. Kita akan buktikan kepada dunia, bahwa bangsa Indonesia sedang bangkit dengan kekuatan kita sendiri.
Berkali-kali pendiri-pendiri bangsa kita mengajarkan kepada kita, bahwa percayalah kepada kekuatan kita sendiri. Tidak ada bangsa lain yang kasihan sama kita, tidak ada bangsa lain yang kasihan sama kita. Ratusan tahun mereka datang mengambil kekayaan kita dan sampai hari ini pun ada negara-negara yang selalu ingin ambil kekayaan kita, dan membiarkan rakyat kita miskin. Itu kita tidak terima.
Karena itu, sekali lagi saya ucapkan terima kasih kepada semua unsur, semua unsur. Kita bahu-membahu. Saya mengajak semua kekuatan, sudah bersatulah. Bersatulah untuk bangsa dan rakyat kita, bersatulah untuk anak-anak dan cucu kita, bersatulah untuk mengamankan, menguasai kembali semua kekayaan bangsa Indonesia, supaya rakyat kita bisa menikmati kekayaan tersebut. Kita akan dilawan, tapi itu risiko. Ratusan tahun kita ingin merdeka, ratusan tahun kita ingin hidup baik, ratusan tahun. Dan, kita merdeka melalui perjuangan, melalui darah keringat, dan air mata. Kita tidak mau memusuhi siapa saja. Saya katakan, kita mau bersahabat dengan semua kekuatan, semua negara. Tapi, kita sadar sekarang bahwa kita harus kompak, kita harus bersatu. Semua unsur, terutama mereka yang dipilih rakyat, terutama mereka yang digaji oleh rakyat, terutama mereka di dalam pemerintahan, dalam birokrasi, dalam BUMN-BUMN. Kita tidak mau toleransi kepada mereka yang dipercaya oleh rakyat, yang digaji oleh rakyat, tapi melaksanakan kebijakan-kebijakan dan tindakan-tindakan yang merugikan rakyat. Apalagi mencuri uang rakyat, kita tidak toleransi. Saya tidak toleransi, sebagai presiden yang dipercaya rakyat, saya tidak akan ragu-ragu.
Saya terima kasih. Target kita swasembada pangan sudah kita capai. Sekarang swasembada energi kita sedang menuju, swasembada air sedang kita rintis, sehingga semua rakyat kita punya akses kepada air bersih dan air untuk tanaman. Kita sedang mengadakan penertiban besar-besaran terhadap semua kegiatan-kegiatan yang ilegal, penyelundupan, kegiatan tambang ilegal, kegiatan perkebunan ilegal, kegiatan perikanan ilegal, permainan-permainan dagang yang ilegal. Pekerjaan kita besar, tapiinsyaallah, dengan tekad, dengan hati, dengan kehendak, kita akan mencapai yang kita inginkan.
Tadi Menteri Pertanian menyampaikan kepada saya, bahwa sudah 12 tahun tidak ada peremajaan tebu 12 tahun, 12 tahun. Kita sekarang akan meremajakan semua tebu yang kita miliki. Menteri Pertanian melaporkan kepada saya, program kita sekarang adalah 100 ribu hektare per tahun. Dan, dengan demikian akan dicapai dalam empat tahun. Tapi setelah saya tanya lagi ke beliau, dengan gagah dan berani beliau mengatakan, “Pak kita bisa dalam dua tahun.” Tapi saya bilang, “Bagus, tapi jangan masuk rumah sakit, Menteri Pertanian.” Janji, dua tahun tapiyouenggak masuk rumah sakit. Negara dan bangsa masih butuh kau. Ya, menteri-menteri, jenderal-jenderal jangan, jangan ambruk. Kalau mau ilmu, nanti saya kasih ilmu. Tentara itu pintar cari waktu istirahat, ya. Upacara saja bisa tidur, nah, itu. Ini lulusan akademi militer, akademi polisi semua, punya ilmu-ilmu itu semua. Di kelas tidur. Tapi sekarang enggak, itu zaman dulu. Zaman kalian, kan, enggak tidur di kelas, kan? Enggak, kan? Karena gizi sudah bagus.
Jadi, kita akan percepat dan semua usaha kita akan kerja keras. Tapi sekarang hasil-hasil sudah mulai kita lihat. Menteri Keuangan melaporkan kondisi ekonomi kita bagus. Di tengah dunia yang susah, di tengah perang di mana-mana, kita masih lumayan. Kita kemarin berhasil mulai produksi, mulai pembangunan blok gas, salah satu yang terbesar di kawasan kita. Setelah 28 tahun mangkrak, kita hidupkan. Sebelumnya kita berhasil menjadi negara pertama di dunia yang menghasilkan B50. Kita sekarang menghasilkan solar dari kelapa sawit. Jadi, dari mulai bulan Juli ini kita tidak impor solar lagi dari luar negeri, Saudara-saudara sekalian. Lebih baik uang itu beredar di Indonesia, dinikmati oleh petani-petani sawit di seluruh Indonesia.
Dan, hari ini saya dipaparkan, dikasih lihat tadi. Saya minta maaf tadi saya lama melihat pameran, itu ada tadi sudah mulai kita mampu menuju E10, Etanol 10. Jadi nanti bensin bisa dicampur dengan 10 persen etanol. Tapi, tadi para petugas mengatakan kita bisa sampai E20, butuh pabrik. Tadi pabriknya yang baru kita miliki baru satu pabrik, tadi saya putuskan kita akan bangun minimal 30 pabrik. Kalau perlu sampai 50 pabrik. India sudah E20, India sudah E20. Brasil sudah E100. Masa Indonesia enggak bisa? Indonesia bisa, kan? Bisa? Bisa. Bisa. Yang enggak mau, enggak apa-apa. Duduk saja. Duduk saja, nonton. Tapi jangan membebek kepada kekuatan asing terus, ya, Indonesia jelek, Indonesia apa? Indonesia gelap. Kalau pakai kacamata gelap, ya, gelap terus. Tiap bulan Indonesia akan kolaps. Juni kolaps, ini sudah Juli. Juli kolaps, kolaps aja. Mikirnya mikir kolaps, ya, kan. Biar saja. Kalau di tentara itu ada istilah, tinggalkan, beri tanda. Kita jalan terus. Kita bekerja dengan semangat gembira, semangat optimis. Orang berani itu gembira, orang berani itu optimis. Orang sedih duduk di kamar saja, sedih dia.
Sebentar lagi kita sudah punya motor nasional. Saya akanlaunchingbeberapa minggu ini, motor listrik nasional. Saya berharap nanti petani-petani kita minimal naik motor, motor listrik, ya. Siapa tahu ada yang pakai mobil semua nanti. Tapi ada beberapa petani yang sudah melapor ke saya, dia sekarang sudah libur ke Hong Kong. Saya senang, ya, kan. Nah, ini bagus, yang bikin pidato tertulis cukup pendek. Saya sudah sampai paragraf lima. Kalau paragraf enam, ucapkan terima kasih. Tapi, saya sudah bicara semua itu.
Saudara-saudara,Kita optimis, kita canangkan cita-cita kita setinggi langit, Indonesia akan jadi negara makmur, ya. Kita, kita tidak mau bodoh lagi. Kita ramah, dibilang lemah, ya. Kita baik, dibilang bodoh. Ya sudah lah, ya sudah lah, ya, kan. Kita bersahabat, mau datang ke Indonesia,monggo. Dan semua orang, banyak orang asing senang kalau ke Indonesia. Kita ini bangsa yang ramah. Tapi, kita sekarang mau jadi bangsa yang bangkit, Saudara-saudara.
Kita akan punya motor buatan anak-anak Indonesia, kita akan punya mobil buatan anak-anak Indonesia. Sekarang TNI dan Polri sudah pakai jip buatan putra-putri Indonesia. Waktu saya Menteri Pertahanan, disodorkan, “Pak, TNI dan….” TNI, waktu itu saya Menhan, jadi saya enggak bisa, saya enggak bisa urus Polri,sorry. Lantas polisi enggak mau di bawah Menteri Pertahanan, sih. Tapi, TNI saya disodorkan, “Pak, ini jip bagus, Pak, murah, buatan asing. Ini buatan Indonesia tapi mahal, Pak.” Ya, karena kita baru mulai. Ya, kalau saya pilih yang murah ini, kapan Indonesia punya jip sendiri, ya, kan? Ya sudah, saya pilih yang mahal, agak mahal, tapi buatan anak-anak Indonesia sendiri, yaitu Maung, yang sekarang dipakai perwira-perwira kita sekarang pakai Maung. Saya dengar Danramil sudah pakai jip juga, ya? Gagah itu. Ya, enggak bisa semua serentak. Itu ada yang teriak belum, pasti Danramil yang belum dapat jip itu dulu. Babinsa sudah mulai, kan, dapat motor-motor ya? Motor listrik, ya? Itu di film sudah, nah, itu. Jadi sekarang kalau saya lihat kota, saya lihat ada jip-jip, bangga juga saya. Waduh, TNI sekarang pakai jip sendiri.
Senjata kita sudah diakui dunia. Kita menang pertandingan menembak, berapa belas kali? Berapa? Benar 12 kali? Kayaknya lebih, ya? Oh, Australia 12 kali. Ada ASEAN, kan, dan sebagainya. Tapi, apa, yang ini menang 12 kali berturut-turut dalam pertandingan mereka. Yang bikin peraturan mereka, wasitnya mereka, teknik-tekniknya mereka, tapi kita menang 12 kali pakai senjata buatan anak-anak Indonesia. Senapan serbu dari kita, pistol dari kita, SO (senjata otomatis) dari kita.
Saudara-saudara,Saya dengar begitu kita menang, kaget mereka. Indonesia, kan, dianggap remeh. Hadir di situ militer-militer terbaik di dunia. Tentara Amerika, marinir Australia, Selandia Baru, Singapura, Malaysia, Vietnam, Thailand, ya. Indonesia 12 kali menang. Dan, karena mereka, mereka pikir, kok, bisa menang? Dia periksa senjata kita, katanya. Dibongkar, pelurunya dilihat, jangan-jangan Indonesia ini curang pakai apa, gitu. Enggak, ini saya kasih contoh bahwa kita sebenarnya kalau diberi kepemimpinan yang baik, diberi alat yang baik, uang makan yang enggak dikorupsi. Komandannya kasih contoh, ya. Yang komandan-komandan jangan, apa itu,jarkoni, ngajar iso ngelakoni oraiso.Ojo!Tentara dan polisi Indonesia harusing ngarso sung tulodo, di depan memberi contoh, ya. Nanti ada pertandingan antara jenderal-jenderal, saya wasitnya.
Saudara-saudara,Banyak pakar di dunia sudah ramalkan bahwa dalam tahun 2045, ‘45 sampai ‘50, Indonesia akan menjadi negara keempat terbesar dan terkaya di dunia. Tahun 2050, China nomor satu, Amerika nomor dua, India nomor tiga, Indonesia nomor empat. Nanti 2075, India naik. Kita, kita oke, lah, ya, keempat di dunia, benar enggak? Kita nanti 2050, kita di atas Jepang, di atas Inggris, Brasil, Prancis. Makanya, kita sekarang harus siap. Itu 2050, itu 25 tahun lagi. Jadi, anak-anak yang sekarang umur 10 tahun yang di SD, dia nanti 25 tahun lagi, dia 35 tahun, dia intinya bangsa Indonesia. Jadi, kalau kita sekarang tidak urus anak-anak itu, dia bagaimana akan menjadi negara keempat terbesar di dunia? Kita harus hilangkan kelaparan, kita harus hilangkan kemiskinan, kemiskinan, apalagi kemiskinan ekstrem harus kita hilangkan.Insyaallahkita akan hilangkan, Saudara-saudara sekalian. Kita akan hemat anggaran kita, kita akan bikin efisien. Bila perlu anggaran pertahanan kita kurangi, anggaran polisi kita kurangi untuk menghilangkan kemiskinan. Rela TNI? Rela polisi? Aku tanya TNI, bukan kau. Rela, ya? Anggaran kurangi, rela? Ikhlas? Kok? Ikhlas, ikhlas? Ikhlas.
Saudara-saudara,Pertahanan terbaik adalah rakyat yang kuat dan sejahtera. Kalau ada yang macem-macem sama bangsa Indonesia, seluruh rakyat, seluruh rakyat akan membela bangsa ini, Saudara-saudara. Makanya dari sekarang TNI dan Polri di tengah-tengah rakyat, di tengah-tengah petani dan nelayan, Saudara-saudara. Hari ini saya bangga, hari ini saya bahagia. Saya sungguh bahagia dan saya sungguh merasa terharu. TNI bangun berapa ribu jembatan, Polri juga berapa ribu titik air. Kita atasi, kesulitan rakyat kita atasi. Enggak usah terlalu apalah, ini prosedur ini, kenapa tentara ikut di sawah, kenapa polisi ikut menanam. Enggak, ini Indonesia. TNI-Polri milik rakyat. Kesulitan rakyat harus kita atasi, TNI-Polri harus mengatasi kesulitan rakyat. Kau di negara lain, itu urusan kau. Enggak usah terlalu banyak urusan kita, deh, benar enggak? Lu juga enggak kasihan sama kita, benar enggak? Iya, kan?
Wassalamu’alaikum warahmatullahi wabarakatuh,Salam sejahtera bagi kita sekalian,Syalom,Salve,Om santi santi santi om,Namo Buddhaya,Salam kebajikan.
Terima kasih semua.Hari ini saya bahagia. Saya bangga jadi presiden Republik Indonesia, saya bangga dengan petani-petani Indonesia. Terima kasih petani, nelayan Indonesia. Kau, kau adalah pahlawan yang sebenarnya. Kau menghasilkan pangan untuk kita semua. Yang mengatakan beras terlalu mahal, suruh ikut kau tanam beras. Kalau petani beras enggak boleh dapat penghasilan yang tinggi, ya, suruh mereka tanam padi sendiri itu. TNI akan siapkan lahan untuk mereka. Menteri Pertanian siapkan lahan untuk mereka. Suruh tanam sendiri,wenakaja.
Terima kasih, saya bangga dengan TNI, saya bangga dengan Polri. Terima kasih, Saudara-saudara.
Bismillahirrahmanirrahim, pada sore hari ini, Jumat, 17 Juli 2026, dengan rahmat Tuhan Yang Mahabesar, saya Prabowo Subianto, Presiden Republik Indonesia, menyatakan Panen Raya Serentak bersama TNI secara resmi dimulai.
Kamis, 30 Juli 2026
Kamis, 30 Juli 2026
Rabu, 29 Juli 2026
Rabu, 22 Juli 2026
Senin, 20 Juli 2026"
Sambutan Presiden pada Groundbreaking Proyek Strategis Nasional Liquefied Natural Gas (LNG) Abadi Masela,https://www.setneg.go.id/baca/index/sambutan_presiden_pada_groundbreaking_proyek_strategis_nasional_liquefied_natural_gas_lng_abadi_masela,"Melalui konferensi video dari Istana Merdeka, Jakarta
Bismillahirrahmanirrahim.
Assalamu’alaikum warahmatullahi wabarakatuh,Selamat siang,Salam sejahtera bagi kita sekalian,Syalom,Salve,Om swastiastu,Namo Buddhaya,Salam kebajikan.
Yang saya hormati Menteri Energi dan Sumber Daya Mineral (ESDM) Saudara Bahlil Lahadalia sebagai penyelenggara beserta jajaran Kementerian ESDM;Presiden dan CEO PT INPEX Masela Saudara Takayuki Ueda, Menteri Agraria dan Tata Ruang Saudara Nusron Wahid, Menteri Perencanaan Pembangunan Nasional Profesor Rachmat Pambudy, Kepala Staf Kepresidenan Jenderal TNI (Purn.) Dudung Abdurachman; Gubernur Maluku Saudara Hendrik Lewerissa beserta jajaran Forkopimda Provinsi Maluku; Panglima Kodam, Kapolda, Kepala Kejaksaan dan Saudara-saudara sekalian;Bupati Kepulauan Tanimbar Saudara Ricky Jauwerissa, Bupati Maluku Barat Daya Saudara Benyamin Thomas Noach, Kepala SKK Migas Saudara Djoko Siswanto, Direktur Utama PT Pertamina Saudara Simon Aloysius Mantiri;Saudara-saudara sekalian semuanya dan yang hadir di Istana Merdeka: Menteri Luar Negeri Saudara Sugiono, Menteri Sekretaris Negara Saudara Prasetyo Hadi, Sekretaris Kabinet RI Saudara Teddy Indra Wijaya, Wakil Menteri Energi dan Sumber Daya Mineral Saudara Yuliot Tanjung;Yang saya hormati para tokoh agama dan tokoh adat yang hadir;Para pekerja yang berada di lokasi LNG Abadi Masela yang saya banggakan;Para hadirin tamu undangan, serta rekan-rekan pers dan media.Saudara-saudara sekalian,Sebagai insan yang bertakwa, marilah kita tidak henti-hentinya memanjatkan puji syukur ke hadirat Tuhan Mahakuasa, Tuhan Mahabesar, yang memiliki sekalian alam, atas segala karunia, berkah, dan kebaikan, serta kedamaian yang masih diberikan kepada kita, dan juga atas napas dan kesehatan yang masih diberikan kepada kita, sehingga kita dapat berkumpul hari ini dalam suatu momen bersejarah, momen yang sangat penting dalam perjalanan pembangunan bangsa, yakni acaraGroundbreakingProyek Strategis NasionalLiquefied Natural GasAbadi Masela di Kabupaten Kepulauan Tanimbar, Provinsi Maluku.
Saya minta maaf, tadinya saya ingin hadir langsung, tapi karena ada berbagai acara yang tidak bisa saya tinggalkan di Pusat, terpaksa saya hadir melaluivideo conferenceini, tanpa mengurangi rasa hormat saya kepada Saudara-saudara sekalian. Tentunya, ini merupakan hutang saya kepada masyarakat Maluku dan kabupaten-kabupaten tersebut.Insyaallah,saya akan melunasi hutang tersebut dalam waktu yang tidak lama lagi.
Saudara-saudara,Pembangunan suatu bangsa adalah upaya kerja keras suatu bangsa, adalah perjalanan yang sangat jauh, yang membutuhkan persatuan semua unsur, semua elemen. Dengan demikian, Proyek Strategis Nasional Abadi Masela ini merupakan suatu proyek yang sungguh sangat penting. Proyek ini hampir tiga dekade, tiga dasawarsa, kita tunggu. Tiga dekade, tiga dasawarsa, rakyat menunggu. Alhamdulillah, hari ini kita mulai pembangunan dan pembangunan tidak boleh terhambat, harus selesai dalam waktu sesingkat-singkatnya.
Saudara-saudara sekalian,Dari sejak awal kita sadar dan saya selalu menegaskan bahwa kemerdekaan suatu bangsa tujuannya adalah yang pertama tentunya bangsa itu ingin menjamin kelangsungan hidupnya. Dan di dalam dunia modern, bahkan dari sejak ratusan tahun, bahkan ribuan tahun, energi salah satu syarat dari kelangsungan hidup suatu bangsa. Dengan demikian, kita sadar, bangsa Indonesia sadar, bahwa kita diberi karunia yang luar biasa oleh Yang Mahakuasa. Buktinya antara lain bahwa kita sudah paham, bahwa di perairan kita, di Tanimbar, di Maluku ini kita memiliki cadangan energi yang sangat besar. Kita sudah sadar ini 28 tahun yang lalu, dan kita menghargai semua unsur, kita apresiasi, kita harus memberi suatu penghargaan sekali lagi kepada semua unsur yang telah memungkinkan proyek ini terwujud. Kita hargai dari kawan-kawan kita dari Jepang yang investasi di sini, dari INPEX. Kita juga berterima kasih Saudara-saudara kita dari Malaysia, PETRONAS, juga ikut di sini, dan kita tentunya bangga, putra-putri kita, perusahaan nasional kita, Pertamina, ada di sini, dan kita harus semua bahu-membahu bekerja sehingga proyek ini sukses, dan proyek ini cepat produksi, dan cepat menghasilkan.
Saudara-saudara,Kita sadar bahwa lingkungan dunia saat ini penuh dengan ketidakpastian, penuh dengan konflik, ketegangan, bahkan perang di mana-mana, dan kita masih bersyukur kawasan kita dalam keadaan damai. Kita bersyukur warisan dari pendiri-pendiri bangsa kita, bahwa sesungguhnya Indonesia tidak punya musuh. Kita, alhamdulillah sekarang ini kita sudah menjalin hubungan baik dengan semua tetangga kita dan kita bertekad bahwa itu pendirian kita. Kita bersahabat dengan semua tetangga-tetangga kita, kita hormati semua negara di dunia, besar, paling besar, kuat, paling kuat, maupun yang kecil, maupun mungkin yang tidak kuat. Ini adalah karunia kita, ini adalah sesuatu yang kita harus hargai. Dengan kondisi ini, kita bersahabat sama semua negara. Dalam kondisi ini kita terbuka kepada semua mitra, semua negara yang mau masuk ke Indonesia, mau bermitra sama Indonesia, mau bekerja dengan saling menguntungkan. Ini sikap kita.
Tapi, semua pihak juga harus mengerti bahwa Indonesia sekarang sudah dewasa. Pemimpin-pemimpin di Indonesia bukan pemimpin yang bodoh, bukan pemimpin yang naif, bukan pemimpin yang penakut. Memang, ada pihak-pihak yang selalu memandang rendah bangsa Indonesia, yang selalu menganggap remeh bangsa Indonesia, yang selalu mengejek bangsa Indonesia di belakang punggung kita, memang. Mungkin karena kebaikan bangsa Indonesia, keramahtamahan, bahwa bangsa kita begitu ramah, kita dinilai lemah. Kita dibilang bangsa yang santai, kita dibilang bangsa yang malas, bahwa rakyat Indonesia para pribuminya hobinya tidur, padahal rakyat kita berjuang keras dari hari ke hari untuk mencari kehidupan yang layak. Mereka yang berlayar di laut mencari makan, mencari ikan, itu mempertaruhkan nyawa, di mana-mana rakyat kita kerja keras. Tapi kalau iklim itu begitu panas, ya, kearifan nenek moyang mengajarkan kita hindari panas pada saat terik matahari. Ada bangsa-bangsa yang tidak lihat bahwa rakyat kita bangun sangat pagi. Ada yang ke sawah, ada yang ke ladang, ada yang cari air, cari kayu, ada yang berburu, ada yang melaut di saat gelap, kembalinya pun di saat gelap.
Jadi, Saudara-saudara, hari ini kita berbesar hati, kita bangga. Alhamdulillah, setelah puluhan tahun proyek ini berjalan. Dan, kita hargai kawan-kawan kita dari Jepang. Kita mulai proyek ini, kita cari suatu keuntungan bersama. Kehormatan bagi tuan rumah adalah kalau mitranya, kalau tamunya bahagia, itu kehormatan bagi tuan rumah. Tapi, kita pun punya tanggung jawab kepada rakyat kita. Rakyat kita masih banyak yang hidupnya susah. Sehingga, Saudara-saudara, saya sebagai Presiden Republik Indonesia, saya sebagai yang menerima mandat dari rakyat Indonesia, saya sekali lagi saya tegaskan, jalankanlah proyek ini dengan sebaik-baiknya atas dasar saling menguntungkan. Para investor harus untung. Sekali lagi, sebagai bangsa yang punya harga diri dan kehormatan, kita yang malu kalau mitra kita tidak puas, kalau mitra kita rugi, kalau mitra kita tidak bahagia.
Tapi sebaliknya, kita punya tanggung jawab yang besar kepada rakyat kita. Kita perlu energi ini untuk melaksanakan transformasi bangsa. Kita ingin menjadi negara yang modern, kita ingin menjadi bangsa yang seperti bangsa Jepang, kita ingin menjadi bangsa yang produktif, kita ingin menjadi bangsa yang menghasilkan produk-produk industri. Kita punya segala sumber daya untuk itu, kita juga punya kapasitas, anak-anak kita juga tidak kalah pintar. Dan, saya sudah merencanakan dan saya sudah melihat rencana-rencanareal, kita bertekad untuk menjadi negara industri, negara modern dan kita bertekad rakyat kita harus hidup dengan baik, hidup dengan layak. Kita butuh uang untuk bikin pelayanan kesehatan yang terbaik. Kita butuh uang untuk bayar gaji-gaji guru sehingga sekolah-sekolah kita menjadi juga tidak kalah dengan sekolah-sekolah di luar negeri. Kita butuh uang untuk membayar semua pegawai negeri kita dengan baik. Kita butuh uang untuk membangun prasarana yang penting untuk kehidupan yang modern.
Dengan demikian, proyek semacam ini sangat penting. Saya sangat menghargai dimulainya proyek ini. Tadi sudah disinggung proyek ini investasinya sangat besar. 20,9 miliar Dolar, hampir 21 miliar Dolar, akan menghasilkan lebih dari sembilan juta ton gas, kondensat, dan sebagainya. Sehingga ini akan sangat membantu bangsa Indonesia melaksanakan pembangunan. Kita harus melakukan hilirisasi dan hilirisasi ini membutuhkan energi. Energi kita sangat banyak, hanya ada dua [sampai] tiga tahun masa transisi. Dan, kebetulan di tengah dunia yang penuh bahaya sekarang, Indonesia cukup punya ketahanan, kita sudah antisipasi, kita punya langkah-langkah yang untuk bisa membawa Indonesia dalam keadaan yang baik.
Sekali lagi, saya menghargai tekad Saudara-saudara, komitmen Saudara-saudara. Menteri ESDM dengan semua unsur benar-benar sesuai dengan tekad kita, filosofi kita, bahwa ekonomi, pembangunan, transformasi, hilirisasi, industrialisasi harus secepatnya membawa kemakmuran untuk sebanyak-banyaknya rakyat Indonesia. Ekonomi harus untuk rakyat, bukan rakyat untuk ekonomi. Semua ini milik rakyat kita, tanggung jawabnya adalah menjamin bahwa rakyat merasakan, sehingga komitmen tadi mengutamakan putra daerah, membantu pengusaha-pengusaha lokal. Kalau ada pengusaha lokal yang mungkin kurang kompetensinya, ya dibantu, ya ada keberpihakan, adaaffirmative action. Nanti dari perusahaan-perusahaan BUMN, dari Danantara, dari Pertamina mengerahkan bantuan-bantuan teknis. Kita ingin semua merasakan dampak dari program ini.
Saya juga ingin menyampaikan terima kasih dan penghargaan khusus untuk CEO dari INPEX Masela, Saudara Takayuki Ueda. Saya terkesan bahwa Saudara bisa Bahasa Indonesia, terima kasih INPEX menunjuk orang seperti Takayuki Ueda ini. Saya lihat tidak banyak CEO perusahaan asing yang mau belajar Bahasa Indonesia. Terima kasih, Takayuki Ueda. Saya percaya dengan Anda memimpin proyek ini,insyaallahproyek ini akan berhasil membawa manfaat untuk kita semua.
Saudara-saudara,Saya kira itu yang ingin saya sampaikan. Saya yakin proyek ini nanti akan menjadi pendorong bagi kemajuan Indonesia, khususnya Indonesia Timur. Ini juga memperkuat kemandirian energi nasional Indonesia dan juga tonggak yang penting bagi kesejahteraan rakyat Indonesia.
Dan, dengan demikian, saya ucapkan sekali lagi terima kasih penghargaan kepada Saudara-saudara, kepada rakyat Tanimbar, rakyat Maluku. Saya minta maaf, saya belum hadir fisik. Tapi kalau Kepulauan Barat Daya, saya sudah dua kali ke Pulau Moa. Dan, saya berharap Pulau Moa sekarang sudah lumayan titik air bersih untuk rakyat Moa.
Saudara-saudara,Dengan demikian, dan dengan mengucapbismillahirrahmanirrahim,pada siang hari ini, Hari Kamis, 16 Juli 2026, dengan rahmat Tuhan Yang Mahabesar, saya Prabowo Subianto, Presiden Republik Indonesia, saya nyatakanGroundbreakingProyek Strategis Nasional Liquefied Natural Gas Abadi Masela secara resmi dinyatakan dimulai.
Terima kasih.
Wassalamu’alaikum warahmatullahi wabarakatuh,Salam sejahtera bagi kita sekalian,Syalom,Salve,Om santi santi santi om,Namo Buddhaya,Salam kebajikan,Rahayu rahayu.
Terima kasih.
Kamis, 30 Juli 2026
Kamis, 30 Juli 2026
Rabu, 29 Juli 2026
Rabu, 22 Juli 2026
Senin, 20 Juli 2026"
Sambutan Presiden pada Peringatan Hari Koperasi Nasional Ke-79 Tahun 2026,https://www.setneg.go.id/baca/index/sambutan_presiden_pada_peringatan_hari_koperasi_nasional_ke_79_tahun_2026,"Di Indonesia Arena, Kompleks Gelora Bung Karno, Kota Administrasi Jakarta Pusat, Provinsi DKI Jakarta
Bismillahirrahmanirrahim.
Assalamu’alaikum warahmatullahi wabarakatuh,Selamat siang,Salam sejahtera bagi kita sekalian,Syalom,Salve,Om swastiastu,Namo Buddhaya,Salam kebajikan.
Yang saya hormati para pimpinan lembaga negara yang hadir, Ketua Majelis Permusyawaratan Rakyat Republik Indonesia (MPR RI) Saudara KH. Ahmad Muzani, Ketua Dewan Perwakilan Daerah Republik Indonesia (DPD RI) Saudara Sultan Bachtiar Najamudin, Menteri Koperasi sebagai penyelenggara Saudara Ferry Juliantono, Ketua Umum Dewan Koperasi Indonesia (Dekopin) sekaligus Wakil Ketua Komisi XVII DPR RI Saudara Bambang Haryadi, Ketua Dewan Penasihat Dekopin yang sekaligus adalah Kepala Staf Angkatan Darat (KSAD) Jenderal TNI Maruli Simanjuntak, Menko Politik dan Keamanan Jenderal TNI (Purn.) Djamari Chaniago, Menko Pemberdayaan Masyarakat Saudara Abdul Muhaimin Iskandar;Para Menteri, Kepala Badan, Jaksa Agung, Kepala BIN, Panglima TNI, Kapolri, para Wakil Menteri, serta seluruh anggota Kabinet Merah Putih yang hadir yang tidak bisa saya sebut namanya satu per satu tanpa mengurangi rasa hormat.Atau perlu saya sebut satu per satu? Sebut enggak? Kenapa? Ini, kabinet saya ini orang-orang hebat, putra-putri terbaik di Indonesia, putra-putri terbaik Indonesia. Saya di sini berdiri di depan Saudara-saudara sekalian, kalau tidak ada mereka, saya tidak bisa berdiri di sini sekarang. Jadi semua kegiatan manusia adalah kegiatan kerja sama.Arti koperasi adalah kerja sama, adalah gotong royong,to cooperate, kooperatif, kerja sama. Saudara-saudara, tapi oke, karena saya patuh sama rakyat. Hanya 38 nama, kok, enggak apa-apa. Ya sudah nanti, deh;Perwakilan keluarga dari Bapak Koperasi Indonesia Keluarga Muhammad Hatta, hadir di sini cucu Bung Hatta, Saudara Mohammad Athar dan Saudara Rico Frantino. Terima kasih kehadiran Saudara-saudara.
Saudara-saudara sekalian,Sebagai insan yang bertakwa, marilah kita tidak henti-hentinya memanjatkan puji syukur ke hadirat Allah swt.,Tuhan Mahabesar, Tuhan Mahakuasa, yang memiliki sekalian alam. Hanya kepada-Nya lah kita berdoa dan hanya kepada-Nya lah kita meminta pertolongan. Kita bersyukur atas segala karunia, atas segala berkah, dan kebaikan yang diberikan kepada kita dan kepada bangsa kita. Atas kedamaian yang masih kita bisa rasakan di tengah dunia yang penuh perang, pertikaian, dan konflik, atas napas, dan kesehatan yang masih diberikan kepada kita, sehingga hari ini kita berkumpul di Senayan ini pada acara Puncak Peringatan Hari Koperasi ke-79, Saudara-saudara sekalian, tahun 2026. Selamat memperingati Hari Koperasi ke-79 kepada seluruh insan koperasi Indonesia di mana pun engkau berada.
Hari ini adalah hari yang membahagiakan saya. Saya lihat wajah-wajah tokoh koperasi yang sudah lama berjuang. Saya berjuang bersama Saudara-saudara di beberapa koperasi induk koperasi unit desa (KUD) cukup lama, yang terakhir saya sebagai Ketua Dewan Pembina, saya juga memimpin beberapa koperasi di masa 30 tahun yang terakhir ini.
Kita melihat ekonomi Indonesia dikuasai oleh paham ekonomi neoliberal yang sesungguhnya adalah bertentangan dengan Undang-Undang Dasar 1945. Cukup lama kita berjuang untuk mengembalikan arah pembangunan ekonomi ke arah yang dirancang oleh pendiri-pendiri bangsa kita, yaitu ekonomi kekeluargaan, ekonomi kerakyatan, ekonomi di mana semua unsur harus berperan dan harus diberi kesempatan.
Saudara-saudara,Kita tidak mencari kesalahan masa lalu. Kita akui itu kesalahan kita bersama, kesalahan para elite. Waktu itu mungkin kita terkesima oleh keunggulan Barat, keunggulan Barat, seolah-seolah Barat adalah peradaban yang sangat unggul, sangat kuat, dan bisa membawa kesejahteraan kepada rakyat dalam waktu yang singkat. Ternyata setelah tiga dasawarsa kita melihat tidak benar. Saya termasuk mungkin salah satu yang dari awal sudah memperingatkan bahwa paham kapitalisme neoliberal tidak akan berhasil, dan tidak akan membawa kesejahteraan, dan tidak mungkin membawa kesejahteraan kepada rakyat banyak.
Dan, Saudara-saudara, sesungguhnya, Saudara-saudara, karena saya ini merasa di kalangan keluarga sendiri. Koperasi itu memang saya merasa adalah keluarga saya. Walaupun saya kalah presiden berapa kali, saya merasa gerakan koperasi selalu berada bersama saya, begitu. Kita belum berhasil tapi kita terus berjuang untuk rakyat Indonesia. Dan akhirnya lah saya menerima mandat dari rakyat Indonesia. Dan, mandat itu akan saya jalankan sekuat tenaga saya untuk, saya akan berjuang dengan sekuat tenaga saya untuk sebesar-besarnya kemakmuran rakyat Indonesia.
Saudara-saudara,Kita memahami bahwa negara kita sangat kaya. Sesudah saya dilantik dalam minggu-minggu pertama saya jadi presiden, saya sadar betapa kayanya bangsa Indonesia. Tetapi saya juga sedih. Saya juga merasa di, dihantam di ulu hati saya melihat betapa besar kekayaan Indonesia dicuri, betapa besar kekayaan kita dibawa ke luar negeri.
Dan, karena itu, saya bertekad memimpin pemerintahan dibantu oleh kabinet saya, saya bertekad untuk bekerja dengan keras, bekerja dengan gagasan pikiran yang besar, bukan yang kecil-kecil-kecil. Kita negara besar. Kesulitan, hambatan, tantangan kita besar. Kita baru sadar begitu banyak negara yang iri sama kita. Bangsa kita bangsa yang terlalu baik hatinya. Kita ini lugu, benar? Itu sifat bangsa kita. Kalau ada tamu datang ke rumah kita, walaupun kita tidak punya minuman, tidak punya kopi, tidak punya gula, kita persilakan. Kalau perlu kita ke tetangga, kita pinjam gula dan kopi, benar? Benar? Ini sifat kita. Kita suka dengan tamu, kita hormati tamu, hanya kadang-kadang ada tamu yang enggak tahu diri. Sudah enggak diundang, ya, datang ke sini katanya mau dagang, lama-lamangerampok.
Saudara-saudara,Koperasi adalah alatnya orang lemah, alatnya orang miskin. Tapi, tapi seperti sapu lidi, satu lidi, satu lidi, satu lidi, satu lidi, satu lidi, lemah. Tapi bergabung itu kekuatan, Saudara-saudara sekalian. Jangan khawatir, Gerakan Koperasi Indonesia akan bangkit menjadi kekuatan ekonomi Indonesia. Kekuatan ekonomi yang tidak akan bawa uang lari dari Indonesia. Benar?
Saya ingin lihat tampang-tampang koperasi ini. Muka-muka kalian bukan muka orang yang bawa lari uang ke luar negeri, betul? Tapi, enggak ada masalah. Saya dapat laporan sekarang sudah banyak petani yang libur ke luar negeri, enggak apa-apa libur boleh. Kapan lagi petani libur ke luar negeri? Sekarang karena kita akan buat tani, nelayan, buruh makmur. Ekonomi kita akan bangkit dari desa, kecamatan, kabupaten dan uangnya akan tinggal di desa, di kecamatan, di kabupaten. Kita akan kembalikan, kalau selama ini kekayaan rakyat Indonesia disedot, kita akan kembalikan sekarang, ekonomi akan turun ke rakyat.
Tapi, tapi saya ingatkan, kita tidak anti perusahaan besar, tidak. Karena Indonesia ini negara besar, kita butuh, kita butuh koperasi, kita butuh UMKM, kita butuh swasta, kita butuh BUMN, BUMD, kita butuh semuanya. Ini harus menjadi kekuatan ekonomi. Itu yang saya maksud Indonesia Incorporated. Itu yang dikehendaki oleh Bapak-bapak pendiri bangsa kita, bahwa koperasi adalah salah satu sokoguru, salah satu sokoguru. Kalau kita memperkuat koperasi, bukan berarti kita akan memperlemah yang lain,no. Kita memperkuat semuanya, Saudara-saudara sekalian.
Indonesia kaya, Indonesia akan bangkit, dan Indonesia akan mampu memperkuat semua kekuatan di Republik Indonesia ini. Yang ragu-ragu silakan duduk di rumah saja, yang merasa Indonesia suram silakan kalau mau cari negara lain. Silakan, tidak ada yang melarang. Kalau di Indonesia, mohon lah mari, mari kita bersatu, mari kita gotong royong, mari kita kerja sama. Yang kuat bantu yang lemah, yang lemah kerja sama yang baik. Insyaallah kita akan bangkit, Saudara-saudara.
Marilah kita kembali ke sifat bangsa Indonesia yaitu saling memaafkan, saling mengerti, saling mengasihi, saling membantu. Jangan ikut-ikut budaya caci maki, budaya dengki, budaya curiga. Tidak ada keberhasilan dengan pertikaian, tidak ada. Untuk apa kita bertikai? Kita ini satu keluarga. Apa pun latar belakang kita, apa pun suku kita, apa pun latar belakang kita, apa pun partai kita, semua partai banyak patriot dan semua partai banyak bajingannya juga.
Presiden boleh ngomong bajingan? Boleh enggak? Pak? Boleh? Enggak, aku enggak tanya kalian, aku tanya Menteri Pendidikan ini, gimana?Boleh enggak? Ini, kan, tidak termasuk kasar, kan. Bajingan, ya, bajingan itu. Bajingan. Bajingan bangsa, bahasa apa itu bajingan itu? Bahasa Betawi, ya? Memang saya lahir di Betawi. Jadi maaf kalau saya, kalau saya semangat. Saya, kata-kata, kata-kata Betawi keluar.Sorry,ye. Ini hari jadi koperasi atau udah mulai kampanye ini? Gue enggak tahu. Enggak.
Saudara-saudara,Tadi benar kita akan berbuat gerakan-gerakan atau upaya yang asasi, yang mengurus masalah dari akarnya, Saudara-saudara, ya. Kalau badan sakit, kita cari sakitnya apa, baru kita obati, ya. Jadi, Saudara-saudara, kita mengerti secara garis besar, oke. Dan, saya sudah perjuangkan berkali-kali, karena itu yang saya yakini. Saya tidak percaya dengan teori-teori neolib. Katanya kita berpikir global, tidak ada perbatasan lagi, ya, kan? Jadi ada paham, pahamnya neolib. Kalau kau miskin, itu salah kamu. Iya, itu pemikiran mereka. Dan, paham neolib itu mengatakan biarlah yang kaya hanya satu persen. Kalau mereka kaya nanti lama-lama kekayaannya akan menetes ke bawah.Trickle, trickle-downeffect.Saya tanya, kalian percaya enggak akan menetes ke bawah? Kalian percaya atau tidak akan menetes ke bawah? Ada wartawan, sih.
Saya ini lahir di Betawi tapi saya asal dari Banyumas, campur sama Minahasa. Waduh, ini darahnya darah keras semua ini. Tapi, saya sudah, saya sudah, saya sudah, sudah tua, jadi sudah sabar. Sekarang saya sabar, kadang-kadang aja kesabarannya hilang. Lupa sudah pensiun.
Jadi, Saudara-saudara, tidak ada dan pemimpin Barat sekarang sudah mengakui mereka sudah meninggalkan neolib. Mereka yang meninggalkan. Amerika, Inggris, Eropa Barat sudah tinggalkan. Hanya di kita, saya enggak tahu ada orang-orang pintar yang entah terlalu pintar atau apa, saya enggak ngerti. Jadi, kalau kita mau buat satu program aliran untuk memperkuat bangsa sendiri, kita diejek, kitadijelek-jelekin, kita difitnah, kita dihajar. Tapieuweuh pangaruhna. Saya katakaneuweuh pangaruhna. Kita jalan terus, Saudara-saudara sekalian. Kita tidak ragu-ragu, Saudara-saudara sekalian. Kita berada di jalan yang benar. Kita berada di jalan pendiri-pendiri bangsa kita. Kita berada di jalan yang lurus membela rakyat kehormatan bagi bangsa Indonesia, membela rakyat kehormatan bagi setiap patriot. Saya tidak akan ragu-ragu, saya akan terus untuk membela dan memperkuat bangsa Indonesia dan rakyat Indonesia, Saudara-saudara sekalian. Saya minta kesabaran Saudara-saudara.
Saudara-saudara,Kita sudah buktikan, tahun pertama pemerintah yang saya pimpin kita sudah swasembada pangan, Saudara-saudara sekalian. Kita tidak impor pangan lagi, kita ekspor. Tahun pertama pemerintah yang saya pimpin. Baru beberapa hari yang lalu, kitalaunchingB50, solar 50 persen dari kelapa sawit. Petani kelapa sawit ada di Indonesia. Minyak kelapa sawit di Indonesia. Mulai bulan ini, kita tidak impor lagi solar dari luar negeri. Dan, profesor-profesor kita sekarang sedang mengembangkan bensin dari kelapa sawit. Etanol dari singkong, dari jagung, dari sorgum, Saudara-saudara. Jadi, saya harap dalam tiga [sampai] empat tahun lagi, kita nanti juga bisa menghasilkan bensin dari tanaman. Berarti petani singkong akan hidup makmur, petani jagung akan hidup makmur, petani-petani di seluruh Indonesia akan berbuat yang terbaik untuk bangsa dan untuk keluarganya sendiri, Saudara-saudara sekalian.
Kita juga dalam satu tahun pemerintahan kita, kita sekarang sudah konsolidasikan semua BUMN kita menjadi satu, satu dana kedaulatan (sovereign wealth fund), Dana Kekayaan Kedaulatan. Seribu BUMN lebih kita jadikan satu konsolidasi. Nilainya adalah seribu miliar Dolar, satu triliun Dolar Amerika. Kita sekarang adalah dana kedaulatan mungkin kelima atau keenam terbesar di dunia, di dunia. Jadi jangan kita selalu pesimis, rendah diri. Rendah hati harus, jangan rendah diri, ya. Dan, BUMN-BUMN itu akan kita tertibkan. Selama ini BUMN-BUMN itu sumber korupsi. Saudara ingin presidenmu bicara apa adanya, kan? Saya memperingatkan lagi, sekali lagi untuk sekian kali lagi saya bicara dari dulu. Hei, para koruptor, sadar diri. Hentikan praktik-praktik kau, hentikan. Rakyat tidak bodoh. Hentikan. Kembalikan kekayaan rakyat, kembalikan dengan baik. Kita bangsa pemaaf, tapi rakyat butuh keadilan, rakyat butuh kesejahteraan. Rakyat butuh sekolah yang baik, guru-guru butuh gaji yang baik, dokter-dokter, perawat-perawat butuh gaji yang baik, tentara dan polisi butuh gaji yang baik supaya mereka tidak memeras dari rakyat, pegawai negeri butuh gaji yang baik supaya mereka enggak korupsi. Percayalah.
Mari kita bersatu semua unsur. Kita berbeda, tidak ada masalah. Berbeda partai, tidak ada masalah. Tiap sekian tahun kita bertanding dengan baik, enggak ada masalah. Siapa yang menang,monggo.Jangan kalau kalah mau bakar-bakar itu, bangsa apa itu. Pemimpin yang menghancurkan, bakar-bakar di Republik ini itu adalah pemimpin pengkhianat, Saudara-saudara sekalian.
Saya percaya hukum karma akan kena kepada mereka semua itu. Saya maju lima kali pemilihan, empat kali kalah. Enggak pernah saya suruh anak buah saya bakar-bakar. Demo aja enggak. Saya datang pelantikan rival saya, saya datang, saya hormat, saya kasih selamat. Bersaing itu baik, pertandingan itu baik. Iya, kan? Sepak bola ada pertandingan, kan, ada dua. Satu harus menang. Kalau satu kalah masa wasitnya mau digebukin? Ya, persaingan itu biasa. Enggak ada masalah, ya. Ini Gus Imin, pertama bersama saya, habis itu tidak bersama saya. Tapi enggak ada masalah. Karena dalam hati beliau, beliau juga ingin yang terbaik untuk Indonesia. Dan, sekarang beliau bersama saya untuk Indonesia, Saudara-saudara. Enggak ada masalah. Siapa lagi dulu yang ngalahin aku? Harus pakai kacamata ini saya. Tidak ada masalah, Saudara-saudara, ya.
Kita ini satu bangsa, satu nusa, satu bahasa. Kita ini satu keluarga. Buktikanlah bahwa bangsa Indonesia ini bangsa yang khas, bangsa yang bersatu. Kita bersaing habis itu bersatu, bekerja untuk seluruh rakyat. Inilah bangsa Indonesia, Saudara-saudara sekalian. Jangan bisanya nyinyir, ya, kan. Kalau lu enggak, lu enggak setuju, lu enggak mau bekerja, lu duduk aja lihat baik-baik, gitu, lo. Tapi kita terima kritik, kita terima kritik. Kritik itu bagus. Itu artinya koreksi, waspada. Kita kritik, kita mau terima kritik.
Saudara-saudara,Saya jelaskan bagaimana konsep Koperasi Merah Putih datang. Sebetulnya konsep Merah Putih ini sudah lama ada di benak saya, sudah lama, puluhan tahun. Saya waktu di tentara, saya waktu di tentara kita bertugas di desa-desa, di gunung-gunung. Kita bisa berbulan-bulan di sebuah kecamatan. Saya lihat di situ rakyat kelaparan. Saya lihat ada rakyat yang mati kelaparan, dan saya tidak bisa berbuat apa-apa. Karena makanan saya terbatas untuk kompi saya.
Dari situ saya lihat kita harus menjaga, kita harus memelihara kemampuan kita di desa-desa. Indonesia merdeka, perang kemerdekaan kita, kekuatan kita ada di desa-desa. Tetapi, kita juga ingin jadi negara industri. Nah, untuk itu akhirnya dari dulu saya semakin yakin satu-satunya jalan untuk menjaga rakyat yang paling bawah adalah kekuatan koperasi. Tapi, saya sadar waktu saya mulai bikin koperasi ternyata kalau tidak punya wewenang, kalau tidak punya kekuasaan, sangat lambat, sangat lambat. Betul? Kalau orang modalnya kecil atau tidak punya, modal susah dapat kredit di mana-mana.
Waktu saya jadi presiden, dengan menteri-menteri kita kebut swasembada pangan. Kita turunkan harga pupuk, kita naikkan harga pembelian gabah. Kita jamin hasil petani naik. Tapi saya dapat laporan, “Pak, percuma, Pak, hasil mereka naik. Kenapa? Karena utang mereka banyak.” Karena pertanian itu, panennya itu 100 hari. Nah, selama 100 hari anaknya ada yang sakit, anaknya harus sekolah. Mungkin ada kerusakan ini, dia butuh uang. Dia pinjam uang dan bunganya luar biasa gila. Dia pinjam uang dari lintah darat, dari mereka-mereka yang memberi bunga kadang-kadang 1 persen sehari. Ini mematikan. Seumur hidup mereka tidak bisa bangkit.
Karena itu, salah satu kebijakan saya pertama mungkin dalam bulan-bulan pertama Saudara ingat, saya hapuskan hutang jutaan petani yang mereka tidak mampu bayar, saya hapus. Kenapa? Pengusaha besar pun banyak yang enggak bayar hutang. Enak saja. Hutangnya triliunan, enggak mau bayar. Habis itu pakai ini, pakai itu, apa namanya?Haircut, apalagi restrukturisasi. Ada istilah-istilah keren. Rakyat enggak bisa. Kemudian selain itu, saya berpikir tidak ada jalan. Mereka rakyat kita harus bisa mendapat kesempatan pinjam uang dengan bunga yang murah. Jawabannya adalah harus ada koperasi simpan pinjam di setiap desa di seluruh Republik Indonesia.
Karena itulah, angka 81 ribu muncul, karena desa dan kelurahan kita di seluruh Indonesia jumlahnya adalah 81 ribu. Masalahnya adalah untuk memotong cengkeraman para lintah darat itu, supaya membebaskan jutaan rakyat kita dari ketergantungan kepada itu. Dan akhirnya muncul lagi bahwa, “Oh, iya, pupuk bersubsidi bisa di koperasi.” Kemudian gas, tabung-tabung gas itu bisa dioperasi.
Kemudian hampir semua barang-barang subsidi bisa kita salurkan melalui koperasi supaya tidak diselewengkan. Karena banyak barang subsidi diselewengkan tidak sampai ke rakyat yang perlu, tapi diatur-atur sedemikian, bahkan banyak yang diselundupkan ke luar negeri, Saudara-saudara sekalian. Itu latar belakang Koperasi Merah Putih.
Kemudian kita mulai rapat, kita mulai susun, kita mulai merencanakan. Ada beberapa pilihan. Kita bisa laksanakan dengan cara-cara biasa. Tapi rakyat yang susah, tidak dalam keadaan biasa. Mereka memerlukan tindakan yang cepat. Kita tidak bisa dengan cara-cara biasa, Saudara-saudara sekalian. Kita harus berpikir besar, berpikir cerdas, berpikir praktis. Jangan teoritis. Saya tahu, saya tahu, “Pak, sebaiknya bikin naskah akademis dulu, Pak.” Naskah akademis itu biasanya delapan bulan. Rapat sini, rapat situ, rapat sini, rapat situ. “Dari naskah akademis nanti kita bikinpilot project, Pak.Pilot projectitu dua tahun. Habis itu kita coba di 100 desa dulu, Pak.” Ada 81 ribu desa dan kelurahan. Rakyat itu suruh nunggu delapan tahun. Saya, saya tidak mau. Saya bertanggung jawab kepada rakyat saya. Saya memilih jalan yang berani, jalan yang tegas, jalan yang besar tapi terukur dan terjangkau oleh kita, dan itu yang sedang kita laksanakan, Saudara-saudara sekalian.
Tadi laporan Menteri Koperasi, kita sudah berapa? Dua belas ribu koperasi atau berapa koperasi yang sudah terbentuk. Silakan, jangan buru-buru. Kalau kita mampu hanya lima ribu, kita resmikan lima ribu. Nanti kapan. Insyaallah. Langkah 1.000 kilometer dimulai, perjalanan 1.000 kilometer dimulai dengan satu langkah. Tidak masalah. Saya dapat laporan sudah, sudah operasional 1.000 koperasi lebih. Dalam waktu dekat mungkin akan jadi lima ribu atau enam ribu, silakan. Insyaallah kita akan sampai tujuan kita dan pasti kita sampai.
Kalau target kita 1,5 tahun dan target itu tidak tercapai, enggak apa-apa. Kita bisanyusul. Tapi kalau kita tidak punya target, tidak akan sampai-sampai, Saudara-saudara sekalian. Kita harus hilangkan pemikiran, “Apa bisa?” Bisa, harus bisa, akan bisa, dan akan berhasil, Saudara-saudara sekalian. Menang atau kalah ada di pikiran dan di hati kita. Menang atau kalah, kalau kita, kalau kita berpikir, “Oh, mungkin kalah. Oh, mungkin gagal.” Kita sesungguhnya sudah gagal. Tapi kalau kita yakin menang, yakin berhasil, yakin untuk rakyat, kita akan sampai ke situ, Saudara-saudara sekalian.
Saya kira sudah cukup, ya, saya sampaikan semua. Ini angka-angka. Tapi, ini angka-angka bagus. Kalau itu saya mau sampaikan angka-angka ini. Koperasi kita nanti, Koperasi Desa/Kelurahan Merah Putih (KDKMP), koperasi yang anggotanya seluruh, seluruh rakyat penduduk di desa itu. Seluruhnya. Dan, koperasi nanti tidak hanya untuk simpan pinjam. Tapi nanti akan ada gerai simpan pinjam kredit yang murah. Mikrokredit dan super mikrokredit. Super mikrokredit yang Mekaar itu, ya? Mekaar yang super mikrokredit, yang tadinya bunganya 22 persen ya, saya turunkan jadi delapan persen, Saudara-saudara sekalian. Saya maunya lima persen. Tapi, bankir-bankir Pak Rosan CS itu, “Jangan, Pak, terlalu, terlalu tipis kita punya ongkos.” Oke, delapan persen. Tapi dibandingkan dengan 22 persen, lumayan delapan persen. Betul tidak? Begitu, dong. Semangat.
Saudara-saudara,KDKMP (Koperasi Desa/Kelurahan Merah Putih) nanti akan jadi pusat pelayanan ekonomi desa yang terintegrasi. Di dalam ada kantor koperasi, toko sembako, layanan simpan pinjam, apotik desa. Kita akan buka apotek di desa, obat-obatnya obat generik yang harganya jauh lebih murah dari apotek di kota. Akan ada logistik desa, akan ada gudang, akan adacold storage(ruang pendingin), supaya hasil-hasil petani tidak akan rusak, dan berbagai layanan ekonomi lainnya.
Saudara-saudara,Saya ambil keputusan, semua barang subsidi harus disalurkan kepada rakyat melalui Koperasi Desa Merah Putih. Harus. Saya katakan, ini harus. Barang subsidi rakyat tidak boleh diperdagangkan, supaya yang membutuhkan dialah yang terima.
Kita juga akan buka desa-desa dan koperasi-koperasi nelayan. Untuk pertama kali dalam sejarah Republik Indonesia, nelayan-nelayan kita akan kita urus. Mereka juga akan punya gudang pendingin supaya ikan mereka bertahan. Untuk pertama kali, mereka akan punya pabrik es supaya mereka melaut bawa es, dan kita akan bagi kapal-kapal besar untuk tiap desa nelayan yang akan dikerjakan, yang akan dimiliki dan dikerjakan oleh koperasi-koperasi nelayan itu sendiri, Saudara-saudara.
Dan, mereka bukan terima, mereka bukan terima hadiah, mereka cicil kembali dari hasil tangkapan ikan mereka. Mereka akan cicil semua uang yang kita. Jadi uang di desa nelayan, uang di desa-desa ini, koperasi adalah uang pinjaman yang akan dibayar kembali.
Saudara-saudara,Kita proyeksikan uang KDKMP bisa meningkatkan kesejahteraan rakyat sebesar 223 triliun, tiap tahun akan beredar di desa-desa. Tidak keluar, akan beredar di desa-desa. Nanti akan ada pendapatan produsen yang juga meningkat sebesar 202 triliun di petani, peternak, dan nelayan. Saudara-saudara, semua ahli mengatakan logistik Indonesia paling tidak efisien dan paling mahal. Ini yang kita akan membersihkan, kita akan membuat lebih efisien.
Dengan demikian, Saudara-saudara, sekali lagi, Selamat Hari Koperasi. Sekali lagi, saya mengajak semua unsur untuk bersatu. Koperasi nanti ini akan berada di semua desa di semua daerah, tidak pandang apakah desa itu desa yangmilihGerindra atau tidak. Tidak peduli apakah di kabupaten itu Prabowo menang atau tidak. Tidak ada urusan itu. Siapapun tidak ada urusan. Saya sekarang, saya sekarang mengatakan saya bukan presidennya Gerindra. Saya bukan presidennya siapa-siapa. Saya presidennya rakyat Indonesia semuanya, Saudara-saudara.
Dirgahayu Koperasi Indonesia ke-79. Koperasi Berdaya, Indonesia Berjaya.
Oh, iya, ada tambahan. Minta izin saya minum dulu, saya minum kopi ini. Saya minta maaf. Sebetulnya, saya kemarin ini flu, rasa tenggorokan sakit, hampir saya enggak hadir. Tapi, saya pikir-pikir, bayangkan kalau saya enggak hadir. Koperasi Merah Putih, rakyat koperasi sudah kumpul. Tapi, yang saya paling takut nanti malam kalau saya enggak hadir, Pak Margono dan Pak Mitro turun, saya ditempeleng malam-malam. Akhirnya bangkit, minum kopi, semangat, hadir di sini.
Nah, ini yang paling terakhir. Ini kebetulan. Tanya Pak Ferry, ya. Ini dia yang rencanakan. Tanggalnya dia yang pilih, harinya dia pilih. Tapi saya lihat-lihat, ya, ini angka ini, menarik. Bukan saya atur, ya. Ini adalah Hari Koperasi ke-79, ya. Tujuhplussembilan, 16, ya. 16, satu sama enam, tujuh. 2026 [dijumlah] 10, ya. Tujuh sama 10, 17. Satu sama tujuh, delapan. Jadi, memang ini hari baik. Saya enggak atur. Di mana saya muncul, kok, ada angka delapan. Saya enggak mengerti itu. Berarti adatondo-tondoini. Makanya, saya enggak berani enggak hadir.
Dirgahayu Gerakan Koperasi Indonesia!Selamat berjuang!Percaya kepada pemimpinmu, percaya kepada pemerintahmu. Bersatu semua unsur untuk rakyat, untuk bangsa. Jangan mau dihasut, jangan mau diatur oleh kelompok-kelompok ekstrem atau bangsa lain. Indonesia kuat, Indonesia hebat, Indonesia maju, Indonesia akan bangkit sebagai negara besar.
Wassalamu’alaikum warahmatullahi wabarakatuh,Salam sejahtera bagi kita sekalian,Syalom,Salve,Om swastiastu,Namo Buddhaya,Salam kebajikan.
Merdeka! Merdeka! Merdeka!
Kalau saya teriak Koperasi Berdaya, kalian jawab, Indonesia Berjaya!Koperasi Berdaya, Indonesia Berjaya!
Terima kasih.
Kamis, 30 Juli 2026
Kamis, 30 Juli 2026
Rabu, 29 Juli 2026
Rabu, 22 Juli 2026
Senin, 20 Juli 2026"
"Sambutan Presiden pada Peresmian Bendungan Meninting, Bendungan Rukoh, Bendungan Keureuto, Bendungan Jlantah, dan Bendungan Sidan",https://www.setneg.go.id/baca/index/sambutan_presiden_pada_peresmian_bendungan_meninting_bendungan_rukoh_bendungan_keureuto_bendungan_jlantah_dan_bendungan_sidan,"Bismillahirrahmanirrahim.
Assalamu’alaikum warahmatullahi wabarakatuh,Selamat siang,Salam sejahtera bagi kita sekalian,Syalom,Salve,Om swastiastu,Namo Buddhaya,Salam kebajikan.
Yang saya hormati, Menteri Pekerjaan Umum sebagai penyelenggara acara, Saudara Dody Hanggodo, beserta seluruh jajaran Kementerian Pekerjaan Umum;Menteri Koordinator Infrastruktur dan Pembangunan Kewilayahan Saudara Agus Harimurti Yudhoyono, Menteri Koordinator Pangan Saudara Zulkifli Hasan, Menteri Sekretaris Negara Saudara Prasetyo Hadi, Menteri Pertanian Saudara Andi Amran Sulaiman, Panglima Tentara Nasional Indonesia (TNI) Jenderal TNI Agus Subianto, Kepala Kepolisian Negara Republik Indonesia Jenderal Polisi Listyo Sigit Prabowo, Sekretaris Kabinet Republik Indonesia Letkol. Teddy Indra Wijaya;Gubernur Nusa Tenggara Barat Saudara Muhammad Iqbal, beserta Forkopimda Provinsi NTB yang hadir;Gubernur Bali melaluivideo conference (vicon)Saudara I Wayan Koster, Bupati Lombok Barat Saudara Lalu Ahmad Zaini, Bupati Bima saya ulangi, Wali Kota Mataram Saudara Mohan Rolieskana, Bupati Bima Saudara Andi Mahyudi Bupati Dompu Saudara Bambang Firdaus, Bupati Sumbawa Saudara Syarafudin Jarot, Bupati Lombok Timur Saudara Khairul Warisin, Bupati Lombok Tengah Saudara Lalu Fathul Bahri, Bupati Lombok Utara Saudara Najmul Akhyar, ini mereka hadirviconsemua? Oh, ada semua tadi;Yang saya hormati para pimpinan perusahaan BUMN dan swasta yang hadir, para anggota Dewan Perwakilan Rakyat RI yang hadir;Para pimpinan daerah dan forkopimda pada empat bendungan yang hadir melaluivideo conference: Bendungan Jlantah di Kabupaten Karanganyar Provinsi Jawa Tengah, Bendungan Sidan di Kabupaten Gianyar Provinsi Bali, Bendungan Keureuto di Kabupaten Aceh Utara Provinsi Aceh, Bendungan Rukoh di Kabupaten Pidie, Provinsi Aceh;Para tokoh agama, para tokoh masyarakat, para kelompok tani yang saya hormati yang hadir, seluruh warga masyarakat di sekitar bendungan;Para hadirin tamu undangan Saudara-saudara sebangsa dan setanah air di mana pun engkau berada yang mengikuti acara ini.
Tentunya, sebagai insan yang bertakwa, kita selalu tidak henti-hentinya memanjatkan puji syukur ke hadirat Allah subhanahu wa ta’ala Tuhan Mahabesar, Tuhan Mahakuasa yang memiliki sekalian alam, hanya kepada-Nya lah kita berdoa dan hanya kepada-Nya lah kita meminta pertolongan. Kita bersyukur atas segala karunia, berkah, kebaikan, kedamaian yang masih diberikan kepada kita, atas kesehatan, atas napas yang masih diberikan kepada kita, sehingga hari ini kita dapat berkumpul bersama di tempat yang berbahagia ini.
Saya merasa sangat bangga, saya merasa dihormati untuk diundang hari ini, bertemu langsung dengan masyarakat NTB yang kebetulan dari dulu selalu mendukung saya. Walaupun berkali-kali kalah, tapi NTB terus setia kepada saya. Rasanya saya masih utang banyak sama rakyat NTB. Tenang saja, masih ada berapa tahun kita. Terima kasih atas kesempatan ini. Terima kasih, Menko Infrastruktur dan Pembangunan Kewilayahan. Terima kasih,  keluarga besar PU atas pekerjaan yang Saudara laksanakan bertahun-tahun.
Saudara-saudara,Pembangunan suatu bangsa itu adalah pekerjaan yang besar, perjuangan yang panjang. Pembangunan bangsa itu tidak satu tahun, tidak dua tahun,  belasan tahun, puluhan tahun. Bendungan ini tadi disebut dimulai pada tahun, tahun berapa? [Tahun] 2015, 2014. Kalau semua teriak, saya tidak bisa dengar. Menteri PU, tahun berapa ini dimulai? [Tahun] 2019, baik. Apa pun pembangunan seperti ini memerlukan waktu, memerlukan biaya, memerlukan sumber daya. Saya bersyukur bendungan ini bisa saya yang resmikan, tetapi pendahulu-pendahulu saya semua berjasa. Saya selalu ingatkan seluruh bangsa, berpikirlah untuk bangsa, berpikirlah untuk rakyat berfikirlah untuk kebaikan semua, berpikirlah untuk seluruh keluarga besar, seluruh rakyat Indonesia dari mana rakyat berasal apa pun sukunya, apa pun agamanya, apa pun latar belakangnya. Ini yang saya selalu mengajak.
Saya kebetulan, saya ini suka belajar sejarah, itu hobi saya. Saya belajar sejarah terus, tidak pernah berhenti sampai hari ini, sampai hari ini. Ada hal-hal yang saya dapat dari belajar sejarah peradaban manusia. Ada hal-hal yang saya dapat, yang saya yakini. Bangsa yang berhasil, bangsa yang besar, bangsa yang bisa meraih kemakmuran untuk rakyatnya adalah bangsa yang bersatu. Bangsa yang punya jiwa besar, bukan jiwa kecil, bukan bangsa yang punya dendam. Bukan bangsa yang terpecah-pecah, terkotak-kotak, yang saling iri. Bukan bangsa yang penuh dengki, penuh curiga. Bukan bangsa yang hanya mikir diri sendiri, kelompoknya. Cinta kita adalah cinta tanah air, cinta merah putih, cinta negara dan bangsa. Hanya dengan cinta tanah air, berarti kita cinta bangsa Indonesia. Kita harus hormati dan cintai bangsa kita sendiri. Tidak ada bangsa lain yang akan menghormati kita. Tidak ada bangsa lain yang akan kasihan sama kita, bahkan dari dulu mereka ingin pecah belah kita, pecah belah kita, pecah belah kita,diveda et impera.
Jadi, Saudara saudara, saya bersyukur, ini simbol kerja keras, ini simbol persatuan Pemerintah yang investasi pertama, pemerintah yanggroundbreaking, pemerintah yang mulai bangun mungkin bukan pemerintah yang meresmikan. Inilah namanya pembangunan bangsa, ini namanya kebangkitan bangsa. Pembangunan bangsa, kebangkitan bangsa bukan jatuh dari langit. Kemakmuran tidak ada di pohon, jatuh dari langit, tidak. Kemakmuran kerja besar, kerja keras, kerja bersatu.
Saudara-saudara,Dari yang saya belajar dari sejarah tadi, bangsa yang berhasil bangsa yang bersatu, terutama elitenya, pemimpin-pemimpinnya harus bersatu, haruslegowo. Legowoitu bahasa Jawa, ya. Pak Lalu, bahasa Lombok apa? Lapang dada, lapang dada. Jadi, kita sebagai bangsa yang pernah ratusan tahun dijajah, dihina, dianggap lebih rendah dari anjing, kekayaan kita diperas, sampai hari ini, sampai hari ini kita masih dianggap rendah. Ada kelompok-kelompok tertentu, ada bangsa-bangsa tertentu, ada negara-negara tertentu yang iri sama kita, yang iri karena kita kaya, yang memikirkan bagaimana bisa mencuri kekayaan kita dan kalau bisa Indonesia pecah.
Saudara-saudara,Ini saya di setiap kesempatan, saya memberi peringatan. Ada, ada yang tidak percaya sama Prabowo. Ada, enggak apa-apa. Yang penting, kita mengerti. Saya terima kasih, saya mengerti, saya paham, saya diberi kepercayaan oleh rakyat Indonesia, saya dipilih oleh rakyat Indonesia, dan saya akan setia kepada rakyat Indonesia dengan segala apa yang saya miliki, dengan segala tenaga, dengan segala pikiran, dengan segala energi yang saya miliki. Hanya satu, saya akan mengabdi kepada bangsa dan rakyat saya. Dan, saya tidak akan gentar, saya tidak akan pernah menyerah,  apalagi kalau rakyat saya terancam. Saya tidak rela rakyat Indonesia miskin, saya tidak rela. Saya tidak rela ada anak-anak Indonesia yang lapar, saya tidak rela. Apa pun segelintir elite di Jakarta berpendapat bahwa perut lapar itu tidak penting, saya berbeda. Ada rakyat Indonesia yang lapar, itu penting bagi saya. Tidak ada negara yang berhasil kalau tidak bisa menghasilkan pangan bagi rakyatnya sendiri, dan alhamdulillah Indonesia sekarang yang mampu memberi pangan untuk rakyatnya sendiri. Masalah bagi bangsa Indonesia, juga masalah bagi kita semua. Saya minta kita introspeksi, terutama para birokrat. Ini banyak birokrat di sini saya lihat, ya. Birokrat, introspeksi. Kita semua introspeksi. Pejabat-pejabat militer dan polisi, introspeksi. Saudara adalah milik rakyat. Bintangmu dari rakyat, sepatumu dari rakyat, topimu dari rakyat, jangan pernah lupa itu. Kejaksaan, demikian juga. Anda Kejaksaan, ya. Pakai bintang juga kau, kau juga milik rakyat.
Saudara-saudara,Kita bersyukur, prestasi-prestasi yang sudah kita hasilkan dalam waktu yang singkat dengan perlawanan-perlawanan banyak dari kelompok-kelompok, terutama koruptor-koruptor itu. Ini ada wartawan, jadi saya enggak boleh bicara, saya harus bicara hati-hati. Saya harus bicara sopan. Saya enggak boleh bilang koruptor itu bajingan, enggak boleh itu. Nanti ini yang nanti di-blow upyang ini. Presiden ngomongnya harus sopan, halus. Benar? Benar? Anda mau saya bicara sopan atau mau saya bicara jujur? Saya kadang-kadang, saya kadang-kadang bersyukur saya ini sudah pensiun. Kadang-kadang saya itu hadapi maling-maling koruptor itu rasanya itu, tapi harus sesuai prosedur hukum. Ya kita laksanakan, kita akan tegakkan hukum, Saudara-saudara. Dan, hukum itu untuk semua, bukan untuk hanya orang kuat saja, bukan hanya hukum untuk orang kaya saja.
Saudara-saudara,Lima bendungan yang kita resmikan hari ini adalah investasi negara sekitar 9,79 triliun, 9,79 triliun. Kemarin adalah hari yang sangat bersejarah. saya meresmikanlaunchingIndonesia negara pertama di dunia yang bisa membuat solar dari tanaman nabati, dari kelapa sawit. Solar kita sekarang,  solar kita sekarang 50 persen dari kelapa sawit. Dan, mulai hari-hari ini kita sudah mulai menghentikan impor solar dari luar negeri. Dengan demikian, dengan demikian kita akan menghemat 170 triliun Bayangkan, hari ini kita resmikan lima bendungan yang Menteri Pertanian melaporkan kepada saya,  lima bendungan ini nanti dengan teknologi, dengan benih yang terbaik bisa menghasilkan satu juta ton beras. Lima bendungan ini, lima bendungan ini 9,79 triliun. Dari B50, kita akan menghemat 170 triliun. Bayangkan berapa puluh bendungan yang kita bisa bangun tiap tahun. Berarti 17 kali 5, kira-kira ya. Berapa Mensesneg, 17 kali 5? 85. Ini Mensesneg pintar, makanya dia jadi Mensesneg ini.
Saudara-saudara,Jadi, ini prestasi, kita negara pertama di dunia. Satu, yang berani bikin B50 Dua, berhasil bikin B50. Dulu waktu kita mulai, waduh, banyak yang menentang. Tidak bisa, nanti mesin rusak, nanti pabrik tidak mau kasih kita mesin, nanti ini, nanti itu. Pokoknya mereka tidak mau kita B50, karena dia mau supaya apa itu import. Dia mau impor-impor, di situ dia ambil komisi. Bayangkan 170 triliun, kalau komisinya 20 persen, berapa itu? [Sebesar] 30 triliun, 34 triliun, dimakan hanya berapa belas orang.
Yang kita perjuangkan, yang saya perjuangkan bersama pemerintah yang mendukung saya, bersama koalisi yang mendukung saya, dengan mandat yang diberikan oleh rakyat, yang kita perjuangkan adalah meraih kemakmuran untuk rakyat Indonesia dengan mengurangi, kalau bisa menghabisi korupsi, melakukan penghematan, melakukan efisiensi. Ini perjuangan kita untuk Indonesia makmur. Indonesia tidak mungkin makmur, kalau korupsi masih merajalela. Indonesia tidak mungkin makmur, kalau banyak kebocoran.
Saudara-saudara sekalian,Saya selalu berpesan kepada aparat negara, kepada petugas-petugas negara yang ada di pemerintahan, yang ada di birokrasi, di setiap kementerian, di setiap lembaga, marilah kita bersama-sama benahi diri, perbaiki diri. Saya tidak mau lihat ke belakang, tapi saya mohon perbaiki diri, mawas diri. Jangan melawan kehendak rakyat. Rakyat tidak Ingin korupsi dibiarkan, rakyat tidak ingin penipuan-penipuan dilanjutkan.
Saudara-saudara,Saya juga merasa besar hati, bangga, beberapa hari ini saya dapat laporan-laporan hasil, hasil-hasil yang kita dapatkan. BUMN-BUMN Yang merupakan sarang korupsi puluhan tahun sedikit demi sedikit mulai kita benahi. Saya waktu dilantik, boleh ya saya bicara agak panjang, boleh? Pak Gubernur, boleh, Pak Gubernur? Nanti masa saya datang resmikan, selesai, pulang. Kalian mau, datang [memperagakan peresmian]? Kalau birokrat-birokrat saya tidak mengerti. Rakyat mau saya terus atau tidak? Karena, ini penting, penting.
Jadi, Saudara-saudara, karena ada suatu penyakit, bukan hanya di negara kita tapi di dunia ini, sosmed Ini bisa diperalat. Orang punya duit, dia bisa main di sosmed. Jadi, cerita di sosmed belum tentu cerita yang sebenarnya. Rakyat jangan tertipu. Rakyat jangan tertipu. Percayalah kepada pemimpin yang telah kau pilih.
Saudara-saudara,Jadi, saya dapat laporan bahwa beberapa BUMN yang sekian puluh tahun rugi-rugi, tahun ini mulai untung, Saudara sekailan. Mulai untung. Dulu saya juga waktu dilantik jadi presiden, minggu-minggu pertama saya kaget, kaget. Saya tidak pernah tahu bahwa BUMN kita begitu banyak, perkiraan saya dari dulu BUMN kita ya 300, maksimal 400. Begitu saya dilantik jadi presiden, baru saya diberi tahu BUMN kita seribu, 1.077. Itu pun jangan-jangan ada lagi anak perusahaan, ada lagi cucu perusahaan, ada lagi cicit perusahaan, dan itu adalah cara mereka untuk sembunyi,sembunyiinuang negara,sembunyiinuang rakyat, ini kita tertibkan. Sampai hari ini, kita sudah tutup 240 BUMN yang tidak beres, sudah kita tutup. Nanti akhir Juli ini, akan 250 BUMN kita tutup. Desember 31, 2026,  akan tutup jumlahnya 800 BUMN yang tidak efisien, yang tidak pernah untung, yang merugi terus kita tutup. Dari gaji direksi saja sampai sekarang,overheaddan gaji kita sudah bisa menghemat mendekati 70 triliun, 70 triliun sudah kita hemat.
Saudara-saudara,Banyak sekali perusahaan yang seolah-olah tadinya mau dijual, tadinya mau dijual ke asing, saya larang. Tadinya industri pertahanan mau dijual, PT PAL mau dijual, PT Pindad mau dijual, PT DI dibunuh mau dijual, kita bangkitkan. Sekarang, kita akan bangkitkan semua perusahaan-perusahaan itu. PT PAL sekarang sudah bisa bikin kapal-kapal perang yang hebat-hebat, PT PAL sekarang sudah bisa bikin kapal selam, PT PAL akan bikin kapal-kapal canggih, Saudara-saudara sekalian. Pindad sekarang, baru saja saya dapat laporan, dapat kontrak dari Arab Saudi. Semua senapan dan senapan mesin tentara Arab Saudi akan dibangun oleh PT Pindad, Saudara-saudara. Senjata kita teruji. Tentara kita Angkatan Darat 13 kali juara umum di pertandingan menembak Australia, 13 kali, ya? Tiga belas kali, pertandingan itu tiap tahun atau tiap dua tahun? Dua tahun sekali. Jadi, bayangkan sudah 26 tahun Tentara Indonesia juara menembak se-Asia Pasifik, yang ikut tentara Australia, tentara Amerika, tentara Jepang, Vietnam, tentara negara-negara hebat, tentara Malaysia, tentara Singapura. Tiap kali menang mereka curiga, jangan-jangan Indonesia curang. Mau curang apa? Pertandingan, pertandingan mereka. Panitianya, panitia mereka. Tempatnya, di tempat mereka. Sistem pertandingan, sistem pertandingan mereka susun. Prajurit kita juara. Artinya apa? Prajurit kita berarti anak-anak petani, enggak ada anak orang kaya mau jadi tentara. Ada, enggak? Artinya, prajurit Indonesia dikasih perlengkapan yang tepat, makan yang enggak dikorupsi, dikasih komandan yang baik, dikasih peluru yang cukup, latihan, dia juara. Juara antara tentara terbaik di dunia. Ini sekali lagi lambang, simbol,
Saudara-saudara,Kita dalam 18 bulan ini, pemerintahan yang saya pimpin, kita telah mencapai tonggak-tonggak bersejarah Untuk pertama kali dalam sejarah Republik Indonesia, kita bisa turunkan harga pupuk, Saudara-saudara sekalian. Untuk pertama kali dalam beberapa puluh tahun, kita sekarang sudah surplus, surplus beras. Bagaimana? Kita sudah surplus jagung belum? Sudah? Jagung pakan, pakan sudah. Terima kasih TNI dan Polri atas sumbangan Saudara-saudara. TNI dan Polri kerja keras untuk bantu kita swasembada, Saudara-saudara sekalian. Untuk pertama kali dalam sejarah, kita banyak merintis pertama kali dalam sejarah, untuk pertama kali dalam sejarah Republik Indonesia juga, kita sekarang punya dana kedaulatan kita sendiri,sovereign wealth fundyang namanya Danantara. Danantara sekarang sudah mungkin kelima terbesar di dunia. Dana ini adalah dana kekuatan ekonomi rakyat Indonesia, kita jadikan satu. Dulu banyak yang menentang,  sekarang sudah terbukti pelan-pelan kita perbaiki. Garuda tadinya mau dijual, saya larang. Sekarang sudah mulai bangkit, bulan depan sudah mulai untung dari sekian puluh tahun rugi. Saudara-saudara, pelan-pelan kita perbaiki ini semua, kita perbaiki semua kekurangan.
Saudara-saudara,Saya titip kepada instansi yang terkait, jaga bendungan-bendungan ini dengan baik, kelola dengan profesional, rawat dengan baik. Pastikan bahwa air yang dibutuhkan petani sampai ke petani. Para petani adalah produsen pangan, tanpa pangan, tidak ada negara.
Saudara-saudara sekalian,Setiap Rupiah uang rakyat harus dimanfaatkan dan dinikmati oleh rakyat Indonesia. Saya kira, demikian yang ingin saya sampaikan. Kita, saya yakin kita akan menjadi lumbung pangan dunia. Dari kita impor, impor, impor,  sekarang kita sudah mulai ekspor, ekspor pangan ke negara-negara lain. Kita sekarang diminta bantuan negara-negara, bahkan Australia minta bantuan, mohon kita bisa jual urea ke mereka, Brasil, Filipina, India. Jadi, Indonesia sekarang tanpa banyak gembar-gembor, kita menunjukkan bahwa Indonesia adalah negara yang sedang bangkit dan akan bangkit terus, Saudara-saudara sekalian.
Saya titip NTB, pimpinannya, para gubernur, bupati, para elite, pimpinlah dengan arif, pimpinlah dengan baik, pimpinlah dengan cinta kepada rakyat. Dasarnya adalah demikian, cintai rakyatmu, urus rakyatmu,  Gunakan kebijakan-kebijakan yang akal sehat, hindari niat jadi kaya di atas penderitaan rakyat kecil. Hindari, jauhi pikiran dan niat seperti itu. Jauhi, itu dosa yang paling, yang paling jahat. Jangan lupa, Saudara pemimpin adalah untuk melayani rakyat, bukan untuk buat rakyat lebih susah. Terima kasih. Saya mengajak semua unsur, mari kita bersatu, mari kita saling memaafkan kekurangan kita masing-masing. Kita punya kekurangan semuanya. Mari kita bersatu, mari kita maafkan. Kita bersatu. Kita berpikir baik, keluarkan kebaikan. Jangan berpikir jahat, jangan licik, jangan menipu, jangan bohong. Pemimpin yang suka bohong adalah bencana bagi rakyat, Saudara-saudara sekalian.
Saya kira cukup, ya. Sekian cukup, ya? Cukup, ya? Apa? Lanjut? Ada kopi? Minta izin ya, boleh, Pak? Kalau Ulama bilang boleh, ya saya minum lah. Itu baru kopi. Tapi, bahaya ini kalau saya minum kopi ini tiga jam pidato saya. Kuat dengar saya tiga jam? Kuat? Yang enggak kuat saya, berdiri. Yang senang itu media nungguin, Prabowo ngomong apa lagi nih? Dia senyum semua itu, benar? Iya, kan? Kalau aku, kalau aku baca pidato, kalian enggak senang. Kalau pidato ini sudah pasti bagus. Kalau tanpa teks,nungguini Prabowo salah ngomong. Enggak ada urusan ya, karena saya bicara dari hati saya.
Saya ingin Indonesia hebat. Saya ingin Indonesia rakyatnya makmur. Saya ingin rakyat yang paling miskin senyum, karena dia ada harapan. Saya tidak ingin lihat rakyat miskin. Saya tidak ingin lihat anak-anak lapar. MBG kita teruskan. Tapi, kita mengerti dan kita sadar banyak juga yang menyusup ke tubuhnya MBG untuk jadi maling di situ. Maka, saya minta Gubernur, Bupati Camat, Kepala Desa boleh memeriksa, semua dapur MBG Saudara periksa, laporkan ke Kepala BGN. Kalau perlu, lapor langsung ke saya. Gampang,  ngomong di TikTok, langsung aku kirim tim untuk selesaikan. Benar? Enggak usah susah-susah nomor telepon ini. Dandim, Kapolres, Kapolsek, silakan periksa. Periksa, periksa yang artinya baik. Janganmanggil-manggilmaungerjain,jangan. Saya sudah lama jadi orang Indonesia.Manggil-manggilminta setoran. Rakyat, awasi. Rakyat sekarang tidak bodoh, rakyat punyagadget.
Tapi, memang ya orang kalau maunyolong, ada aja, ada aja. Gue heran juga itu. Ayam, ayam tuh, ayam tuh biasanya itu bisa dipotong delapan. Kalau negara kaya kayak Amerika, satu orang, jadi ayam dipotong empat, satu orang makan seperempat ayam. Negara kaya itu. Kalau kita, ya satu ayam potong delapan atau 10 lah, paling, paling kecil 12 lah. Jangan pula dipotong 18 atau 22. Wah, ini ada wartawan. Kalau enggak, aku ingin ngomong. Enggak boleh-enggak boleh, nanti sayadimarahin. Disangka kita enggakngertiayam dipotong 12, 10, ayam dipotong 20 kelihatan. Jadi,  makannya kecil, sedikit, ayamnya kecil. Habis itu, Ibu Nanik kalau dengar pidato ini, Ibu Nanik ya, MBG jangan bikin telur dadar. Telur rebus atau ceplok. Kalau dadar biasanya itu dicampur macam-macam itu ya, itu bisa empat orang makan satu [telur] ayam itu. Apalagi apa itu namanyascrambleapa itu orek, apalagi orek itu, nanti oreknya sedikit lagi, ya.
Jadi, kita ini, Saudara-saudara, MBG ini adalah sangat strategis, karena ini makan untuk anak-anak kita, generasi penerus. Dia harus, sel otak harus berkembang dengan baik, sel tulang harus baik, sel otot harus baik. Dia berkembang sehat, dia bisa jadi petani yang sehat, dia bisa jadi pekerja yang baik, dia bisa jadi ilmuwan, dia bisa jadi dokter. Kalau dari kecil makannya enggak bagus, dia nanti tidak maksimal. Kita mungkin satu-satunya negara yang memberi makan kepada Ibu-ibu hamil. Coba dicek ada, enggak? Kita… Apa? Apa? Oh, ada yang belum sampai. Iya, itu saya minta kesabaran, karena itu memang perjuangan kita. Mungkin baru sampai semua, saya berharap akhir tahun atau awal tahun depan. Negara kita besar sekali. Negara kita besar sekali, pasti ada desa-desa yang belum terima. Saya paham itu, iya.
Baik, saya kira cukup sekian. Terima kasih perhatian Saudara. Bendungan-bendungan ini hanya simbol, kita perlu berjuang lebih keras lagi. Kita perlu bendungan-bendungan lebih banyak, kita perlu bendungan-bendungan lebih besar. Kita akan bangun nanti tenaga surya 100 Gigawatt. Kita akan melaksanakan pembangunan besar-besaran. Orang-orang nanti akan lihat Indonesia itu bagaimana, Indonesia yang bangkit itu bagaimana. Kita akan buktikan Indonesia akan bangkit menjadi negara yang hebat. Terima kasih.
Wassalamu’alaikum warahmatullahi wabarakatuh,Salam sejahtera bagi kita sekalian,Syalom,Om santi santi santi om.
Terima kasih. Selesai.Merdeka!Terima kasih semua, Saudara-saudara sekalian.
Bismillahirrahmanirrahim.Pada siang hari ini, Jumat, 10 Juli 2026, dengan rahmat Tuhan Yang Mahabesar, saya Prabowo Subianto, Presiden Republik Indonesia, dengan ini saya resmikan Bendungan Meninting Provinsi Nusa Tenggara Barat, Bendungan Rukoh dan Keureuto Provinsi Aceh, Bendungan Jlantah Provinsi Jawa Tengah, Bendungan Sidan Provinsi Bali.
Kamis, 30 Juli 2026
Kamis, 30 Juli 2026
Rabu, 29 Juli 2026
Rabu, 22 Juli 2026
Senin, 20 Juli 2026"
Keterangan Pers Presiden RI pada Kunjungan ke Candi Prambanan dengan Perdana Menteri India,https://www.setneg.go.id/baca/index/keterangan_pers_presiden_ri_pada_kunjungan_ke_candi_prambanan_dengan_perdana_menteri_india,"Bismillahirrahmanirrahim.
Assalamualaikum warahmatullahi wabarakatuh,Salam sejahtera bagi kita sekalian,Syalom,Salve,Om swastiastu.Namo Buddhaya,Salam kebajikan,Rahayu-rahayu.
Your Excellency Prime Minister Narendra Modi and the India Delegation;All of the Indian Community in Indonesia;Members of the Indonesian Government, from the Provincial Government.
Namaskar.
Hari ini, saya berkesempatan mendampingi Yang Mulia Perdana Menteri Republik India, Bapak Narendra Modi, mengunjungi Candi Prambanan, salah satu mahakarya peradaban dunia sekaligus warisan budaya yang menjadi kebanggaan tidak hanya bangsa Indonesia, tapi juga kebanggaan dunia.
Kunjungan ini memiliki makna yang sangat istimewa. Candi Prambanan bukan hanya simbol kejayaan sejarah dan kebudayaan Indonesia, tapi juga menjadi pengingat akan kuatnya hubungan peradaban yang telah terjalin antara Indonesia dan India selama lebih dari 1.000 tahun.
Hubungan kedua bangsa tidak hanya dibangun melalui kerja sama politik, ekonomi, dan pertahanan, tapi juga berakar kuat pada nilai-nilai budaya, ilmu pengetahuan, dan saling menghormati antara sesama. Jejak sejarah tersebut masih dapat kita lihat dan rasakan hingga hari ini.
Candi Prambanan bukan hanya bangunan sejarah. Ia adalah simbol peradaban besar Nusantara yang menjunjung tinggi ilmu pengetahuan, seni, spiritualitas, dan kemanusiaan. Candi Prambanan juga memiliki makna khusus bagi bangsa Indonesia dan bangsa India karena relief kisah Ramayana yang terukir di dinding-dindingnya menjadi saksi dari kedekatan peradaban kedua bangsa kita.
Saya berharap kunjungan ini akan semakin mempererat persahabatan antara rakyat Indonesia dan rakyat India. Budaya adalah jembatan yang mampu menyatukan bangsa-bangsa, memperkuat saling pengertian, serta membangun kepercayaan untuk menghadapi masa depan bersama.
Pada kesempatan yang berbahagia ini, saya menyambut baik kesepakatan konservasi dan restorasi Kompleks Candi Prambanan antara Pemerintah Republik Indonesia dan Pemerintah Republik India.
Atas nama pemerintah dan rakyat Indonesia, saya ucapkan terima kasih yang setinggi-tingginya kepada Perdana Menteri Narendra Modi atas kunjungan kenegaraannya di Indonesia kali ini selama tiga hari. Semoga persahabatan Indonesia dan India semakin kokoh, semakin erat, dan terus menghasilkan kerja sama yang nyata, serta saling menguntungkan bagi kedua negara dan kedua rakyat kita.
Terima kasih.Dhanyavaad.
Kamis, 30 Juli 2026
Kamis, 30 Juli 2026
Rabu, 29 Juli 2026
Rabu, 22 Juli 2026
Senin, 20 Juli 2026"
